robot_x,robot_y,robot_theta,goal_x,goal_y,distance_to_goal,angle_error,front_sensor,left_sensor,right_sensor,v,omega
6.884975375243822,5.856602709722614,-1.4916455844811298,8.0,6.0,1.1242075861119036,1.619548129983276,0.5,0.5,0.5,0.5621037930559518,0.809774064991638
-0.7491874227241069,-0.6919343620256129,-2.3563759728934253,8.0,6.0,11.0150018639859,3.0093220717172935,0.5,0.5,0.5,1.0,1.5046610358586467
2.4456008162105123,4.56738833132336,-0.4039719156996597,8.0,6.0,5.736176992223113,0.6563942442864698,0.006705820431810561,0.0033470624529009507,0.18057049376405498,0.25,-1.5707963267948966
6.665944636212492,1.9958745864350993,-0.01536270781696339,8.0,6.0,4.220512296061523,1.264555285162515,0.5,0.5,0.5,1.0,0.6322776425812575
0.42501637885336363,1.1956071294042996,-2.372373920385099,8.0,6.0,8.970092960258025,2.937593473704929,0.5,0.5,0.5,1.0,1.4687967368524646
5.987479954875734,3.714145840269202,1.1062777666807802,8.0,6.0,3.045548583028281,-0.257374993029308,0.5,0.5,0.5,1.0,-0.128687496514654
2.4416875470742476,0.0054184252601565674,2.3528649999726436,8.0,6.0,8.17495232894724,-1.5297220151458875,0.5,0.5,0.5,1.0,-0.7648610075729437
-0.6292026698307913,5.3073628143376075,2.195237915648681,8.0,6.0,8.656955873052443,-2.1151429818205885,0.5,0.5,0.5,1.0,-1.0575714909102942
7.016613782489188,1.9355626008005906,2.594538076268722,8.0,6.0,4.181710155522628,-1.2611286845427705,0.5,0.5,0.5,1.0,-0.6305643422713852
0.21429032120609826,2.935282902373511,-1.6891578520460429,8.0,6.0,8.367183880550801,2.0641639524934097,0.5,0.19460200895187466,0.5,0.5,-1.2217304763960306
5.829332796910931,5.132127947750075,1.0915225610324775,8.0,6.0,2.3377335189544204,-0.711172997991794,0.5,0.5,0.5,1.0,-0.355586498995897
4.6286833580966,6.5560226895405025,0.5587949838377911,8.0,6.0,3.416860712885246,-0.7222509840885267,0.5,0.5,0.5,1.0,-0.36112549204426336
6.203221367091179,2.6322078110025338,0.2646065267246818,8.0,6.0,3.817124268863936,0.816088509854169,0.5,0.5,0.5,1.0,0.4080442549270845
4.748502389852257,3.3231282429278046,-1.7160950877566763,8.0,6.0,4.211636156247031,2.4048669539452407,0.3353623460830857,0.5,0.11901327472636625,0.25,1.5707963267948966
0.3967864730526178,0.3962291182413322,3.076058031598953,8.0,6.0,9.44516299656083,-2.4409117102066866,0.5,0.5,0.5,1.0,-1.2204558551033433
1.293029560030964,0.763615633710673,-2.0715212663676206,8.0,6.0,8.509005448002588,2.7344060220849857,0.5,0.5,0.5,1.0,1.3672030110424929
5.669520835230539,0.9343680197117656,-0.3940208751769156,8.0,6.0,5.575998609858458,1.5336314638315331,0.5,0.5,0.5,1.0,0.7668157319157666
-0.44799923796736585,-0.23434204827610916,1.2265013442646193,8.0,6.0,10.499319592221237,-0.5907461390698187,0.5,0.5,0.5,1.0,-0.2953730695349093
1.8951729546647638,2.0166213186139075,-0.7008534690422158,8.0,6.0,7.289459443112209,1.2789817429638581,0.5,0.5,0.5,1.0,0.6394908714819291
6.991326177091931,0.14277188088477377,1.9736441815791856,8.0,6.0,5.943445475511159,-0.5733852438446134,0.5,0.5,0.5,1.0,-0.2866926219223067
4.209046070130837,0.7259259183425666,0.6720742442761479,8.0,6.0,6.495166596570187,0.27549610070119285,0.060280002698976765,0.06285674369326943,0.5,0.25,-1.5707963267948966
2.5205379444732534,-0.32290994031778375,-1.5365824112148772,8.0,6.0,8.366821052904552,2.3933235554742023,0.5,0.5,0.5,1.0,1.1966617777371011
0.20699748308610033,6.589145074007706,-2.4341868649326126,8.0,6.0,7.8152402488249795,2.3587311549751258,0.5,0.5,0.5,1.0,1.1793655774875629
0.7516682347761945,-0.319890518441893,0.12253566978145583,8.0,6.0,9.616617364949288,0.5945413685363056,0.5,0.5,0.5,1.0,0.2972706842681528
1.7622006527919116,4.268872297957165,2.280382417947302,8.0,6.0,6.4735572768617535,-2.009672867440037,0.5,0.5,0.5,1.0,-1.0048364337200184
7.6367206502002745,1.9179512650575923,-0.23359801114378767,8.0,6.0,4.098181762737693,1.7156338042110522,0.5,0.09792029980258432,0.5,0.5,-1.2217304763960306
4.397024506408748,3.7509274305033493,-0.5220918757755161,8.0,6.0,4.247323843349056,1.0801347305918343,0.5,0.5,0.2280052648490397,0.5,1.2217304763960306
7.263097845439477,1.7912269919195118,-2.193122260729542,8.0,6.0,4.272797095456655,-2.6925969644631733,0.5,0.5,0.5,1.0,-1.3462984822315867
2.8335768722816823,1.2883509274066212,-1.6717135618057457,8.0,6.0,6.9922503471981585,2.411105465477694,0.5,0.5,0.5,1.0,1.205552732738847
3.3677558905111615,6.654603684430773,-1.2125179550308933,8.0,6.0,4.67826799933099,1.0721329260591983,0.5,0.5,0.5,1.0,0.5360664630295991
0.11405428658155303,0.5726556778291014,2.9168890164075387,8.0,6.0,9.573098045376089,-2.314106144547087,0.5,0.5,0.5,1.0,-1.1570530722735435
5.394659846450692,6.698091045470993,-1.1817865579369273,8.0,6.0,2.6972445983750006,0.9199899436301496,0.5,0.44002757543885096,0.5,0.5,-1.2217304763960306
-0.6351403331535715,1.8295013951201113,-2.055643882567187,8.0,6.0,9.589510268338039,2.5055734886693486,0.5,0.5,0.5,1.0,1.2527867443346743
2.366492320660443,3.2412056185586353,0.4252498586518704,8.0,6.0,6.272747022816255,0.030133252296363055,0.5,0.3833944388511964,0.5,0.5,-1.2217304763960306
2.995149669904535,1.7743954719596369,2.6166847194321305,8.0,6.0,6.550134384426927,-1.9155080249512195,0.5,0.5,0.5,1.0,-0.9577540124756098
2.7649049395521126,3.268134844339242,0.5316934200189092,8.0,6.0,5.905023922105587,-0.05072938619776595,0.5,0.5,0.5,1.0,-0.025364693098882975
6.012819163070722,-0.34817622740096876,2.4075083232086962,8.0,6.0,6.6519342369567775,-1.1400812503736708,0.5,0.5,0.5,1.0,-0.5700406251868354
5.161497971300397,4.898636815812339,1.9355662925858652,8.0,6.0,3.0446830098412123,-1.565439883097572,0.02279502930424604,0.03701113746455925,0.029602099944651905,0.25,-1.5707963267948966
7.034590378048852,1.398252774887606,1.2137046671857497,8.0,6.0,4.701924421126469,0.15029871581040702,0.5,0.5,0.5,1.0,0.07514935790520351
4.964122329822168,0.9733695125440516,-1.1495805513449133,8.0,6.0,5.872271050088373,2.177051585633982,0.5,0.5,0.5,1.0,1.088525792816991
2.478925851333639,3.4523836551549048,0.3412770594499247,8.0,6.0,6.0805105703052496,0.09104534467736376,0.5,0.16704808882000471,0.5,0.5,-1.2217304763960306
1.0252123994242366,4.891097958362421,-2.8482085109674027,8.0,6.0,7.062388109633554,3.005876110563616,0.5,0.5,0.47355733563011837,0.5,1.2217304763960306
7.403416640620385,5.132924318570776,1.4107218198400429,8.0,6.0,1.0524884522001274,-0.4425799066403475,0.5,0.5,0.5,0.5262442261000637,-0.22128995332017376
3.2794858125374313,3.7361094904823613,-2.487026548889959,8.0,6.0,5.235308437247936,2.9342096480004765,0.5,0.5,0.44062059552942645,0.5,1.2217304763960306
5.174942612955064,3.0464396652080907,0.5820029029023024,8.0,6.0,4.08710996810133,0.22562925797725925,0.5,0.5,0.5,1.0,0.11281462898862962
0.3760355066119754,-0.8288078601365729,0.6947794488509672,8.0,6.0,10.23510876283708,0.035656540366458316,0.5,0.5,0.5,1.0,0.017828270183229158
7.184029564577417,3.0601737887024507,-1.1058690240744014,8.0,6.0,3.0509647497334056,2.40592313016402,0.5,0.4174212971686019,0.5,0.5,-1.2217304763960306
7.4987286995523945,3.5111390832700335,-2.8724737856368674,8.0,6.0,2.5388386280893007,-2.0386622259430447,0.5,0.5,0.2081695138696784,0.5,1.2217304763960306
7.818810445661155,-0.8645071047462292,0.5863934665578856,8.0,6.0,6.866897949271779,0.9580138579782189,0.5,0.5,0.5,1.0,0.47900692898910946
4.857275326312601,3.646618269569819,2.653039429037841,8.0,6.0,3.926209870056123,-2.010284439335753,0.5,0.413198785517188,0.5,0.5,-1.2217304763960306
0.40517236136439294,1.1393038230362977,-0.6491276255006357,8.0,6.0,9.017082354361241,1.2184414226572455,0.5,0.5,0.5,1.0,0.6092207113286228
-0.07250556565806932,-0.5114450199974483,1.5153882587821506,8.0,6.0,10.371319219657163,-0.8366237025890162,0.5,0.5,0.5,1.0,-0.4183118512945081
1.8799499133728337,3.1762996490360056,2.133151266843567,8.0,6.0,6.740051686364088,-1.7008698705121676,0.5,0.22281480524781794,0.5,0.5,-1.2217304763960306
1.0232431423424595,4.990209403505555,2.747647421035303,8.0,6.0,7.04945482286681,-2.6039091914162094,0.3836230080665062,0.5,0.3944821945279899,0.25,1.5707963267948966
1.2735727572503146,5.405160572425822,-2.7077884395823197,8.0,6.0,6.752677794519883,2.7959921781345782,0.5,0.5,0.40039034031505916,0.5,1.2217304763960306
-0.4131257610332266,-0.5879508404008718,2.1528996623637506,8.0,6.0,10.68558755270385,-1.4885759930042908,0.5,0.5,0.5,1.0,-0.7442879965021454
2.341966676053746,-0.7026966754746704,0.4940388643650551,8.0,6.0,8.77151548013828,0.37567363209649596,0.5,0.5,0.5,1.0,0.18783681604824798
4.303765273448635,6.743143127550051,-2.2589572314324418,8.0,6.0,3.7702006394606,2.0605483245401848,0.5,0.5,0.5,1.0,1.0302741622700924
-0.36797229546383414,4.038904541908653,-1.481698672783401,8.0,6.0,8.594699281149794,1.711901488957095,0.5,0.5,0.5,1.0,0.8559507444785475
5.1294499045519775,4.387200692715662,2.726031986314237,8.0,6.0,3.29259463889096,-2.214141532395006,0.5,0.5,0.5,1.0,-1.107070766197503
0.5680353169931165,6.377118129239036,-1.7078333506811632,8.0,6.0,7.441526532430181,1.6571341111806661,0.4816397154227636,0.5,0.5,0.1,0.8726646259971648
3.5645859284796035,6.855295327221965,2.4495235314205845,8.0,6.0,4.517126086640583,-2.6400185880884455,0.5,0.5,0.5,1.0,-1.3200092940442227
-0.3554371372282493,3.902228355476862,-2.8434587636290267,8.0,6.0,8.614753370047124,3.0894410841448403,0.5,0.5,0.5,1.0,1.5447205420724202
-0.8671738369894063,4.924805083050622,-2.846985585964198,8.0,6.0,8.93212270206938,2.9676521516812673,0.5,0.5,0.5,1.0,1.4838260758406336
2.496794858521144,2.4049001717432414,3.1182805465886436,8.0,6.0,6.5734321023595506,-2.539607314702495,0.5,0.5,0.5,1.0,-1.2698036573512475
7.67528014771583,6.492884224767615,-2.290587636823791,8.0,6.0,0.5902354119266536,1.3023388977846764,0.5,0.5,0.47736180744075407,0.5,1.2217304763960306
6.263222096799565,3.452973265211879,-2.727545582829838,8.0,6.0,3.0828140833937323,-2.5833075220956148,0.5,0.5,0.5,1.0,-1.2916537610478074
3.631501353880121,5.6660300024889585,-1.2188971684970762,8.0,6.0,4.381245984921269,1.295198356322669,0.5,0.5,0.234105038826103,0.5,1.2217304763960306
1.3105442714098436,-0.8328066099864326,-0.0890575220408746,8.0,6.0,9.562220668560308,0.8850563902674803,0.5,0.5,0.5,1.0,0.44252819513374014
6.4699319478257475,1.763645948309521,2.603254668757805,8.0,6.0,4.504198474263611,-1.3790543248851863,0.02609390580149451,0.0351019585349609,0.04127060954860795,0.25,-1.5707963267948966
0.08587286843188036,8.438960016032837e-05,0.48989613040317515,8.0,6.0,9.93138437412138,0.15878617344440527,0.5,0.5,0.5,1.0,0.07939308672220263
2.1785278162192636,2.094333412376435,-1.6185763381156955,8.0,6.0,7.010261755470473,2.209508832337391,0.5,0.5,0.5,1.0,1.1047544161686955
3.0334234181670325,6.778638422215131,2.8510868233591413,8.0,6.0,5.027241861673388,-3.0065966762354384,0.5,0.5,0.5,1.0,-1.5032983381177192
6.0404359057828145,-0.7257079369501254,-0.45580821898902457,8.0,6.0,7.005357856134055,1.7430983150775645,0.5,0.5,0.5,1.0,0.8715491575387823
3.0100795605542503,6.947155304935263,-2.4829795605196785,8.0,6.0,5.079016554773717,2.295397420608728,0.5,0.5,0.5,1.0,1.147698710304364
5.956246365159064,2.9567848383837916,2.238123033412788,8.0,6.0,3.6657996999040066,-1.2587211457751637,0.5,0.5,0.5,1.0,-0.6293605728875818
4.801239286984593,3.85688784997694,1.6495998780699923,8.0,6.0,3.8503246339376758,-1.0593055436681942,0.5,0.5,0.5,1.0,-0.5296527718340971
-0.07534075825471553,2.677964860917175,-2.752187587207904,8.0,6.0,8.731955441207363,-3.1407195013195808,0.5,0.5,0.5,1.0,-1.5703597506597904
7.571313516122231,-0.823445107872673,-2.83064846761914,8.0,6.0,6.836898071611936,-1.9444835690947924,0.5,0.5,0.5,1.0,-0.9722417845473962
4.067452411787036,3.8654186912727946,2.1278440360108966,8.0,6.0,4.47452432076608,-1.63054654156059,0.5,0.5,0.5,1.0,-0.815273270780295
1.544614575148925,1.3128295679683788,0.9755514190456733,8.0,6.0,7.9775665238399105,-0.347531201801389,0.5,0.5,0.5,1.0,-0.1737656009006945
4.552211032851851,0.09525106272605299,-2.301829912927088,8.0,6.0,6.837639122842497,-2.9390569752273126,0.5,0.5,0.5,1.0,-1.4695284876136563
7.874121476615928,-0.8478536359557545,2.5145183922913756,8.0,6.0,6.849010499489821,-0.9621021820454988,0.5,0.5,0.5,1.0,-0.4810510910227494
0.904686561772726,1.4983277449624914,2.7751304074172167,8.0,6.0,8.402887948703292,-2.2097593403324494,0.5,0.5,0.5,1.0,-1.1048796701662247
3.981624032601985,-0.5808098744951824,-1.853509602182778,8.0,6.0,7.710668195404029,2.8761139738319486,0.5,0.5,0.5,1.0,1.4380569869159743
1.992380076129411,5.465661229361642,1.816707167533884,8.0,6.0,6.031336093395407,-1.7279970983147412,0.5,0.5,0.5,1.0,-0.8639985491573706
4.062922955338886,0.9234198583518225,-1.0237049589829128,8.0,6.0,6.424347561439537,1.934855649419435,0.5,0.02527837278629469,0.5,0.5,-1.2217304763960306
6.794104888932781,0.17598343424041119,1.4490866899358297,8.0,6.0,5.947550081936085,-0.08246083545992483,0.5,0.5,0.5,1.0,-0.041230417729962415
1.4864661390580651,5.248732334268992,2.2109744602451644,8.0,6.0,6.556716134103265,-2.0961423887484942,0.5,0.5,0.5,1.0,-1.0480711943742471
-0.5578486813008232,5.773224604527632,2.7063822996336753,8.0,6.0,8.560852827378469,-2.6798893870474196,0.5,0.5,0.5,1.0,-1.3399446935237098
-0.45920301941538,2.6746532837559513,-1.1509631580029074,8.0,6.0,9.089336967398742,1.5255106256386035,0.5,0.5,0.5,1.0,0.7627553128193018
2.8548085731604473,3.7230038552327684,-0.08869375345994861,8.0,6.0,5.626518129545844,0.5053336601473376,0.5,0.5,0.5,1.0,0.2526668300736688
5.9077957820070655,5.622748816693115,0.3038398108486264,8.0,6.0,2.1259437775006824,-0.12544391386971626,0.5,0.3618820844981727,0.5,0.5,-1.2217304763960306
6.7850206725399715,3.472903220549698,2.69863621627015,8.0,6.0,2.8039958806787344,-1.5759941704537932,0.5,0.5,0.09874769018308571,0.5,1.2217304763960306
1.8250309505418083,0.19780624754707965,3.0311028471893926,8.0,6.0,8.473234040363236,-2.2768184796679765,0.5,0.5,0.5,1.0,-1.1384092398339882
7.658320158713758,-0.5348971686890849,-2.4264917118621803,8.0,6.0,6.543823509178866,-2.338135120887922,0.5,0.5,0.5,1.0,-1.169067560443961
7.1487742453262,-0.3727545622468833,-1.6649764613725861,8.0,6.0,6.429353466411568,3.1029861206180067,0.5,0.5,0.5,1.0,1.5514930603090034
0.16178123503806408,-0.09262624291165267,-2.891710761062593,8.0,6.0,9.927626500992933,-2.730730824770855,0.5,0.5,0.5,1.0,-1.3653654123854275
5.538406343038459,1.610510862783519,-2.4584124241581193,8.0,6.0,5.03259954871583,-2.765068163650904,0.5,0.5,0.5,1.0,-1.382534081825452
2.1887914754270557,1.0414120344476938,0.922913726455704,8.0,6.0,7.639223725496551,-0.21651853704578888,0.5,0.5,0.5,1.0,-0.10825926852289444
0.6861968679080985,0.43783266461153847,-2.5322446255414115,8.0,6.0,9.188548401236165,-3.100751634284411,0.5,0.5,0.5,1.0,-1.5503758171422055
3.8550308185534394,0.9674313742521408,1.1313471415671956,8.0,6.0,6.519778868029457,-0.24953450882534503,0.3622980831474602,0.5,0.1856190002792007,0.25,1.5707963267948966
1.905626192843287,5.598483129487665,3.0146695265769248,8.0,6.0,6.107586094249006,-2.9488813995942698,0.5,0.5,0.5,1.0,-1.4744406997971349
4.3103277544682275,0.6591870903243979,1.3100590454492527,8.0,6.0,6.491376111088083,-0.34381771624847435,0.07335567104349638,0.1266466700160426,0.10215785379062908,0.25,-1.5707963267948966
0.3653678967142455,6.030597295056674,-1.6608541057116888,8.0,6.0,7.634693415389138,1.6568464297909515,0.1600433346817447,0.17110459974664521,0.5,0.25,-1.5707963267948966
5.970838595034283,4.762022465091414,2.2707352821288156,8.0,6.0,2.3769906151141575,-1.7229273605013833,0.5,0.5,0.5,1.0,-0.8614636802506916
2.9478119232093873,6.860788471926895,-2.7010621518969753,8.0,6.0,5.124993771378407,2.5323033325138087,0.5,0.5,0.5,1.0,1.2661516662569043
6.796305123656901,2.608955446662611,1.9262935665554495,8.0,6.0,3.598341912333207,-0.6965864564061808,0.5,0.5,0.5,1.0,-0.3482932282030904
-0.3650045694386991,5.584865742897876,1.8967220265638267,8.0,6.0,8.375299272154402,-1.8471352096552447,0.5,0.5,0.5,1.0,-0.9235676048276223
-0.4945428170404409,1.6613164909430633,-1.3949310225751275,8.0,6.0,9.538418750626121,1.8671505418396797,0.5,0.5,0.5,1.0,0.9335752709198398
6.360093471812212,-0.38861096417470886,2.0741808144294396,8.0,6.0,6.595729184310574,-0.7546516956922472,0.5,0.5,0.5,1.0,-0.3773258478461236
3.769812443031249,-0.32069159931642854,-0.7158962620887183,8.0,6.0,7.605631404479349,1.6968965854134892,0.5,0.5,0.5,1.0,0.8484482927067446
3.3888194976042874,-0.7961368835320162,2.99963676988259,8.0,6.0,8.212823032634919,-2.024990838389318,0.5,0.5,0.5,1.0,-1.012495419194659
0.9437587199788231,0.9585458627546153,1.2242883693516966,8.0,6.0,8.672185469639329,-0.6039186093052293,0.5,0.5,0.5,1.0,-0.30195930465261467
5.096971708928328,-0.5743370039380666,-2.208760336787334,8.0,6.0,7.186757286851411,-2.9194498887703535,0.5,0.5,0.5,1.0,-1.4597249443851767
7.538693305227275,4.005105258378868,0.17069655635193978,8.0,6.0,2.0475372760440234,1.1728505596891508,0.5,0.5,0.5,1.0,0.5864252798445754
0.8175362774304271,-0.9979628907422438,-0.19522998384301984,8.0,6.0,10.027924498431043,0.967617930633377,0.5,0.5,0.5,1.0,0.4838089653166885
3.4930279523734615,1.5779973666557758,1.5861164965577705,8.0,6.0,6.314024416122431,-0.8102341905346403,0.5,0.5,0.5,1.0,-0.40511709526732015
-0.39231617039251965,2.660481132724282,-1.6009313118324733,8.0,6.0,9.032350578267113,1.9796482809554312,0.5,0.5,0.5,1.0,0.9898241404777156
2.755423219718701,0.7204844699272153,1.204180367489456,8.0,6.0,7.441698047928677,-0.4154623337980704,0.5,0.5,0.5,1.0,-0.2077311668990352
4.623147346451517,-0.1140523094755661,0.6653534621277214,8.0,6.0,6.984609472746557,0.40082781842114734,0.5,0.5,0.5,1.0,0.20041390921057367
-0.46597245724697955,-0.8834286675793663,0.0701667274756788,8.0,6.0,10.91119974468976,0.6124931042227354,0.5,0.5,0.5,1.0,0.3062465521113677
3.288618676581854,6.119549137018215,0.4444793297393996,8.0,6.0,4.712897831569778,-0.46984842656976594,0.5,0.5,0.5,1.0,-0.23492421328488297
2.174368775647215,4.572143861237939,-1.2324564684133672,8.0,6.0,5.998062380065301,1.472817092810117,0.26536576648402926,0.4021587977737835,0.5,0.25,-1.5707963267948966
5.815093581876618,1.1501162757208503,-1.6015565129463334,8.0,6.0,5.319322155593187,2.7490773975040503,0.5,0.5,0.5,1.0,1.3745386987520252
3.6407672825014252,1.5300830041386888,1.5990638506250874,8.0,6.0,6.243642193079278,-0.8011301108439798,0.5,0.5,0.5,1.0,-0.4005650554219899
5.521952537111894,-0.8330885163737944,0.25292886691673666,8.0,6.0,7.268549917344284,0.9699642899168089,0.5,0.5,0.5,1.0,0.48498214495840447
1.4800966498009736,2.413380824825503,-2.28188973749281,8.0,6.0,7.441302090606581,2.7848121158140713,0.5,0.5,0.11148807486561652,0.5,1.2217304763960306
7.02807345543137,2.2997450684585807,2.1417212835916986,8.0,6.0,3.8257715256446914,-0.8277874125388686,0.5,0.5,0.5,1.0,-0.4138937062694343
4.227286969948804,4.135580412055007,1.4495986724209333,8.0,6.0,4.208256647001351,-0.9906135773312621,0.5,0.5,0.5,1.0,-0.49530678866563105
-0.7764219699454429,4.195381501703525,-2.359838580730425,8.0,6.0,8.960035185139335,2.562633260490956,0.5,0.5,0.5,1.0,1.281316630245478
7.810199888625537,3.335089903599691,2.6458875070308276,8.0,6.0,2.6716605143943837,-1.1461930760377645,0.5,0.5,0.5,1.0,-0.5730965380188823
3.820511587732292,-0.904208521505768,-0.4876998301523696,8.0,6.0,8.07070125185618,1.5141493834195816,0.5,0.5,0.5,1.0,0.7570746917097908
4.428939176472462,6.629832791825153,1.6401095551989047,8.0,6.0,3.626177705379515,-1.8146855042543466,0.5,0.5,0.5,1.0,-0.9073427521271733
3.0894547014959874,6.863804881458433,-2.310344426622711,8.0,6.0,4.9859416364305025,2.1362177432707536,0.5,0.5,0.5,1.0,1.0681088716353768
0.6590664405773938,0.5690167912271278,0.15800865201467704,8.0,6.0,9.131532409066395,0.4789465680023048,0.5,0.5,0.5,1.0,0.2394732840011524
6.595609366979001,5.6672766356870525,1.8819795337409269,8.0,6.0,1.4432663951179803,-1.6493521155121738,0.14147400627853757,0.40248303342193126,0.174218546916881,0.25,-1.5707963267948966
7.228333674848377,5.3477379935200835,-2.2299285140078124,8.0,6.0,1.0104032078681344,2.931666835186108,0.5,0.5,0.5,0.5052016039340672,1.465833417593054
-0.7154443993283489,-0.58283335926098,-1.3526093204299885,8.0,6.0,10.922118206354622,1.9994980613548696,0.5,0.5,0.5,1.0,0.9997490306774348
-0.32780481130687866,5.29435862075731,0.7191807311744861,8.0,6.0,8.357646961395625,-0.634649469240756,0.5,0.5,0.5,1.0,-0.317324734620378
4.683921158904397,0.07656235959379298,1.4096970374360558,8.0,6.0,6.788482331135805,-0.34925456236284674,0.5,0.5,0.5,1.0,-0.17462728118142337
4.13144265508261,4.701270772376311,-0.02963082150327544,8.0,6.0,4.080739337129769,0.35352252876457124,0.5,0.5,0.5,1.0,0.17676126438228562
3.14704772403611,0.5895255031750848,-2.669910553650424,8.0,6.0,7.268038254823369,-2.7736086712949133,0.5,0.5,0.5,1.0,-1.3868043356474566
1.4331663871524278,4.357594355165638,-2.010492049790211,8.0,6.0,6.76910629263631,2.25557064098774,0.5,0.5,0.5,1.0,1.12778532049387
3.4030615978392067,-0.6963792702990705,1.5104992387239433,8.0,6.0,8.122397306519286,-0.5412981102285811,0.5,0.5,0.5,1.0,-0.27064905511429055
6.4616716300704855,-0.5433816877471687,-1.862933992539653,8.0,6.0,6.7217778961577554,-3.0803587199359224,0.5,0.5,0.5,1.0,-1.5401793599679612
7.096205399651653,4.9208812915561735,0.9236499966844811,8.0,6.0,1.4076014586992653,-0.05006372910582539,0.5,0.5,0.5,0.7038007293496327,-0.025031864552912696
2.386331451087021,-0.025345221696414733,-3.1043639016210323,8.0,6.0,8.235172106135645,-2.3580675727337423,0.5,0.5,0.5,1.0,-1.1790337863668712
-0.5748102557654101,1.1904195814827734,-0.20600456501572514,8.0,6.0,9.83155301692281,0.7171750447706935,0.5,0.5,0.5,1.0,0.35858752238534675
7.62142107120464,4.177449455005299,-2.5506356766277194,8.0,6.0,1.861454402983947,-2.3665601325009824,0.1561521995624165,0.5,0.17112156101321746,0.25,1.5707963267948966
2.2436664328451306,5.190939882180823,-1.53142737506113,8.0,6.0,5.812912730344356,1.6710639695750653,0.5,0.09277209486341176,0.5,0.5,-1.2217304763960306
1.674279008940991,4.019936708936706,2.44688520569261,8.0,6.0,6.628378134456496,-2.143528671183552,0.5,0.5,0.5,1.0,-1.071764335591776
7.941098052048666,5.738982107035324,-0.1017006364787658,8.0,6.0,0.2675813519664269,1.4505520418822957,0.5,0.5,0.5,0.13379067598321345,0.7252760209411478
2.201267555183184,0.641128544968999,-2.9497845662289905,8.0,6.0,7.895745768331024,-2.5874047052903357,0.5,0.5,0.5,1.0,-1.2937023526451679
5.321407458530758,3.8631324296351996,1.4399637368695382,8.0,6.0,3.4265231673653425,-0.7665916051572315,0.5,0.5,0.5,1.0,-0.38329580257861573
6.375584172791238,0.8018289588400558,-2.556907662144988,8.0,6.0,5.446072800912615,-2.458363974277834,0.5,0.5,0.5,1.0,-1.229181987138917
-0.3752806343498737,-0.48673226421094373,-2.8565318926824808,8.0,6.0,10.593536764068517,-2.7676500223703315,0.5,0.5,0.5,1.0,-1.3838250111851658
0.5624251937478477,3.9701958913374416,-0.3070805487997143,8.0,6.0,7.709579996221594,0.5735046150824051,0.5,0.5,0.36513648376872065,0.5,1.2217304763960306
6.093981845281237,4.733351871239869,-0.20989304428335873,8.0,6.0,2.288515389550409,0.796430201153278,0.5,0.5,0.5,1.0,0.398215100576639
-0.9050120941638665,-0.9240263032252702,2.3455382499122672,8.0,6.0,11.280132120013494,-1.684641628355017,0.5,0.5,0.5,1.0,-0.8423208141775085
1.3055915183738591,4.38654460806779,-1.981355507042217,8.0,6.0,6.886097822469787,2.217860344009576,0.5,0.5,0.5,1.0,1.108930172004788
-0.9962375317960102,-0.9028590497543671,1.6927674492061253,8.0,6.0,11.339389436352866,-1.0382827486044255,0.5,0.5,0.5,1.0,-0.5191413743022127
3.6672749445995363,3.9674150363191734,3.005401634606285,8.0,6.0,4.785802758187631,-2.5667585580254393,0.5,0.5,0.5,1.0,-1.2833792790127196
2.191846041554283,5.360908082776878,2.0836579914003663,8.0,6.0,5.843208954304866,-1.9740652957368259,0.5,0.5,0.5,1.0,-0.9870326478684129
7.288080162417183,0.3349969813315914,0.37171000286693834,8.0,6.0,5.709561196507673,1.0740718812900523,0.5,0.5,0.5,1.0,0.5370359406450261
6.23559190670331,0.39678820231324696,0.5186524116766502,8.0,6.0,5.874446218106595,0.7470810971493568,0.5,0.5,0.5,1.0,0.3735405485746784
-0.45304302692996157,6.1864953057558685,-2.8167082435016173,8.0,6.0,8.45510005347058,2.794649316926235,0.5,0.5,0.5,1.0,1.3973246584631176
-0.5228823699806125,1.7779352752695656,0.6107099145942818,8.0,6.0,9.51132769030378,-0.150765201590058,0.5,0.5,0.5,1.0,-0.075382600795029
6.632377975530603,0.53184722545189,0.2649292632958399,8.0,6.0,5.636584494852531,1.0607879141460308,0.5,0.5,0.5,1.0,0.5303939570730154
1.12967849038378,3.7602465997664485,-0.0313186396288393,8.0,6.0,7.226189378874114,0.34645849982961857,0.5,0.5,0.13104001665841986,0.5,1.2217304763960306
7.9879440168723,1.584243218028293,-1.9861525439980436,8.0,6.0,4.415773239678222,-2.728966648616987,0.5,0.5,0.5,1.0,-1.3644833243084935
2.8529024023835197,4.274120857683486,2.9761648917609125,8.0,6.0,5.428745020101103,-2.6526353724169995,0.07470573358959035,0.04690114900347153,0.06168655800965284,0.25,-1.5707963267948966
2.108019914740936,4.202111790804153,0.4333010336728653,8.0,6.0,6.160181112423145,-0.13713387887761527,0.07369843622947764,0.5,0.04136895172005295,0.25,1.5707963267948966
7.558114689563173,1.0017769120427165,-1.5406714019259422,8.0,6.0,5.017718272738027,3.0232885089356083,0.5,0.5,0.5,1.0,1.5116442544678041
1.2450108481315274,5.450460160701328,-0.11131296779829795,8.0,6.0,6.777305694509962,0.19248738147328331,0.5,0.5,0.5,1.0,0.09624369073664166
-0.38328859829857764,4.31340081408414,-2.3225889026927544,8.0,6.0,8.551265668677063,2.521124458911361,0.5,0.5,0.5,1.0,1.2605622294556804
4.181016096028242,5.01898535844944,0.021453840757194326,8.0,6.0,3.942971948382583,0.2299881009941289,0.44790469607197697,0.37250994885745614,0.5,0.25,-1.5707963267948966
-0.4817023927870073,-0.24526734534203687,2.0654597632131124,8.0,6.0,10.532931201455957,-1.4307699490677637,0.5,0.5,0.5,1.0,-0.7153849745338818
4.976666218114511,-0.4643380188415529,-1.4871328737477763,8.0,6.0,7.13640057581764,2.620458546979431,0.5,0.5,0.5,1.0,1.3102292734897154
6.6955369388632535,0.469082051242359,-2.971615255525113,8.0,6.0,5.682664624431014,-1.9723903737258206,0.5,0.5,0.5,1.0,-0.9861951868629103
5.788365432722281,0.4822408306716168,-1.8709180986461547,8.0,6.0,5.9444927209884915,3.0605003622121174,0.5,0.5,0.5,1.0,1.5302501811060587
7.248734517444037,2.508897529464787,-0.5060630428694752,8.0,6.0,3.5710217424509074,1.8648974661128515,0.17872393602887043,0.15980117938706895,0.5,0.25,-1.5707963267948966
6.127839288379651,2.715061068048807,3.043149139569576,8.0,6.0,3.7809799677839417,-1.990362868008289,0.5,0.3867740153805541,0.5,0.5,-1.2217304763960306
5.377290938162511,2.267071370663877,-2.7962334686830927,8.0,6.0,4.562166039806283,-2.528615955386449,0.5,0.5,0.5,1.0,-1.2643079776932244
7.565747314606318,4.2434507327751625,-0.4833108573777172,8.0,6.0,1.80943104951798,1.811747462479972,0.5,0.5,0.5,0.90471552475899,0.905873731239986
3.7202826508917974,5.3139103761803215,-2.953208337735806,8.0,6.0,4.334362647514714,3.1121677007192514,0.08816028538858445,0.10394612546056048,0.19922858948288083,0.25,-1.5707963267948966
7.559771757458588,6.270239783261591,1.7607418656558171,8.0,6.0,0.5165563337994917,-2.311292361064204,0.5,0.4347331351087145,0.5,0.5,-1.2217304763960306
6.466807533761811,3.6555375637868632,2.8737379717478575,8.0,6.0,2.8012824301280257,-1.882097995248268,0.5,0.5,0.5,1.0,-0.941048997624134
3.219323610461025,-0.3537774592205256,-2.8084655910175047,8.0,6.0,7.951437275285158,-2.5489681990725197,0.5,0.5,0.5,1.0,-1.2744840995362599
5.4269336148136045,2.835010917488777,3.0708709264807723,8.0,6.0,4.078949192499389,-2.1826789911568745,0.5,0.5,0.5,1.0,-1.0913394955784372
3.6978241066753714,1.7256816903037837,2.6013857827335625,8.0,6.0,6.064529200993914,-1.8192357397219519,0.5,0.5,0.5,1.0,-0.9096178698609759
5.297803833867028,0.1241326293767342,-2.189859670088169,8.0,6.0,6.467432371306167,-2.95356932416674,0.5,0.5,0.5,1.0,-1.47678466208337
0.24384128689984585,0.9413035907681051,1.4840287746364058,8.0,6.0,9.260043592963001,-0.90609680403723,0.5,0.5,0.5,1.0,-0.453048402018615
3.096318175406032,-0.7695153778578812,-0.3112562197588218,8.0,6.0,8.358973255604276,1.255152775865711,0.5,0.5,0.5,1.0,0.6275763879328555
6.621041081649738,-0.772707747629866,-2.2682405965813683,8.0,6.0,6.91166390482808,-2.6450081236594416,0.5,0.5,0.5,1.0,-1.3225040618297208
4.078726127116223,5.825579881965645,1.439930926149478,8.0,6.0,3.9251511007521804,-1.3954797530738732,0.5,0.5,0.5,1.0,-0.6977398765369366
0.6870566273138627,6.438337501730558,-1.3691630878912049,8.0,6.0,7.32606855943469,1.3092947619094362,0.5,0.5,0.5,1.0,0.6546473809547181
7.40037274156591,6.619872715077365,-1.175318108068091,8.0,6.0,0.8624355233607712,0.37332002875839787,0.5,0.5,0.5,0.4312177616803856,0.18666001437919894
5.578764764090877,3.402528428337507,3.0973730011968947,8.0,6.0,3.5509489764290794,-2.2768733753003643,0.5,0.5,0.5,1.0,-1.1384366876501821
4.432936847565036,4.96515310634822,2.34804067947611,8.0,6.0,3.714141573332929,-2.0656801899871398,0.5,0.5,0.3311561428894718,0.5,1.2217304763960306
-0.036953616757991914,0.4872794989370952,-0.5345732725746828,8.0,6.0,9.745907385192957,1.135788059283244,0.5,0.5,0.5,1.0,0.567894029641622
-0.22681613033561276,1.1490982215282806,-3.03940055585658,8.0,6.0,9.55048437026784,-2.711013945170562,0.5,0.5,0.5,1.0,-1.355506972585281
2.965799601179448,3.1528232295863043,-2.1457252144584618,8.0,6.0,5.783561983541662,2.660441321748367,0.5,0.5,0.5,1.0,1.3302206608741836
7.362587150551192,6.559300603360235,-2.229630024035259,8.0,6.0,0.8480048971330125,1.5094117053957365,0.3047629451492455,0.5,0.1649649569329149,0.25,1.5707963267948966
5.373066911505123,2.7850439212149602,-0.3932806118438737,8.0,6.0,4.15171290432589,1.278997194466516,0.5,0.5,0.5,1.0,0.639498597233258
4.496566447051522,-0.6169198667872315,-1.24800340307306,8.0,6.0,7.487167367129491,2.3318582007313045,0.5,0.5,0.5,1.0,1.1659291003656522
5.689713355596857,1.2473786332444199,-2.6453513359937144,8.0,6.0,5.284395351887405,-2.5195099114671837,0.5,0.5,0.5,1.0,-1.2597549557335919
2.6678850045601354,0.13868612190178897,1.8800943506324723,8.0,6.0,7.92379017277599,-1.0474537262775678,0.5,0.5,0.5,1.0,-0.5237268631387839
-0.32154561416070004,4.132481914757951,-2.023150867679484,8.0,6.0,8.528525382928946,2.2439128251662668,0.5,0.5,0.5,1.0,1.1219564125831334
0.883063280490997,0.9036597872151075,-1.5306583980661121,8.0,6.0,8.753483411416504,2.1520990864669054,0.5,0.5,0.5,1.0,1.0760495432334527
3.1398120767526763,6.766360111544377,1.8918757854025647,8.0,6.0,4.92023723715081,-2.0482692822311215,0.5,0.5,0.5,1.0,-1.0241346411155607
-0.6239899960188803,6.928462496092682,0.4166187610989544,8.0,6.0,8.673825341686582,-0.5238661072587351,0.5,0.5,0.5,1.0,-0.26193305362936753
6.907966114031236,1.0464910713079618,-2.2075209070975808,8.0,6.0,5.072453914500928,-2.721853886081904,0.5,0.5,0.5,1.0,-1.360926943040952
2.937027907335628,1.242558302844614,0.38212504104896655,8.0,6.0,6.947441105394919,0.3721713907203836,0.5,0.5,0.5,1.0,0.1860856953601918
-0.44052832452671176,6.54851459204965,-0.03267711399609968,8.0,6.0,8.45833238025257,-0.03221744798655719,0.5,0.5,0.5,1.0,-0.016108723993278597
4.645870089747362,2.1318767822841096,1.9590308352225252,8.0,6.0,5.1198207666171385,-1.102584460999419,0.40183518239509464,0.49929997261342735,0.5,0.25,-1.5707963267948966
-0.30474118708565234,6.421875669871736,1.0350893695589185,8.0,6.0,8.315449793324865,-1.0858451158329727,0.5,0.5,0.5,1.0,-0.5429225579164864
5.323216823282336,1.201113130633301,1.911567478359234,8.0,6.0,5.494950714987244,-0.8495774072981486,0.5,0.39068543171786924,0.5,0.5,-1.2217304763960306
6.21035848456288,3.086924111782184,-1.9683845072439101,8.0,6.0,3.4188927863113943,2.9882782861847534,0.5,0.5,0.5,1.0,1.4941391430923767
4.123845744052981,6.454112785568456,-0.18950850413946838,8.0,6.0,3.9026645049136532,0.07288463642590126,0.5,0.5,0.5,1.0,0.03644231821295063
2.521820397687719,-0.3660521214248815,-1.4215031492735584,8.0,6.0,8.398635089577864,2.2817238111407723,0.5,0.5,0.5,1.0,1.1408619055703861
1.549279337779466,-0.09616409246325386,-0.9114399900775686,8.0,6.0,8.87552892532255,1.6685871377486712,0.5,0.5,0.5,1.0,0.8342935688743356
1.2189005769705745,1.6298859928611344,2.355540286137229,8.0,6.0,8.067292347522887,-1.7830729539518244,0.5,0.5,0.5,1.0,-0.8915364769759122
1.834988847792829,1.6931446050068706,0.05712733578857892,8.0,6.0,7.520396658436323,0.5526560808728626,0.5,0.5,0.5,1.0,0.2763280404364313
-0.5693964353978034,2.310277316972755,2.8557187438863125,8.0,6.0,9.32998439144752,-2.449139962213455,0.5,0.5,0.5,1.0,-1.2245699811067274
7.631118178439783,4.597138655142925,-0.6838597703731139,8.0,6.0,1.4505494652619693,1.9975272016106416,0.5,0.5,0.5,0.7252747326309846,0.9987636008053208
4.736516742022051,3.3501327840875916,-0.7457899421060374,8.0,6.0,4.203821979707246,1.4277902538310996,0.5,0.5,0.5,1.0,0.7138951269155498
7.997014745566073,-0.7787229466948418,-3.003175432076231,8.0,6.0,6.778723604026884,-1.7096539342431567,0.5,0.5,0.5,1.0,-0.8548269671215784
7.492366417447331,3.7465072006289404,2.4587683118212382,8.0,6.0,2.30996139598749,-1.109538866478481,0.05509910310887489,0.06576722400300589,0.11584382989969999,0.25,-1.5707963267948966
1.1190190265339703,4.838080140321975,-0.6742910285492185,8.0,6.0,6.978392144148659,0.8415726324087025,0.5,0.5,0.5,1.0,0.42078631620435125
6.22999279688525,0.29852865481622715,-1.2890190935203492,8.0,6.0,5.969899580313705,2.558801587853964,0.5,0.5,0.5,1.0,1.279400793926982
0.9234783326857905,-0.05210981758771904,-2.988616086950398,8.0,6.0,9.31156228310315,-2.587042110590986,0.5,0.5,0.5,1.0,-1.293521055295493
1.8113072139851232,1.7874002334092767,-1.7170518048316477,8.0,6.0,7.486381982850781,2.314702178633655,0.5,0.5,0.5,1.0,1.1573510893168275
0.4216234520269271,1.2348905659153981,1.2835051179405095,8.0,6.0,8.951986317106966,-0.722194313770297,0.5,0.5,0.5,1.0,-0.3610971568851485
7.351694384653495,0.9488580648720992,-2.768960728416411,8.0,6.0,5.092576461841044,-2.071078690513403,0.5,0.5,0.5,1.0,-1.0355393452567014
5.101275895602629,2.6398086879715636,0.5927025627393167,8.0,6.0,4.43773445429599,0.2662920159057527,0.5,0.5,0.5,1.0,0.13314600795287634
2.6391488133226284,6.0031326473561855,-3.0155764339396636,8.0,6.0,5.360852101968459,3.0149920776703834,0.5,0.5,0.3095611087303808,0.5,1.2217304763960306
1.3059557782062292,5.16427968983666,2.96643639314348,8.0,6.0,6.746010412099145,-2.84223366985402,0.5,0.5,0.5,1.0,-1.42111683492701
2.723322933757858,-0.6670180566565955,-0.760037834240682,8.0,6.0,8.502496729149083,1.6613223682555749,0.5,0.5,0.5,1.0,0.8306611841277874
7.374233786881508,1.9339646852211176,-1.2755836819825757,8.0,6.0,4.113906481011651,2.6936772680474643,0.5,0.5,0.5,1.0,1.3468386340237322
5.860947449485489,-0.9747215044842461,2.1747840759944035,8.0,6.0,7.295360572238881,-0.9015675529928412,0.5,0.5,0.5,1.0,-0.4507837764964206
6.464009279446028,-0.2194070363230649,1.990979442829362,8.0,6.0,6.406269692815997,-0.6623055272661218,0.5,0.5,0.5,1.0,-0.3311527636330609
7.977843281195204,6.117607690859536,-1.5101867644255769,8.0,6.0,0.11967660229763814,0.12560299790712362,0.5,0.5,0.5,0.05983830114881907,0.06280149895356181
2.8454138538524743,2.4260278083436013,-1.9334354596322683,8.0,6.0,6.272402694724666,2.5396896054873723,0.5,0.5,0.5,1.0,1.2698448027436862
1.0831649750362793,4.864095612310689,-2.026185232883038,8.0,6.0,7.0094853976976585,2.1889554898911046,0.5,0.5,0.5,1.0,1.0944777449455523
1.3451781475134137,2.2567889917360846,-2.8798676869305218,8.0,6.0,7.635331200460211,-2.8909425752705347,0.5,0.5,0.1527334725484394,0.5,1.2217304763960306
3.056269511736377,-0.4541299375917145,-0.3243156133181558,8.0,6.0,8.129960909617271,1.241462216182089,0.5,0.5,0.5,1.0,0.6207311080910445
6.931318705275543,2.5503905230268593,-2.6736869203265567,8.0,6.0,3.61135504392975,-2.339123212392011,0.5,0.5,0.5,1.0,-1.1695616061960055
0.1516860025083404,3.241795063885922,2.5127831284075026,8.0,6.0,8.318877753208517,-2.174826775827868,0.5,0.5,0.5,1.0,-1.087413387913934
1.4156419044235298,1.211010854539273,0.8433459190134703,8.0,6.0,8.141755865052946,-0.2145133689099959,0.5,0.5,0.5,1.0,-0.10725668445499795
-0.034193752135495026,3.2897080658320617,-0.6732541526851223,8.0,6.0,8.47903011052967,0.9986104986233645,0.42794680507001537,0.42336061333441233,0.5,0.25,-1.5707963267948966
5.007314855883305,0.07827429582892886,-1.8319857058475386,8.0,6.0,6.634983020871805,2.934844614537276,0.5,0.5,0.5,1.0,1.467422307268638
6.980824351306355,-0.5658586543750328,2.8965834755637285,8.0,6.0,6.64448785627016,-1.4797817109577491,0.5,0.5,0.5,1.0,-0.7398908554788746
5.963849792329796,4.722268981595815,0.8669861773494814,8.0,6.0,2.403851955422299,-0.3065746508988357,0.5,0.5,0.5,1.0,-0.15328732544941784
6.084616462933425,-0.019408958109218055,-0.022453544904171473,8.0,6.0,6.316801271136457,1.2851794329503436,0.5,0.5,0.5,1.0,0.6425897164751718
6.811793113269241,3.429739043842977,2.2535408618601473,8.0,6.0,2.8316209118488334,-1.1157719987275003,0.5,0.5,0.10341387910054589,0.5,1.2217304763960306
0.43433387704037085,3.5984367772283816,-0.2608454946303715,8.0,6.0,7.937682898495517,0.5682146843090611,0.15031309651346492,0.5,0.12752642157371397,0.25,1.5707963267948966
7.589353035466711,6.236788271877744,-1.2973859673328867,8.0,6.0,0.47402490987209994,0.7743332042115098,0.5,0.5,0.5,0.23701245493604997,0.3871666021057549
0.33999923505343155,0.1585011969413488,1.4134382943642474,8.0,6.0,9.633209225648411,-0.7619233027631838,0.5,0.5,0.5,1.0,-0.3809616513815919
6.772526068523501,1.470773454434024,2.369115968096755,8.0,6.0,4.692609652795967,-1.06297430604293,0.4489596103542586,0.5,0.5,0.1,0.8726646259971648
4.5655711019705265,3.7057147293267585,-2.608446645916624,8.0,6.0,4.1302598899885385,-3.085796080141289,0.22334302165162156,0.23127625967482346,0.5,0.25,-1.5707963267948966
4.21762785593028,5.789399569954232,2.7278674851511338,8.0,6.0,3.788230665808252,-2.6722454597821863,0.5,0.5,0.5,1.0,-1.3361227298910932
1.171286183384845,0.298886898485744,-1.9193204067770686,8.0,6.0,8.89573060436793,2.614967022971335,0.5,0.5,0.5,1.0,1.3074835114856675
0.4364914791936507,1.9494638426060567,-1.6577902206628021,8.0,6.0,8.579831251642771,2.1494613768447586,0.5,0.5,0.5,1.0,1.0747306884223793
4.275037116735772,6.824836008091755,0.26207317981263073,8.0,6.0,3.815193693895618,-0.4799915305006639,0.5,0.5,0.5,1.0,-0.23999576525033195
3.313823349687075,-0.12019948027567828,-1.8607961503061565,8.0,6.0,7.708248392229245,2.778125043931301,0.5,0.5,0.5,1.0,1.3890625219656505
2.7411992726366585,3.6434446833266163,-1.9895055164681592,8.0,6.0,5.762667615840671,2.41079200951065,0.5,0.5,0.5,1.0,1.205396004755325
-0.8166763319663792,-0.40010751188511673,1.506634700453225,8.0,6.0,10.894730731245469,-0.8787307352224638,0.5,0.5,0.5,1.0,-0.4393653676112319
3.81236435356837,6.1975377631717965,1.316627915161711,8.0,6.0,4.192292150499983,-1.3637646426649448,0.5,0.5,0.5,1.0,-0.6818823213324724
5.243480587742971,6.896136381000456,-0.5378342805757886,8.0,6.0,2.898527157627203,0.22351458859167023,0.5,0.5,0.5,1.0,0.11175729429583511
0.3385093991136383,2.472620535180524,0.2238887689514637,8.0,6.0,8.434503193211809,0.2075832074330496,0.16620748249666895,0.1566733045804959,0.5,0.25,-1.5707963267948966
-0.6262184296798264,5.608897087072543,0.8946820482578524,8.0,6.0,8.63507995823132,-0.8493742159975071,0.5,0.5,0.5,1.0,-0.42468710799875353
1.2061441066816592,1.8767089033498197,-0.9297751088327603,8.0,6.0,7.94720122853895,1.4752634499787363,0.5,0.5,0.5,1.0,0.7376317249893681
7.620155122978311,4.790150200689336,-1.5039832417474392,8.0,6.0,1.2680767593058695,2.7705648202715483,0.5,0.5,0.5,0.6340383796529347,1.3852824101357741
-0.7105028477547369,1.0830776280532373,0.6369720116783157,8.0,6.0,10.002448973751077,-0.12307818587856925,0.5,0.5,0.5,1.0,-0.061539092939284626
4.288163683973863,-0.7865612751559548,0.10900439735508749,8.0,6.0,7.735317884768337,0.9613017066548838,0.5,0.5,0.5,1.0,0.4806508533274419
3.8533345873224727,1.8664690108200892,-0.98749054483268,8.0,6.0,5.854990391384663,1.7713024641552273,0.44319600640696943,0.5,0.5,0.1,0.8726646259971648
4.323000675747999,4.1435380676342275,-3.0575855988769614,8.0,6.0,4.119074524316467,-2.7580517125632413,0.5,0.5,0.5,1.0,-1.3790258562816207
6.916067800081216,2.7708069502250403,3.0631922209661053,8.0,6.0,3.40625847033599,-1.8162449021710831,0.5,0.5,0.5,1.0,-0.9081224510855416
6.7814811977868406,0.2871320514435798,3.1165107638720353,8.0,6.0,5.84137383403855,-1.7558591253600677,0.5,0.5,0.5,1.0,-0.8779295626800339
5.292402174034135,6.13272187146804,-1.3275555656459928,8.0,6.0,2.7108487752622903,1.2785764587618438,0.13167313865650787,0.5,0.09769649309056205,0.25,1.5707963267948966
1.0555495203570429,4.354200727405747,2.1526932042543394,8.0,6.0,7.136809350815326,-1.919991598467511,0.5,0.5,0.5,1.0,-0.9599957992337556
6.1619619922863365,2.849583718688544,-2.62673436679129,8.0,6.0,3.6473972176542984,-2.613798966010267,0.5,0.3670302814238176,0.5,0.5,-1.2217304763960306
2.4195793267421566,1.4586180932592931,1.3325610247570667,8.0,6.0,7.194806773874847,-0.6494580753374672,0.5,0.5,0.5,1.0,-0.3247290376687336
4.126956863934497,0.1859881563048269,2.8713374532524254,8.0,6.0,6.985928488930577,-1.8881906159899406,0.5,0.5,0.5,1.0,-0.9440953079949703
1.7779333309111913,3.5244228549159535,-2.0699706513996783,8.0,6.0,6.696461441376959,2.4486399568165576,0.2820072599777558,0.5,0.25430299989836247,0.25,1.5707963267948966
-0.14617902105135583,4.02268505676795,-3.113708733714956,8.0,6.0,8.382720741367088,-2.931352702439609,0.5,0.5,0.5,1.0,-1.4656763512198046
4.800119078598007,6.818872828575467,1.9576842430497228,8.0,6.0,3.302997217760205,-2.2082149266310127,0.5,0.5,0.5,1.0,-1.1041074633155064
-0.1038151515399558,1.0019943538664595,-1.0288683285427564,8.0,6.0,9.521128108008595,1.5815110530601413,0.5,0.5,0.5,1.0,0.7907555265300706
4.064072708561154,0.2280791846774486,-0.560672096523702,8.0,6.0,6.9861715940740305,1.532987234876703,0.5,0.5,0.5,1.0,0.7664936174383515
2.727882991683032,1.4733820076073663,2.407271383383729,8.0,6.0,6.948776021605371,-1.6978080819853547,0.5,0.5,0.5,1.0,-0.8489040409926774
3.628479760139128,0.7062551327037232,2.4237687770851952,8.0,6.0,6.865415058650054,-1.5432422261520287,0.5,0.5,0.5,1.0,-0.7716211130760143
6.021513209257833,2.8728746309285267,-1.6293062813200583,8.0,6.0,3.7004490342432277,2.6359957408430286,0.37351390304272586,0.5,0.5,0.1,0.8726646259971648
6.459248854270241,5.490141199841303,-3.1039636330663845,8.0,6.0,1.6229202349982672,-2.859648532656215,0.5,0.5,0.5,0.8114601174991336,-1.4298242663281076
0.8009474852895591,3.9529600798801,1.7337650990514044,8.0,6.0,7.484432479762458,-1.456728585141294,0.5,0.5,0.5,1.0,-0.728364292570647
1.9739478399523827,1.0611637793034197,-1.706278043959034,8.0,6.0,7.791367521204415,2.392844941821981,0.5,0.5,0.5,1.0,1.1964224709109905
-0.9486258300476458,3.038585698145189,-1.4914324208389642,8.0,6.0,9.425915282529656,1.8110230062989108,0.5,0.5,0.5,1.0,0.9055115031494554
4.780527435463783,2.662654272812391,-2.328425815673453,8.0,6.0,4.637119806148942,3.131799231977524,0.5,0.5,0.16986087305179298,0.5,1.2217304763960306
6.858402654554531,3.2534572813725005,0.7820753358148792,8.0,6.0,2.9743472232363652,0.3947974295009135,0.37117760132655186,0.26675213076840626,0.5,0.25,-1.5707963267948966
0.9027692465588948,1.190064878710249,-3.0607923473743552,8.0,6.0,8.573573364624977,-2.6267770461925797,0.5,0.5,0.5,1.0,-1.3133885230962898
3.112856635676545,2.4755389434109834,-1.2773190426903387,8.0,6.0,6.025445709892617,1.9021121995823698,0.5,0.5,0.5,1.0,0.9510560997911849
2.6811745864896555,2.0938858803184415,-2.921777762283176,8.0,6.0,6.599062910397136,-2.7279692395577024,0.5,0.5,0.5,1.0,-1.3639846197788512
6.74569490058672,-0.46145326910387485,-0.12882914489884378,8.0,6.0,6.5820710746107345,1.5078889360315084,0.5,0.5,0.5,1.0,0.7539444680157542
3.129462364789684,-0.35284659147485886,-0.2328383251876571,8.0,6.0,8.005048199156194,1.1495497549458509,0.5,0.5,0.5,1.0,0.5747748774729254
0.5533285720164041,6.340356294522051,3.124394344674743,8.0,6.0,7.454445503427336,3.1131169200272706,0.5,0.5,0.5,1.0,1.5565584600136353
7.832590691670081,0.11430195511532126,1.364978530739401,8.0,6.0,5.888078409131015,0.17738205526237333,0.5,0.5,0.5,1.0,0.08869102763118666
2.633266074463094,1.8925930492796805,-0.2596364557368596,8.0,6.0,6.758152475812777,0.9128867155279092,0.5,0.5,0.5,1.0,0.4564433577639546
5.412522386885106,4.838687112782499,-1.9739659414108488,8.0,6.0,2.8361396334433526,2.395838526524945,0.5,0.5,0.5,1.0,1.1979192632624724
0.9340778761259161,-0.3575223336714952,2.632695365002525,8.0,6.0,9.505016869200448,-1.9000216161490928,0.5,0.5,0.5,1.0,-0.9500108080745464
6.399503131478951,0.23265379159111976,-0.6267813716797332,8.0,6.0,5.985304713529126,1.9268793611143236,0.5,0.5,0.5,1.0,0.9634396805571618
7.42558892902575,3.409796829945707,-0.7836715483117098,8.0,6.0,2.653130328615067,2.1362366404284923,0.4987229119945761,0.5,0.5,0.1,0.8726646259971648
5.134386488734055,0.29027011637341094,0.3488707759113034,8.0,6.0,6.388486216618804,0.75677307577125,0.5,0.5,0.5,1.0,0.378386537885625
6.3933468976202406,0.16650759590926878,2.5309693770925503,8.0,6.0,6.050699779361951,-1.2289285147157494,0.5,0.5,0.5,1.0,-0.6144642573578747
5.847466665107816,4.806354620157623,2.266445937301046,8.0,6.0,2.461338873589153,-1.760131073282976,0.5,0.5,0.5,1.0,-0.880065536641488
7.356871664149876,5.81475623204507,0.12487234772837033,8.0,6.0,0.6692752124047994,0.15557198704859035,0.5,0.5,0.5,0.3346376062023997,0.07778599352429517
0.7696802052354905,-0.7876648999297498,0.3997884352404923,8.0,6.0,9.917152773266219,0.35404257626568864,0.5,0.5,0.5,1.0,0.17702128813284432
4.172564066701556,2.2984965305759975,1.0865671555267769,8.0,6.0,5.324508780879421,-0.3178938872159056,0.030347012116637595,0.022458074691722785,0.5,0.25,-1.5707963267948966
0.9274528768927193,-0.7119292321147341,0.31636845531491603,8.0,6.0,9.750431622522633,0.4428745139532118,0.5,0.5,0.5,1.0,0.2214372569766059
6.720107947860781,1.9648053342504994,0.40779158431324825,8.0,6.0,4.233310720419937,0.8558599148645759,0.5,0.5,0.5,1.0,0.42792995743228796
1.092400963984085,5.248064926930451,0.9894549235973992,8.0,6.0,6.948404910227965,-0.8810256493282919,0.5,0.5,0.5,1.0,-0.44051282466414593
2.5316640778691326,-0.6747408013004605,0.13445611398572263,8.0,6.0,8.628723110739616,0.7499662976049534,0.5,0.5,0.5,1.0,0.3749831488024767
0.8787728669869139,5.160504276755875,2.31528545064474,8.0,6.0,7.170538958077486,-2.1979406537448583,0.10928562952249088,0.15738338093690282,0.24581758969324463,0.25,-1.5707963267948966
7.593184911599751,-0.5567029203883678,-0.5310456374594055,8.0,6.0,6.569311356784625,2.039875719679422,0.5,0.5,0.5,1.0,1.019937859839711
0.23132469762245012,4.256752901583823,-3.1295799203499204,8.0,6.0,7.9618607372841765,-2.9328674545109643,0.5,0.5,0.5,1.0,-1.4664337272554822
4.741354850957234,3.8693438253384356,-2.6449358528902467,8.0,6.0,3.8933872067909454,-3.059174415921159,0.4994245904752984,0.5,0.5,0.1,0.8726646259971648
5.616900665469846,-0.6834765920635402,-0.9366567325126846,8.0,6.0,7.095633995274794,2.164940970785716,0.5,0.5,0.5,1.0,1.082470485392858
2.543700196954291,5.584091273207156,1.2741981202595627,8.0,6.0,5.472128252310895,-1.198119822100242,0.5,0.5,0.5,1.0,-0.599059911050121
0.6226728130085522,0.8444220020450652,-0.4810181531139196,8.0,6.0,9.000274491198597,1.0909657768146004,0.5,0.5,0.5,1.0,0.5454828884073002
6.111132337187042,-0.05450074882103628,-0.7264857552390641,8.0,6.0,6.342302449828057,1.9948733505385188,0.5,0.5,0.5,1.0,0.9974366752692594
3.1415261627132134,2.6431990381722157,-0.5760536531600081,8.0,6.0,5.905326470647337,1.1806574287040212,0.5,0.23498908500782445,0.5,0.5,-1.2217304763960306
4.908271566624022,-0.7226791007089943,-1.193652915355006,8.0,6.0,7.399540458491661,2.333396930384208,0.5,0.5,0.5,1.0,1.166698465192104
7.91039156630198,1.5898699156250995,1.7466792435456622,8.0,6.0,4.411040357160472,-0.19619889458985706,0.3338251364767836,0.5,0.3979135267204619,0.25,1.5707963267948966
-0.26463613687987686,3.40611543812582,2.119861498640017,8.0,6.0,8.662127198058798,-1.8157440698207887,0.5,0.5,0.5,1.0,-0.9078720349103944
7.408634133760929,4.927563019036133,-2.9880479200507875,8.0,6.0,1.224677372164433,-2.2282757350768616,0.5,0.5,0.5,0.6123386860822165,-1.1141378675384308
2.372743036184664,5.547937010440144,-1.2156524614534125,8.0,6.0,5.645385893217397,1.2958148314351452,0.15572474929809377,0.13974854124478397,0.5,0.25,-1.5707963267948966
1.919325096937888,2.612852998497158,-2.907153286767855,8.0,6.0,6.9604146490363,-2.8678039260081647,0.4277251913721909,0.5,0.3025309691458472,0.25,1.5707963267948966
-0.48880469357130296,1.3431503913236806,-1.577121616425723,8.0,6.0,9.682254562002951,2.0788794979455574,0.5,0.5,0.5,1.0,1.0394397489727787
0.014342326094481495,4.826615734972302,0.7215889340062076,8.0,6.0,8.071403788574864,-0.5756964522138792,0.4546471806241039,0.5,0.5,0.1,0.8726646259971648
-0.7237367718424375,3.771030858945264,-1.0860980557003401,8.0,6.0,9.003992819642306,1.3362523063270204,0.5,0.5,0.5,1.0,0.6681261531635102
4.3302886683332,-0.13116695824282143,0.3411044763634867,8.0,6.0,7.145487354100646,0.6903510548921953,0.5,0.5,0.5,1.0,0.34517552744609764
4.504610980816876,-0.41824528663478233,-0.513525609544049,8.0,6.0,7.30832518124608,1.585632531541685,0.5,0.5,0.5,1.0,0.7928162657708425
0.31035098377032755,4.5698037009949735,-0.15333936567389944,8.0,6.0,7.8215192543705765,0.33722800939128983,0.5,0.5,0.5,1.0,0.16861400469564491
0.3936726368572441,4.762637853238281,-1.9146738790128321,8.0,6.0,7.7063143614527565,2.0759366407446267,0.5,0.5,0.5,1.0,1.0379683203723133
0.34018949420893074,0.7456867208516629,3.063130838548045,8.0,6.0,9.28873000038551,-2.461890891386521,0.5,0.5,0.5,1.0,-1.2309454456932605
-0.7751965586478609,-0.3464884264362178,-2.416891994970774,8.0,6.0,10.829680973592627,3.0430392567396956,0.5,0.5,0.5,1.0,1.5215196283698478
6.8633741925759555,0.898064525781507,1.3668298946272075,8.0,6.0,5.227012895449124,-0.015237084307856563,0.5,0.5,0.5,1.0,-0.007618542153928281
1.138387250818489,2.112340202065587,0.3136847230740069,8.0,6.0,7.886420495015827,0.2017994800574849,0.5,0.2666924090906885,0.5,0.5,-1.2217304763960306
1.5336394615373723,0.7100665507867836,-3.0146586423485937,8.0,6.0,8.354472724863701,-2.5828643338752997,0.5,0.5,0.5,1.0,-1.2914321669376498
-0.8906650078458341,-0.9227833112827364,2.5335431831205244,8.0,6.0,11.268045662700748,-1.8719520906814806,0.5,0.5,0.5,1.0,-0.9359760453407403
5.2919360023274855,4.9496379276180225,-2.4135902553540127,8.0,6.0,2.904629253207473,2.7835914777344697,0.5,0.5,0.046944865414605075,0.5,1.2217304763960306
3.2600177095013567,0.7825266754827016,0.2669244241564539,8.0,6.0,7.0490751170838255,0.5663901507721415,0.5,0.5,0.5,1.0,0.28319507538607075
7.884101170578557,1.2989518082804334,-2.8125908649736093,8.0,6.0,4.702476649546605,-1.9244469493987888,0.5,0.5,0.5,1.0,-0.9622234746993944
2.1595608664283765,0.1868794035664818,2.9474171935559204,8.0,6.0,8.240333751835204,-2.1643632483827133,0.5,0.5,0.5,1.0,-1.0821816241913567
0.46795990976545765,0.25520061479844625,-1.8019092625368973,8.0,6.0,9.472821538333365,2.4534983828089914,0.5,0.5,0.5,1.0,1.2267491914044957
6.869887329316489,2.047725821460366,2.325616403335007,8.0,6.0,4.11067218722079,-1.033328260154727,0.5,0.373572678479508,0.5,0.5,-1.2217304763960306
-0.929406202034557,2.299718231671479,0.8986183147983183,8.0,6.0,9.665732268481145,-0.5057662414926077,0.5,0.5,0.5,1.0,-0.25288312074630387
5.102164223525349,6.9187849350466974,2.9269737586026268,8.0,6.0,3.0400029513612665,3.049178686056041,0.5,0.5,0.5,1.0,1.5245893430280204
5.081544343272318,1.1405342559896825,-3.0403560719787466,8.0,6.0,5.668491045904153,-2.21287237595912,0.08666450519949709,0.2137129658972342,0.10529009010693863,0.25,-1.5707963267948966
1.990942358952847,4.53058205014316,-0.4218915955019552,8.0,6.0,6.186110477900363,0.66171905929962,0.3917890432688257,0.4146079232406362,0.39843315852364364,0.25,-1.5707963267948966
1.9082338907510041,5.884937298518323,-1.673935775741739,8.0,6.0,6.092852677938874,1.6928217636283913,0.5,0.5,0.5,1.0,0.8464108818141957
6.839533071710355,3.1259699316358853,2.1493201135412963,8.0,6.0,3.099472910918087,-0.9622818587626948,0.5,0.5,0.38885965546113616,0.5,1.2217304763960306
7.929115031581752,0.2724638762675715,2.503149705927009,8.0,6.0,5.7279747491943045,-0.9447289186448116,0.5,0.5,0.5,1.0,-0.4723644593224058
2.0053411422455816,1.1816276493416877,-2.8043039116565724,8.0,6.0,7.691075797990943,-2.801841295582405,0.5,0.5,0.5,1.0,-1.4009206477912024
-0.49515269968734965,3.611738796039133,-1.1567575053919505,8.0,6.0,8.824477943161844,1.4308158140367937,0.5,0.5,0.5,1.0,0.7154079070183968
5.638567906066241,6.002166148129476,-1.108119151621132,8.0,6.0,2.361433087440357,1.107201849138678,0.5,0.5,0.2777899316514327,0.5,1.2217304763960306
4.373280427348617,0.581932156770832,-2.872957063057556,8.0,6.0,6.519858435003524,-2.429307230131046,0.5,0.5,0.5,1.0,-1.214653615065523
4.622474886448943,-0.2744572735741748,-2.003444398863316,8.0,6.0,7.125762413284346,3.0804264773538206,0.5,0.5,0.5,1.0,1.5402132386769103
2.8383676050282913,-0.6100130523401601,0.674166581675093,8.0,6.0,8.386579847168251,0.23365604941443663,0.5,0.5,0.5,1.0,0.11682802470721831
7.555627838480014,6.806320756572271,2.4552777717667236,8.0,6.0,0.9206626854680405,2.7608069212075637,0.5,0.4100491906707151,0.5,0.5,-1.2217304763960306
4.2302820662751675,6.464129908065979,1.3271241011088475,8.0,6.0,3.798182443144083,-1.4496281767463566,0.5,0.5,0.5,1.0,-0.7248140883731783
7.53437223884899,0.5425603013753522,2.4440016793771497,8.0,6.0,5.477267318296486,-0.9583190422910972,0.5,0.5,0.5,1.0,-0.4791595211455486
4.541613960378898,-0.470123743331043,0.5277200110412655,8.0,6.0,7.336411606027993,0.5521985149421975,0.5,0.5,0.5,1.0,0.27609925747109876
-0.03218559218296424,2.848168443325891,-1.3076219178169814,8.0,6.0,8.628444097803401,1.6815596583773647,0.5,0.5,0.5,1.0,0.8407798291886823
7.44288356047497,6.053103573578869,0.02087412046233754,8.0,6.0,0.5596415966633406,-0.11590563316175131,0.5,0.5,0.5,0.2798207983316703,-0.05795281658087566
3.245179600312981,2.737952613720175,1.8541941815988503,8.0,6.0,5.76621801388179,-1.2528917097712673,0.5,0.5,0.14221862823415993,0.5,1.2217304763960306
3.4810234579943167,-0.11487819428268242,-2.6465968109815194,8.0,6.0,7.6034784354341065,-2.702224654145603,0.5,0.5,0.5,1.0,-1.3511123270728016
3.6582996122434093,0.31612970400871987,0.7657292302228054,8.0,6.0,7.152394270361341,0.15275230296507367,0.5,0.5,0.5,1.0,0.07637615148253683
2.170556897842005,3.237057039842864,-1.1181179358078164,8.0,6.0,6.4510666313702965,1.56072020019667,0.5,0.5,0.5,1.0,0.780360100098335
3.122803159619048,-0.03872213767573207,-1.1265645807651532,8.0,6.0,7.762294382196343,2.0179704112915395,0.5,0.5,0.5,1.0,1.0089852056457698
1.3284224066858759,4.682334883006899,-2.893712873278964,8.0,6.0,6.800455054196854,3.088707552941389,0.5,0.5,0.5,1.0,1.5443537764706945
6.265273822704965,3.4595735826608838,0.6626214815196808,8.0,6.0,3.0762056647934157,0.30905299198199765,0.41238051313863444,0.5,0.5,0.1,0.8726646259971648
5.475279509727404,0.5556299399299736,2.1270215014405274,8.0,6.0,6.001281438575365,-0.9904385435018755,0.5,0.5,0.5,1.0,-0.4952192717509378
-0.7861774199051074,0.13174027085828222,-2.4884552948742393,8.0,6.0,10.565670158712924,3.0773090415052997,0.5,0.5,0.5,1.0,1.5386545207526499
5.766381580541468,1.425884532514587,1.6177690360888155,8.0,6.0,5.090342184336308,-0.5012303251584004,0.13562353138999733,0.5,0.12979031557514165,0.25,1.5707963267948966
6.086816892350057,3.3827341485939204,2.462600244403964,8.0,6.0,3.241967017156943,-1.523024202665326,0.5,0.5,0.5,1.0,-0.761512101332663
4.46485993633457,-0.741231272930249,0.2992818434604388,8.0,6.0,7.611925797383026,0.7885334897400103,0.5,0.5,0.5,1.0,0.3942667448700051
-0.019865046472306802,1.9892877858808564,-1.5337351166661766,8.0,6.0,8.966830422624973,1.9974604986028086,0.5,0.5,0.5,1.0,0.9987302493014043
3.0521255820324864,1.6944382884552862,-2.9183222928011054,8.0,6.0,6.558911716732983,-2.6487671152863546,0.5,0.5,0.5,1.0,-1.3243835576431773
6.537776327598756,5.795626044193739,2.7703477281532756,8.0,6.0,1.4764371920073267,-2.6314780746855955,0.013323646933845301,0.5,0.0057595394861031934,0.25,1.5707963267948966
6.108269482796137,4.614861483652829,-1.3702509273134367,8.0,6.0,2.34462215701994,2.002266991850346,0.5,0.5,0.5,1.0,1.001133495925173
2.6111377025554825,-0.7003051104062621,2.334987081158882,8.0,6.0,8.598483903186379,-1.4415306538331036,0.5,0.5,0.5,1.0,-0.7207653269165518
4.823305145278233,6.339574363228811,-1.8141775628381254,8.0,6.0,3.194792786422618,1.7076864531298546,0.3029271483788267,0.2806494028940657,0.5,0.25,-1.5707963267948966
7.296449610384153,6.202384579337479,0.4996529011763163,8.0,6.0,0.7320810533555819,-0.7797521748598593,0.5,0.5,0.5,0.36604052667779097,-0.38987608742992963
4.53995007691304,2.38010477615029,-1.2136137404336265,8.0,6.0,5.007552985431509,2.021585263715764,0.5,0.5,0.5,1.0,1.010792631857882
5.419902265262917,0.6978363806393366,1.5112113504836127,8.0,6.0,5.896595913513762,-0.3932951806673318,0.5,0.5,0.5,1.0,-0.1966475903336659
1.4910064680487185,1.0488724914049774,1.2041083735264062,8.0,6.0,8.178059696856582,-0.5538200418557654,0.5,0.5,0.5,1.0,-0.2769100209278827
0.6168470077858323,1.230760031098204,-0.8541986160327993,8.0,6.0,8.789573253998821,1.4277302857656313,0.5,0.5,0.5,1.0,0.7138651428828157
7.080125186257579,1.9405776923037354,-1.3106611006187627,8.0,6.0,4.162340584956945,2.658618327648901,0.5,0.5,0.5,1.0,1.3293091638244505
7.385682762249942,4.3893930522470415,-0.026900775029141566,8.0,6.0,1.7237866482679818,1.2333101040606513,0.5,0.5,0.5,0.8618933241339909,0.6166550520303257
2.523167012426801,0.9879365029402027,-0.2746336698044679,8.0,6.0,7.4240474185129814,1.0157501808749074,0.5,0.5,0.5,1.0,0.5078750904374537
2.589037517624695,0.7309605464342424,1.1031314382194366,8.0,6.0,7.552568553075547,-0.3310211633955544,0.5,0.5,0.5,1.0,-0.1655105816977772
5.02913218863732,1.844650855527032,-2.257689082144238,8.0,6.0,5.108129018051826,-3.0753892606820252,0.33399980517409417,0.5,0.5,0.1,0.8726646259971648
2.596179242719158,6.130583188122949,2.498216409191978,8.0,6.0,5.405398296688196,-2.522376681163772,0.2024709931357927,0.32011552825852196,0.5,0.25,-1.5707963267948966
0.12865389950176942,4.387945445152025,2.0802070436515647,8.0,6.0,8.03472521755628,-1.878200037934475,0.5,0.5,0.5,1.0,-0.9391000189672375
2.218790054482551,2.3205795880509177,2.439786150146593,8.0,6.0,6.85277483958268,-1.8729992386560952,0.5,0.5,0.5,1.0,-0.9364996193280476
7.078073945089061,2.7733034214424492,-0.9039001276305859,8.0,6.0,3.3558185977192885,2.1963931431648644,0.5,0.37016561994893515,0.5,0.5,-1.2217304763960306
6.464130923805436,1.7790461605219932,2.9414475441439913,8.0,6.0,4.491697355590075,-1.7196265897561505,0.014482797683220638,0.028404985926525655,0.01646639457705118,0.25,-1.5707963267948966
-0.763137101177505,3.829014098826235,1.2374225701183459,8.0,6.0,9.028053590732,-0.9945714152594328,0.5,0.5,0.5,1.0,-0.4972857076297164
0.6181435760758656,4.022645103492329,-2.318536031300543,8.0,6.0,7.642102894503114,2.580258624995148,0.5,0.42613804788546217,0.5,0.5,-1.2217304763960306
2.907813443133562,0.10140788528511635,2.8176191729187665,8.0,6.0,7.792544697703561,-1.9589811425490242,0.5,0.5,0.5,1.0,-0.9794905712745121
-0.6832484117479783,6.048895096147232,1.9050188555372347,8.0,6.0,8.683386074023833,-1.9106497642770497,0.5,0.5,0.5,1.0,-0.9553248821385248
2.2614295682239822,5.298697830899254,2.083213155427981,8.0,6.0,5.781264163903895,-1.9616076379356246,0.5,0.5,0.5,1.0,-0.9808038189678123
4.95558554379125,0.16719428227843736,1.0595674647139768,8.0,6.0,6.579519885360798,0.030178336896457,0.5,0.5,0.5,1.0,0.0150891684482285
4.415329056361477,-0.1483797441273058,3.0938591170458047,8.0,6.0,7.1170527082607205,-2.0509085935783493,0.5,0.5,0.5,1.0,-1.0254542967891747
4.6441745108536185,4.508695951303454,-0.9983129149304476,8.0,6.0,3.67226802933327,1.416493959460573,0.5,0.5,0.5,1.0,0.7082469797302865
7.905249885435472,1.8581128266688633,0.12897793156135687,8.0,6.0,4.142970786864781,1.4189463111462044,0.5,0.05669154345483973,0.5,0.5,-1.2217304763960306
7.183841556829815,1.6472381235562832,2.7422047077833898,8.0,6.0,4.428617228591765,-1.3567597912722846,0.5,0.5,0.5,1.0,-0.6783798956361423
6.316929502198638,-0.733042806250924,0.15780138744418892,8.0,6.0,6.940215539259328,1.168042863979162,0.5,0.5,0.5,1.0,0.584021431989581
3.0790969496868215,4.224387320746653,-2.6911053846258173,8.0,6.0,5.231451731336799,3.0373961251944936,0.22217752189080842,0.5,0.5,0.1,0.8726646259971648
7.8725420154903265,6.661948996117908,-0.6979470294430958,8.0,6.0,0.6741083082686151,-0.6826277830198033,0.5,0.5,0.5,0.33705415413430756,-0.34131389150990166
1.7607999603351114,2.1463043068547663,2.3935363648078707,8.0,6.0,7.333388550344273,-1.8402336701054642,0.4467951919920444,0.5,0.5,0.1,0.8726646259971648
-0.787921624648812,2.8042838387002123,0.3671144359579474,8.0,6.0,9.350944779248932,-0.01833254817417739,0.5,0.5,0.5,1.0,-0.009166274087088694
7.765004338972922,-0.36834366266969987,-0.0026612749970575597,8.0,6.0,6.372677927415356,1.536573743191712,0.5,0.5,0.5,1.0,0.768286871595856
6.5553449111176,2.9180505201711586,-2.481089434949416,8.0,6.0,3.4037392558847808,-2.669633783004892,0.5,0.5,0.5,1.0,-1.334816891502446
7.240958418960339,1.2335369138307373,0.853194943467869,8.0,6.0,4.826521985194038,0.5596811003632937,0.5,0.5,0.5,1.0,0.27984055018164683
3.08291613583018,2.502790857985218,2.4425184767131447,8.0,6.0,6.033919581024508,-1.8242910291512953,0.5,0.5,0.5,1.0,-0.9121455145756476
5.733483122203572,3.136344285617973,1.1324535279498926,8.0,6.0,3.6520710299566876,-0.23117938035714247,0.5,0.5,0.5,1.0,-0.11558969017857124
2.6837890602111916,0.8026704014309383,-0.6088489950168263,8.0,6.0,7.434671056105458,1.3829401896045097,0.5,0.5,0.5,1.0,0.6914700948022549
1.1872394167949931,2.160586618032368,-3.0489881582128056,8.0,6.0,7.8201535714910335,-2.721001268115121,0.5,0.5,0.21868299318318524,0.5,1.2217304763960306
3.542796575935416,1.0365073002811336,1.565376625158355,8.0,6.0,6.671051052394632,-0.7262878760896935,0.5,0.5,0.5,1.0,-0.36314393804484674
3.6188117166387164,2.090568315121529,-1.0519471220385737,8.0,6.0,5.8718367546274575,1.780504129766355,0.5,0.5,0.5,1.0,0.8902520648831775
1.2428571602727807,4.178391362617396,2.454633445633327,8.0,6.0,6.998373910006791,-2.191310621804514,0.5,0.5,0.5,1.0,-1.095655310902257
5.101705134510086,0.9851017284355281,2.958191799242564,8.0,6.0,5.792177293683743,-1.9114341250288367,0.14122876589612265,0.5,0.18627497141492783,0.25,1.5707963267948966
0.26697888504086587,2.9910724442913033,2.777708237347004,8.0,6.0,8.297786487968157,-2.406632568313,0.5,0.5,0.5,1.0,-1.2033162841565
-0.6336282637753389,-0.004384115035016123,-2.515764881837628,8.0,6.0,10.516280977510311,3.1234405640763883,0.5,0.5,0.5,1.0,1.5617202820381941
0.4599491490771259,2.4677382340213514,1.6242640028258157,8.0,6.0,8.326418198595201,-1.1861598393541521,0.09314104895653796,0.5,0.05837611421325695,0.25,1.5707963267948966
5.366118951278909,1.1538585816046254,-0.5286474923370025,8.0,6.0,5.515651913047019,1.6016041966669696,0.5,0.5,0.5,1.0,0.8008020983334848
2.4930573240564033,0.11229963353938022,0.24013630164451513,8.0,6.0,8.061726442974193,0.5786649325216743,0.5,0.5,0.5,1.0,0.28933246626083714
4.724996525516,-0.4470532679457824,2.34668829112927,8.0,6.0,7.231192404964251,-1.2459067938967059,0.5,0.5,0.5,1.0,-0.6229533969483529
1.248084576219258,-0.8130893239867367,3.1288076275491874,8.0,6.0,9.592004380029772,-2.338899809592425,0.5,0.5,0.5,1.0,-1.1694499047962126
0.23474772310435155,-0.379125437773312,-1.1883986588140045,8.0,6.0,10.049496717481906,1.8761103103279473,0.5,0.5,0.5,1.0,0.9380551551639736
-0.5060940446848348,2.3610131834436974,0.2569307961727443,8.0,6.0,9.251803118748981,0.14731701257336052,0.5,0.5,0.5,1.0,0.07365850628668026
7.820980606394588,5.080425533642668,-2.3756495705926,8.0,6.0,0.9368378421387672,-2.5290108668767313,0.5,0.5,0.5,0.4684189210693836,-1.2645054334383656
0.7179627726289861,0.5471655839850138,2.7380410151267847,8.0,6.0,9.097333089938767,-2.095304394587289,0.5,0.5,0.5,1.0,-1.0476521972936446
7.577020116720311,4.036525709142895,2.846244074310078,8.0,6.0,2.00851768040914,-1.4876293322977847,0.08442267252138663,0.08731745277727637,0.5,0.25,-1.5707963267948966
1.5554703524894493,1.9468284606796518,-1.3269096220968206,8.0,6.0,7.613157157500359,1.8883315164669827,0.5,0.5,0.5,1.0,0.9441657582334914
3.668397177056483,3.8140324604514424,-0.5644412953917731,8.0,6.0,4.851931275244139,1.0318064291907305,0.23655125823191808,0.5,0.18212811432826614,0.25,1.5707963267948966
1.8142328746771996,3.2482922052647822,-2.0727732870210356,8.0,6.0,6.770200197655226,2.491332080809754,0.23958662749893572,0.5,0.15126312111387308,0.25,1.5707963267948966
4.758018021518394,-0.3694633988931928,-0.042662651304153316,8.0,6.0,7.147063112820505,1.1426466577264538,0.5,0.5,0.5,1.0,0.5713233288632269
2.4259060087934294,6.0037673422335205,-1.2688912385255517,8.0,6.0,5.574095264316237,1.2682153723371041,0.47510828208368494,0.5,0.5,0.1,0.8726646259971648
0.8669286443324242,0.683756617447834,-0.06735226350932219,8.0,6.0,8.896243626810978,0.70783545269071,0.5,0.5,0.5,1.0,0.353917726345355
-0.48375292509127643,-0.3123192112380542,2.727157338765257,8.0,6.0,10.574471027836799,-2.087476419579056,0.5,0.5,0.5,1.0,-1.043738209789528
7.997264375166976,5.706458025039403,1.6090096460893006,8.0,6.0,0.2935547218271149,-0.04753241459811013,0.5,0.5,0.5,0.14677736091355745,-0.023766207299055066
7.330201504782474,0.12243035296855354,-1.971974714729648,8.0,6.0,5.915611124803677,-2.8538831770731465,0.5,0.5,0.5,1.0,-1.4269415885365733
-0.6957699788864184,3.545879416790667,2.31875652650961,8.0,6.0,9.035437087525649,-2.0436903664498494,0.5,0.5,0.5,1.0,-1.0218451832249247
7.979193971343205,3.997268682156358,-0.9133249445721738,8.0,6.0,2.002839390041098,2.473732818355854,0.5,0.5,0.5,1.0,1.236866409177927
4.719146556652304,2.7174560703886987,-0.542171060341798,8.0,6.0,4.641022943980609,1.3278267864206086,0.5,0.5,0.5,1.0,0.6639133932103043
6.93583261265975,2.4000743300161576,-2.8511934154072325,8.0,6.0,3.75392022526947,-2.1486182899596558,0.5,0.5,0.5,1.0,-1.0743091449798279
3.8035319610592557,4.021484167144914,2.5884549537307433,8.0,6.0,4.639490155470688,-2.1478893443940135,0.5,0.5,0.5,1.0,-1.0739446721970067
0.12057428984692864,4.471974766194786,-0.7353656488668036,8.0,6.0,8.02622019614256,0.926914026927205,0.5,0.5,0.5,1.0,0.4634570134636025
7.819593402240537,0.6800721948360486,-1.6576116661924547,8.0,6.0,5.322985853134656,-3.0886757987005247,0.5,0.5,0.5,1.0,-1.5443378993502623
6.03015668923314,5.422619842960053,2.83466908064398,8.0,6.0,2.0527178361178673,-2.549545599955872,0.454389236035883,0.5,0.5,0.1,0.8726646259971648
2.3462641742421058,1.2965091979043661,-1.5829259308992243,8.0,6.0,7.35442414556412,2.276833176209418,0.5,0.5,0.5,1.0,1.138416588104709
7.084213224712553,5.556442823861024,1.5372049610986698,8.0,6.0,1.0175501885881422,-1.0861592236568738,0.5,0.4229241958304375,0.5,0.5,-1.2217304763960306
-0.2321332970862795,0.22141623627633678,2.86176510238506,8.0,6.0,10.057835201243225,-2.2497285360137247,0.5,0.5,0.5,1.0,-1.1248642680068623
3.0925021420140277,2.111643965823631,-2.890579249847749,8.0,6.0,6.2612177629158285,-2.722559692066189,0.5,0.5,0.5,1.0,-1.3612798460330946
1.8966395805943845,4.8933016433132375,-2.0989416798448377,8.0,6.0,6.202885591550135,2.278318773860545,0.5,0.5,0.5,1.0,1.1391593869302725
2.70162373743233,0.6329107940448759,-2.0278666963355247,8.0,6.0,7.541779469357385,2.819707334553506,0.5,0.5,0.5,1.0,1.409853667276753
1.2762402604174108,0.6297420244913168,0.6167403541661771,8.0,6.0,8.605150536692914,0.05720659157649734,0.5,0.5,0.5,1.0,0.02860329578824867
2.001569308846889,-0.5892893204829797,-3.034284561555354,8.0,6.0,8.910662405545317,-2.4165977213072436,0.5,0.5,0.5,1.0,-1.2082988606536218
0.8673940853212216,1.1852540931465105,2.62704477987451,8.0,6.0,8.605570595938024,-2.033272294662433,0.5,0.5,0.5,1.0,-1.0166361473312164
3.542237537905767,4.245661771780368,-0.6654213506361246,8.0,6.0,4.790547858799579,1.0403522899993032,0.5,0.5,0.5,1.0,0.5201761449996516
3.7501461984955764,6.016809191911271,0.4560840910528308,8.0,6.0,4.249887043568841,-0.4600393104658463,0.5,0.5,0.5,1.0,-0.23001965523292314
2.725179466822398,-0.3537419711219725,2.0970376228467127,8.0,6.0,8.25795184611953,-1.219122317705915,0.5,0.5,0.5,1.0,-0.6095611588529575
7.613671209120861,6.034779635345001,0.15686461547105074,8.0,6.0,0.38789116733546364,-0.24664857971068013,0.5,0.5,0.5,0.19394558366773182,-0.12332428985534007
2.6487459783155822,6.69895151863799,-1.900436393414815,8.0,6.0,5.396707591671056,1.7705571217656209,0.5,0.5,0.18165470366768616,0.5,1.2217304763960306
5.805083122661868,6.196036320725342,2.6750300110713083,8.0,6.0,2.2036538606295015,-2.764107436308509,0.5,0.5,0.5,1.0,-1.3820537181542545
2.347237886583896,5.582946396116533,0.05308044884467692,8.0,6.0,5.668126076525176,0.020564849029838312,0.28984083490101836,0.5,0.17517257661968455,0.25,1.5707963267948966
2.430454135080942,5.601426184090045,-1.981029670294499,8.0,6.0,5.583789235650465,2.0524709523724862,0.5,0.14045717993186602,0.5,0.5,-1.2217304763960306
7.166120109074294,3.0866767283680048,1.2689630918097266,8.0,6.0,3.0303148611196855,0.023057048097777685,0.5,0.4699587008017637,0.5,0.5,-1.2217304763960306
7.983689117085705,0.48692760448525174,1.1205415821574949,8.0,6.0,5.513096524013358,0.4472961701523409,0.5,0.5,0.5,1.0,0.22364808507617046
0.11478896394147498,-0.3793629500966942,-3.017452124501068,8.0,6.0,10.142624154144999,-2.5855110606119927,0.5,0.5,0.5,1.0,-1.2927555303059963
4.216802158912445,0.4650636365695675,-1.3157176007926046,8.0,6.0,6.7043349000504175,2.286939360081712,0.5,0.5,0.5,1.0,1.143469680040856
5.972642041882238,6.995094186728655,-2.094867272864248,8.0,6.0,2.2584049085149864,1.6385801215168687,0.5,0.027654631677170083,0.5,0.5,-1.2217304763960306
5.672685246787934,4.962964105930016,2.444301858361365,8.0,6.0,2.547908437544032,-2.025118572494596,0.26086688964642213,0.5,0.5,0.1,0.8726646259971648
3.617084394965997,-0.7908060966245039,2.1463523696253963,8.0,6.0,8.082388053218127,-1.148704166542994,0.5,0.5,0.5,1.0,-0.574352083271497
0.9927457485860556,-0.47083114247457836,2.8946919826091135,8.0,6.0,9.537990764221657,-2.149072476829028,0.5,0.5,0.5,1.0,-1.074536238414514
3.0991186340326964,0.5619348625691236,-2.589725910714196,8.0,6.0,7.320600426346642,-2.856150608914689,0.5,0.5,0.5,1.0,-1.4280753044573444
6.455443852680585,5.581884245922891,-3.047846356069945,8.0,6.0,1.600148266889561,-2.9709721371017044,0.5,0.5,0.5,0.8000741334447805,-1.4854860685508522
-0.5425791445210463,4.810557300055113,1.7363201379643651,8.0,6.0,8.624988833433822,-1.5979726524916102,0.5,0.5,0.5,1.0,-0.7989863262458051
7.46088456264294,5.537401552199458,-2.9001497941124064,8.0,6.0,0.7103821356876626,-2.673875373593266,0.5,0.5,0.5,0.3551910678438313,-1.336937686796633
1.3548996301608196,5.341063503934158,-0.36625148754094394,8.0,6.0,6.677690935576785,0.4650896312251416,0.5,0.5,0.5,1.0,0.2325448156125708
0.9734880346434336,2.2410057987377705,-1.095426899667875,8.0,6.0,7.968808430651478,1.5866599155237069,0.5,0.5,0.5,1.0,0.7933299577618534
0.25450287658010406,1.7617998484806687,-2.2494697931043306,8.0,6.0,8.829216625117109,2.7501472503843023,0.5,0.5,0.5,1.0,1.3750736251921511
0.25138443683454637,6.921305942896874,1.8469148059075795,8.0,6.0,7.803194716662335,-1.9652586403875012,0.5,0.5,0.5,1.0,-0.9826293201937506
2.8143753026152507,1.3279051674483764,-1.705872506159466,8.0,6.0,6.979912150341311,2.439223532448318,0.5,0.5,0.5,1.0,1.219611766224159
7.821084459511557,-0.6577207268078915,2.644145170042034,8.0,6.0,6.660124326677068,-1.1002157691496344,0.5,0.5,0.5,1.0,-0.5501078845748172
4.978100442001507,2.7781768989173834,-2.7152819044759555,8.0,6.0,4.41724133745272,-2.7504962487707867,0.44919556751166173,0.5,0.30701650707712735,0.25,1.5707963267948966
5.615023593429124,2.4928799222108156,-0.34700958507876833,8.0,6.0,4.241226673962586,1.3206029803952308,0.1562973874575998,0.5,0.12949876923999754,0.25,1.5707963267948966
6.70037354839743,0.4199901731671378,3.0871169112240864,8.0,6.0,5.729357606333925,-1.7451486866989327,0.5,0.5,0.5,1.0,-0.8725743433494664
6.767909552015114,-0.6889163809248267,1.9790139755625011,8.0,6.0,6.80144464235504,-0.5903746289363541,0.5,0.5,0.5,1.0,-0.29518731446817703
1.954380034147328,4.861387185915555,2.8914224027037583,8.0,6.0,6.151907014244751,-2.705266179728094,0.5,0.5,0.5,1.0,-1.352633089864047
1.9933195667464116,5.5542980385328855,-1.15648500303756,8.0,6.0,6.02319351056291,1.2305503169497272,0.5,0.45575885039080644,0.5,0.5,-1.2217304763960306
1.6899383764727807,2.148293439686155,-0.3589024894475348,8.0,6.0,7.392734346605164,0.9069391645690503,0.5,0.5,0.5,1.0,0.45346958228452516
7.16175695385502,3.1916205083877056,1.4483615479398224,8.0,6.0,2.9308099176369224,-0.16762626249504742,0.3550478901806708,0.40042470111301853,0.5,0.25,-1.5707963267948966
1.1560352376431968,-0.20115520579898583,2.2677801965167568,8.0,6.0,9.235484803451818,-1.5316180726378288,0.5,0.5,0.5,1.0,-0.7658090363189144
-0.08892832438786857,4.4101662244250806,1.1407719747272844,8.0,6.0,8.2436844233051,-0.946701279293827,0.5,0.5,0.5,1.0,-0.4733506396469135
6.832046604305912,0.43630750566857124,0.2741413219918898,8.0,6.0,5.68496168025724,1.0897354617837574,0.5,0.5,0.5,1.0,0.5448677308918787
-0.07944549495860953,2.448689354835021,0.48966975162983606,8.0,6.0,8.825488473986528,-0.07554094840555016,0.5,0.5,0.5,1.0,-0.03777047420277508
-0.4550562680432535,3.890712872375686,-0.6710128313105087,8.0,6.0,8.714187781000541,0.915493080877969,0.5,0.5,0.5,1.0,0.4577465404389845
-0.8779799922645397,0.5909789307911772,-2.692665418326941,8.0,6.0,10.395962565832681,-3.043317484224387,0.5,0.5,0.5,1.0,-1.5216587421121934
6.029379632048222,5.610249656216436,-2.831810451946111,8.0,6.0,2.0087931613448426,3.027070999456236,0.45149634559114904,0.5,0.5,0.1,0.8726646259971648
0.6149204952060303,1.6947302915924514,1.8060447812471399,8.0,6.0,8.54837683740367,-1.2782424835379074,0.5,0.5,0.5,1.0,-0.6391212417689537
0.19320229746531514,6.061567904244518,-0.5066627150484642,8.0,6.0,7.807040474797982,0.49877643052938553,0.3335420264090504,0.5,0.24977339528112574,0.25,1.5707963267948966
7.550490054758756,3.8844598416540537,2.112791039923613,8.0,6.0,2.1627689087013384,-0.7513609576250465,0.09964504404956237,0.06253142273153062,0.5,0.25,-1.5707963267948966
7.532453129452682,1.1511338808149167,1.1746493110315903,8.0,6.0,4.871355326594396,0.30002023662164495,0.5,0.5,0.5,1.0,0.15001011831082248
0.6527376213570224,-0.6155402085803008,-0.40446879163936883,8.0,6.0,9.8867404493071,1.1375097419795326,0.5,0.5,0.5,1.0,0.5687548709897663
-0.8398633383975155,5.186641653084812,0.7025685766610249,8.0,6.0,8.877203142997297,-0.610816630212376,0.5,0.5,0.5,1.0,-0.305408315106188
0.3578366057019191,4.039346621405749,-1.9082305871644938,8.0,6.0,7.889665583289485,2.1593713115749824,0.5,0.5,0.5,1.0,1.0796856557874912
6.898875114205729,2.723694190323953,0.7463917244691015,8.0,6.0,3.4563934632261506,0.5001774982885723,0.5,0.5,0.5,1.0,0.25008874914428614
4.964026923812665,0.9206031997114037,2.241662054755863,8.0,6.0,5.917550538366058,-1.2095948897891935,0.04472983212051479,0.04616919955420645,0.1406734208089071,0.25,-1.5707963267948966
5.434378367731073,4.028183384903621,0.3281870885180741,8.0,6.0,3.235811354751141,0.32708268895996057,0.5,0.5,0.5,1.0,0.16354134447998028
4.64465401254215,-0.6923413314550233,1.6903867130374892,8.0,6.0,7.486372899625739,-0.5843342081886328,0.5,0.5,0.5,1.0,-0.2921671040943164
-0.6965544214047078,-0.7260084953460879,2.2922018264664894,8.0,6.0,10.994055170132699,-1.633885428924043,0.5,0.5,0.5,1.0,-0.8169427144620215
2.0315276800428546,5.255315876950011,-2.9236713791324216,8.0,6.0,6.014749893155771,3.0477995480085514,0.5,0.5,0.5,1.0,1.5238997740042757
1.6844926072541044,4.586518762183982,1.4752515824688375,8.0,6.0,6.471751141498409,-1.2550689523338605,0.5,0.5,0.5,1.0,-0.6275344761669303
3.3235018787460193,0.06403399255350184,0.004456164899155172,8.0,6.0,7.556806674757025,0.8990676615794143,0.5,0.5,0.5,1.0,0.44953383078970716
2.955352584080935,2.0948031349513707,0.13818247730382865,8.0,6.0,6.379579148010042,0.5205818363082139,0.5,0.5,0.5,1.0,0.26029091815410693
4.422634545076045,1.9414487918821948,0.5561288332838589,8.0,6.0,5.410118437427943,0.29220222387555417,0.5,0.5,0.5,1.0,0.14610111193777708
2.51272814973967,-0.7670338367022076,-2.366764046881133,8.0,6.0,8.712227000355995,-3.0269666369306707,0.5,0.5,0.5,1.0,-1.5134833184653353
1.417704080432589,0.45108584877156144,3.064415040341136,8.0,6.0,8.60912700745302,-2.3639954643998755,0.5,0.5,0.5,1.0,-1.1819977321999378
6.781516191627891,-0.036173052214496515,-1.9559436951981737,8.0,6.0,6.157928865092993,-2.9556321538103836,0.5,0.5,0.5,1.0,-1.4778160769051918
-0.10635269768520106,2.9605575342689763,-2.417194386643652,8.0,6.0,8.657434063379126,2.7759174915811995,0.5,0.5,0.5,1.0,1.3879587457905997
6.29007117766707,5.460828517131531,2.1018863236838436,8.0,6.0,1.7929200945339048,-1.7964361527949988,0.5,0.5,0.36099035580017624,0.5,1.2217304763960306
4.051032623272734,5.5266586364113195,-2.5316318475031667,8.0,6.0,3.977234640920776,2.650927285618566,0.4842414075724555,0.5,0.5,0.1,0.8726646259971648
0.21276120218259487,0.5550321174146795,2.3591222438387076,8.0,6.0,9.502039956589234,-1.7489221372391617,0.5,0.5,0.5,1.0,-0.8744610686195808
-0.19222899513778147,0.2430418263184313,-2.8512487080357576,8.0,6.0,10.012751036667956,-2.8193780648581845,0.5,0.5,0.5,1.0,-1.4096890324290923
1.1824881601777726,0.43606541248010533,-1.5685606016588316,8.0,6.0,8.799763393428055,2.253056176097632,0.5,0.5,0.5,1.0,1.126528088048816
5.446769249987875,0.1801349780289927,0.3133438578573778,8.0,6.0,6.3552982728404706,0.8440271940635339,0.5,0.5,0.5,1.0,0.42201359703176694
0.33273222369434574,5.989019706524139,-2.2125374385061884,8.0,6.0,7.66727563874026,2.2139695374349975,0.5,0.11950515854995691,0.5,0.5,-1.2217304763960306
6.314963620802396,4.875016359977104,1.9255664335039797,8.0,6.0,2.026064112889456,-1.336896053102415,0.5,0.5,0.5,1.0,-0.6684480265512075
2.8113066015130097,1.4554516944337577,2.9882939937358644,8.0,6.0,6.897496537521963,-2.2689793789889117,0.5,0.5,0.5,1.0,-1.1344896894944558
7.719800452155367,5.778800397628205,-0.5190077803208424,8.0,6.0,0.3569888663554887,1.1872739663823821,0.5,0.5,0.5,0.17849443317774435,0.5936369831911911
1.713303465873151,-0.21354061120213252,-2.9521557103356324,8.0,6.0,8.839153819187711,-2.5514837294382464,0.5,0.5,0.5,1.0,-1.2757418647191232
-0.156909747209239,5.448758838085221,-2.05107336013099,8.0,6.0,8.175514873248428,2.1185504190137743,0.5,0.5,0.5,1.0,1.0592752095068871
6.225449233530009,0.4162262525527636,-1.033789336432504,8.0,6.0,5.858972579340185,2.2968751688986826,0.5,0.5,0.5,1.0,1.1484375844493413
6.570776471573284,-0.6277362758451632,3.06618076654056,8.0,6.0,6.780086137827633,-1.7077749064285104,0.5,0.5,0.5,1.0,-0.8538874532142552
4.01203354828829,2.1218172483845734,-1.4583047576788917,8.0,6.0,5.562749129244055,2.2297473539891963,0.5,0.5,0.5,1.0,1.1148736769945982
3.8697213434096946,3.8932470728814037,0.5396030110390695,8.0,6.0,4.6365514854262315,-0.0679277258242322,0.5,0.5,0.5,1.0,-0.0339638629121161
7.864454412512282,0.4834872704631543,-2.1910785603748377,8.0,6.0,5.518177715643947,-2.545876359841859,0.5,0.5,0.5,1.0,-1.2729381799209294
4.774817078030961,3.4612917770302847,1.989312265289179,8.0,6.0,4.104490750572451,-1.3224548994610283,0.5,0.5,0.5,1.0,-0.6612274497305142
1.7002235100183016,5.220507289556579,-1.5178777718535963,8.0,6.0,6.347817948662404,1.6409854503319488,0.5,0.5,0.5,1.0,0.8204927251659744
1.896438012390934,3.0572337548283226,-1.6471381825863807,8.0,6.0,6.775938467128236,2.096395294786749,0.5,0.5,0.2725207469812178,0.5,1.2217304763960306
7.730279136230672,5.968988578080759,1.4825018170095867,8.0,6.0,0.2714977949117181,-1.3680284921014572,0.5,0.5,0.5,0.13574889745585905,-0.6840142460507286
6.584829468675403,2.6675350368356217,1.2958724736405471,8.0,6.0,3.620501396691859,-0.1266602912164761,0.5,0.5,0.5,1.0,-0.06333014560823805
1.2720200239549655,5.031161651118718,2.661398763340762,8.0,6.0,6.797379076109111,-2.518380544023541,0.5,0.5,0.5,1.0,-1.2591902720117705
7.29247231102849,-0.005663265042207932,-2.6661583683273866,8.0,6.0,6.047196597080236,-2.1635001523761463,0.5,0.5,0.5,1.0,-1.0817500761880732
6.0954356456898315,3.6577444698380086,-1.0680535524843395,8.0,6.0,3.0188617636922928,1.9561523874111875,0.5,0.5,0.5,1.0,0.9780761937055937
2.998691346355955,0.2542807285464015,-0.3038242249137553,8.0,6.0,7.617504722372549,1.1583785783145963,0.5,0.5,0.5,1.0,0.5791892891572982
3.960301749236974,6.200059421146876,1.7648006816337893,8.0,6.0,4.044649024230345,-1.814283612342214,0.5,0.5,0.5,1.0,-0.907141806171107
5.803172663305401,-0.3534895087155894,-1.2276208855728328,8.0,6.0,6.722564933461613,2.4655183593047796,0.5,0.5,0.5,1.0,1.2327591796523898
3.8695702824663627,-0.7515875882577285,-0.6492213415730637,8.0,6.0,7.914820567353426,1.6709874929756428,0.5,0.5,0.5,1.0,0.8354937464878214
1.3045307134221837,1.7107104231750938,0.7737926702197636,8.0,6.0,7.951560478381941,-0.20403573331327768,0.5,0.5,0.5,1.0,-0.10201786665663884
5.566014315366431,-0.10887766917573227,0.38254224401323345,8.0,6.0,6.57591611031916,0.8090982761054095,0.5,0.5,0.5,1.0,0.40454913805270476
2.793303059703754,2.541956307215206,-2.5004887479115316,8.0,6.0,6.2504207225833195,3.086749141127176,0.5,0.5,0.5,1.0,1.543374570563588
6.243984338992186,-0.564209775827786,2.2427807985492487,8.0,6.0,6.79503060940698,-0.933377440814333,0.5,0.5,0.5,1.0,-0.4666887204071665
1.2977571780137156,-0.9604620380044082,-2.0697944730827107,8.0,6.0,9.66271652421653,2.874089954434083,0.5,0.5,0.5,1.0,1.4370449772170415
2.011943705581754,4.583284673593804,-1.932922483796449,8.0,6.0,6.1533649738331135,2.1652408693725222,0.5,0.3890430803840362,0.5,0.5,-1.2217304763960306
-0.4385874985497912,1.431159293294785,1.3971930969175026,8.0,6.0,9.596044204458806,-0.9009591810404599,0.5,0.5,0.5,1.0,-0.45047959052022996
0.8065538192669943,0.27656159180349515,2.8832771319131836,8.0,6.0,9.192573914172309,-2.2111965650426635,0.5,0.5,0.5,1.0,-1.1055982825213317
2.668539487775362,-0.6322646474956812,0.49238577278954104,8.0,6.0,8.509489147289138,0.40131596145595855,0.5,0.5,0.5,1.0,0.20065798072797927
-0.6540531072535203,-0.5493874363663638,-2.0006896864478114,8.0,6.0,10.852977055849601,2.6485286126105683,0.5,0.5,0.5,1.0,1.3242643063052841
0.5828020491000272,0.14997932130084823,2.7843221527234245,8.0,6.0,9.446563787115528,-2.116503163042965,0.5,0.5,0.5,1.0,-1.0582515815214826
5.451644152670638,6.130176776456475,-2.0058237034170716,8.0,6.0,2.5516785686575707,1.9547854137060354,0.1793558589162595,0.5,0.2292338653972657,0.25,1.5707963267948966
1.217473820817569,0.13992989321281346,-1.8861092888496556,8.0,6.0,8.963430315886649,2.598672388861071,0.5,0.5,0.5,1.0,1.2993361944305355
3.4579493666881076,6.093667136796929,0.2920630244372019,8.0,6.0,4.54301634248488,-0.31268231506745725,0.5,0.5,0.5,1.0,-0.15634115753372863
1.2891980264769112,-0.7166768541368862,1.8559265592956853,8.0,6.0,9.494662242056826,-1.070090869217739,0.5,0.5,0.5,1.0,-0.5350454346088696
4.148151692329106,5.710840694810912,2.660564961570481,8.0,6.0,3.8626866931042394,-2.5856352339966246,0.5,0.5,0.5,1.0,-1.2928176169983123
1.2901207767486564,5.965049020309456,0.07553313761668506,8.0,6.0,6.7099702504259575,-0.07032430114874039,0.5,0.4057937174620814,0.5,0.5,-1.2217304763960306
1.706050613508641,2.577363123760592,-2.6631992136350333,8.0,6.0,7.164373110489766,-3.1219169875220634,0.5,0.5,0.12689995587118585,0.5,1.2217304763960306
5.727579581227529,1.517458352195459,-1.2581248041651407,8.0,6.0,5.025641668877348,2.35972971498107,0.5,0.5,0.5,1.0,1.179864857490535
3.4981179104424402,-0.4192242810087796,-2.596394655401516,8.0,6.0,7.8404963311114315,-2.7276006042908776,0.5,0.5,0.5,1.0,-1.3638003021454388
-0.9874011025560778,0.23919982154447084,3.007213732579682,8.0,6.0,10.675214155899612,-2.437201215904282,0.5,0.5,0.5,1.0,-1.218600607952141
-0.3203628576481531,6.663234161773473,0.8422414568614618,8.0,6.0,8.346754916509427,-0.921785434429099,0.5,0.5,0.5,1.0,-0.4608927172145495
3.1718554999542885,6.7244689334890415,-1.2818789727413675,8.0,6.0,4.882195668847409,1.1329389405145642,0.5,0.5,0.5,1.0,0.5664694702572821
5.2421869099036424,-0.1895462925250344,-1.2026198169536828,8.0,6.0,6.77613579757794,2.3542608093971533,0.5,0.5,0.5,1.0,1.1771304046985767
-0.784394714719756,2.9431796557773104,1.3931526274853219,8.0,6.0,9.301061290027612,-1.0582757865949741,0.5,0.5,0.5,1.0,-0.5291378932974871
3.8156918155478508,-0.8901693280507166,-1.326100860079808,8.0,6.0,8.061195218556868,2.3511370395659603,0.5,0.5,0.5,1.0,1.1755685197829802
7.3587911845561145,2.3402514708109363,1.8791302407041166,8.0,6.0,3.7154956657092826,-0.48177916434748447,0.5,0.5,0.09911031657193758,0.5,1.2217304763960306
7.35181365340571,3.100878871282145,0.9745075528472459,8.0,6.0,2.970698378982549,0.376326040892824,0.5,0.48142329792504923,0.5,0.5,-1.2217304763960306
1.096045305048492,4.102920962738656,0.9789223398097313,8.0,6.0,7.159853301818369,-0.7107592765796544,0.5,0.5,0.5,1.0,-0.3553796382898272
3.002941444769153,1.5158780195160588,2.096118224877074,8.0,6.0,6.714011032182254,-1.364767868921208,0.5,0.5,0.5,1.0,-0.682383934460604
4.294157705053937,4.164315132983305,1.0145177199873245,8.0,6.0,4.135578078818631,-0.5545979171902248,0.5,0.5,0.5,1.0,-0.2772989585951124
6.2657081891174,-0.4602859217702342,1.499433258383731,8.0,6.0,6.689025510215754,-0.19090757147144036,0.5,0.5,0.5,1.0,-0.09545378573572018
6.46522723956798,-0.2527999461354993,-3.09339804401114,8.0,6.0,6.438403108889364,-1.8596861546662087,0.5,0.5,0.5,1.0,-0.9298430773331043
6.4595441401418086,5.656659297749752,-1.4159201880229018,8.0,6.0,1.578254445263226,1.6352182820745547,0.5,0.5,0.5,0.789127222631613,0.8176091410372773
1.5655703645162213,6.94856647939382,0.6551626460726689,8.0,6.0,6.503972870470903,-0.8015288517105927,0.5,0.5,0.1740687310859227,0.5,1.2217304763960306
7.941492485359168,4.002958303332884,0.061876361695187135,8.0,6.0,1.997898562864622,1.4796312507121012,0.5,0.5,0.5,0.998949281432311,0.7398156253560506
5.151964873102343,2.9211671798669645,-0.8790885565106403,8.0,6.0,4.194104864970748,1.703407974969949,0.5,0.5,0.5,1.0,0.8517039874849744
-0.737510660558394,4.325039554508008,-1.083092406636399,8.0,6.0,8.896605253541056,1.2724923623229083,0.5,0.5,0.5,1.0,0.6362461811614541
7.578148249983563,1.4405346644036543,0.28493968015587423,8.0,6.0,4.578939074228509,1.1935971095478202,0.5,0.5,0.5,1.0,0.5967985547739101
4.765043389629108,6.792585628072814,2.163262867944734,8.0,6.0,3.3306360126573282,-2.4035363401025984,0.5,0.5,0.5,1.0,-1.2017681700512992
1.3373971934973787,1.841325579930639,0.8992521919911617,8.0,6.0,7.85397027555846,-0.3412415687466624,0.5,0.5,0.5,1.0,-0.1706207843733312
5.05349401563948,0.1910046922952544,0.6250427042349498,8.0,6.0,6.513549262944751,0.4763374840031914,0.5,0.5,0.5,1.0,0.2381687420015957
2.7506536847079337,2.7184281137722808,0.03640080618026717,8.0,6.0,6.190666424735753,0.5222985648174081,0.5,0.5,0.5,1.0,0.26114928240870405
6.919036033140642,1.0234855995792156,2.4653513904624234,8.0,6.0,5.092561111586562,-1.1084455488954417,0.5,0.5,0.5,1.0,-0.5542227744477208
0.6546725117699048,6.736602242686175,-2.069660556738912,8.0,6.0,7.38216897485278,1.969712958670579,0.5,0.5,0.5,1.0,0.9848564793352895
4.874336305164364,-0.6060553010141074,2.597827266870748,8.0,6.0,7.308196779867805,-1.4689698279798429,0.5,0.5,0.5,1.0,-0.7344849139899214
4.583157809554962,3.391836916032208,-0.42872644908035124,8.0,6.0,4.298525936524943,1.0807015299715623,0.5,0.5,0.011432650420998225,0.5,1.2217304763960306
2.34742855169202,2.64038238954563,2.3040968161504023,8.0,6.0,6.5756060151670965,-1.7678405462132414,0.5,0.5,0.5,1.0,-0.8839202731066207
0.2910276887654828,2.884402561462392,0.6771719174207763,8.0,6.0,8.314758053870394,-0.29309126643462224,0.021162970384407398,0.08821452847845053,0.019042075953098703,0.25,-1.5707963267948966
4.562652139707807,4.756783226027086,2.8313802389369553,8.0,6.0,3.655263090359288,-2.484339026483646,0.5,0.5,0.5,1.0,-1.242169513241823
-0.4798762934091966,4.847476445189891,-2.8919976869733817,8.0,6.0,8.55783924223372,3.027082747822554,0.5,0.5,0.5,1.0,1.513541373911277
1.4504349716666796,4.643969065481617,-2.7739365324063723,8.0,6.0,6.688469328309553,2.978093384290958,0.5,0.5,0.5,1.0,1.489046692145479
5.2019853662555375,6.148565642977944,-0.020109195526400565,8.0,6.0,2.801956038363487,-0.0329377976105288,0.5,0.5,0.25019752746237056,0.5,1.2217304763960306
1.6255366421056716,3.706264146674709,-0.7901442267950286,8.0,6.0,6.774585394396276,1.1355510678584744,0.5,0.5,0.388452527785581,0.5,1.2217304763960306
4.709402876293153,3.318571769269705,-0.2935105321927666,8.0,6.0,4.244771700233733,0.9772565429499688,0.5,0.5,0.5,1.0,0.4886282714749844
0.2740043780261865,0.9362919316167311,2.977139090356215,8.0,6.0,9.237540135369825,-2.396968900795957,0.5,0.5,0.5,1.0,-1.1984844503979786
4.522623966961305,0.6280503428785478,-1.404111278874196,8.0,6.0,6.399217701703797,2.4004179677304553,0.5,0.5,0.5,1.0,1.2002089838652277
-0.8721369300127223,-0.047839517495549266,-1.1843627284281681,8.0,6.0,10.737372887921717,1.7826781448565192,0.5,0.5,0.5,1.0,0.8913390724282596
5.704693049792533,-0.9171918926880318,0.6647767384333566,8.0,6.0,7.288070915951609,0.5856258778981858,0.5,0.5,0.5,1.0,0.2928129389490929
3.915340316361836,0.5518053261388642,-0.5658829644317286,8.0,6.0,6.809351653089145,1.4933528036708352,0.5,0.5,0.5,1.0,0.7466764018354176
6.0502827717061685,5.707072606839048,0.45213039298882113,8.0,6.0,1.9715992817938062,-0.30300479347713843,0.27878069761090374,0.2162818815122347,0.5,0.25,-1.5707963267948966
5.867662006634834,0.46829186383651855,2.4754848249650774,8.0,6.0,5.928461876544863,-1.2726113970628905,0.5,0.5,0.5,1.0,-0.6363056985314453
-0.6325825027825352,5.011320104175591,0.5400907594221328,8.0,6.0,8.689014248104012,-0.42605874079313777,0.5,0.5,0.5,1.0,-0.21302937039656888
2.5647712486314584,1.5164415533135793,-1.6171703628678131,8.0,6.0,7.045850404639342,2.3069150907529266,0.5,0.5,0.5,1.0,1.1534575453764633
-0.6677154845489743,1.0971991363530131,1.5998423320327892,8.0,6.0,9.958250249399626,-1.08507129064745,0.5,0.5,0.5,1.0,-0.542535645323725
5.450571074073893,3.787094162581541,-2.2539489666162726,8.0,6.0,3.3758761964310002,2.968800926472287,0.5,0.5,0.5,1.0,1.4844004632361436
-0.9670859969873079,3.6306564170383906,-0.9129062959415181,8.0,6.0,9.274827237824283,1.1712293341470161,0.5,0.5,0.5,1.0,0.5856146670735081
2.7453870392509376,0.886025052174392,2.0240447048354735,8.0,6.0,7.332373226606783,-1.252209563745617,0.5,0.5,0.5,1.0,-0.6261047818728085
6.429048686326986,4.748949147564227,2.2991425904654483,8.0,6.0,2.008237103857819,-1.6266219635430466,0.5,0.5,0.5,1.0,-0.8133109817715233
7.660849065539617,0.9575908903125985,-0.947376338298635,8.0,6.0,5.053801834837199,2.45101411326607,0.5,0.5,0.5,1.0,1.225507056633035
5.602661342076353,0.020536345745731488,1.656650164210348,8.0,6.0,6.442143915912075,-0.46716057134532096,0.5,0.5,0.5,1.0,-0.23358028567266048
1.8370846311028055,5.611539578461677,1.1930783722430103,8.0,6.0,6.175145937003511,-1.1301297242302508,0.41800265427616917,0.5,0.5,0.1,0.8726646259971648
6.27613663664292,-0.7886097012759752,2.54082471958708,8.0,6.0,7.004065003395033,-1.2187068324510564,0.5,0.5,0.5,1.0,-0.6093534162255282
3.5108457350226523,4.326868801417874,-0.09351014147960207,8.0,6.0,4.790811415870298,0.4502674278187101,0.5,0.5,0.5,1.0,0.22513371390935505
2.2758153950576983,-0.6428867539643326,1.4600988419747591,8.0,6.0,8.768935728892831,-0.60055072310327,0.5,0.5,0.5,1.0,-0.300275361551635
1.1866538961995547,5.259808677301299,-0.7531301699519981,8.0,6.0,6.8534347829662146,0.8613442208134778,0.5,0.5,0.5,1.0,0.4306721104067389
6.2463289423459685,1.1883245678592944,-1.4211423928739138,8.0,6.0,5.121287205646629,2.6424390269161706,0.5,0.5,0.5,1.0,1.3212195134580853
7.89514771161762,1.2398399956184232,-2.2510040180117286,8.0,6.0,4.7613146577067385,-2.4834084522190465,0.5,0.5,0.5,1.0,-1.2417042261095232
0.9512255017142972,4.206351343539581,2.583253264821644,8.0,6.0,7.273403428279303,-2.3340790482503984,0.5,0.5,0.5,1.0,-1.1670395241251992
7.9746897753170565,5.030330231385634,2.4820800979020303,8.0,6.0,0.9700000348650192,-0.9373797470985824,0.5,0.5,0.5,0.4850000174325096,-0.4686898735492912
0.5146273406540092,-0.8178095676112473,0.4506317398446929,8.0,6.0,10.124886722798232,0.288127920711913,0.5,0.5,0.5,1.0,0.1440639603559565
1.4225397469665833,0.3122095992403011,2.163459104847229,8.0,6.0,8.695627810756886,-1.4504699340414344,0.5,0.5,0.5,1.0,-0.7252349670207172
2.4901793887816313,0.20779062245894853,1.7016885569331481,8.0,6.0,7.994236213740576,-0.89130992320897,0.5,0.5,0.5,1.0,-0.445654961604485
3.3563060144082115,1.9113473224245752,0.6752237683147151,8.0,6.0,6.187162075593789,0.046698256552197344,0.5,0.5,0.5,1.0,0.023349128276098672
1.6356969222784064,1.9380449863357896,-2.457261255261729,8.0,6.0,7.550088224526146,3.0253251148851024,0.5,0.5,0.5,1.0,1.5126625574425512
4.083664655517305,-0.5700792056340429,-2.384565829295237,8.0,6.0,7.6487661291707205,-2.865360089431673,0.5,0.5,0.5,1.0,-1.4326800447158365
2.956720660897082,6.344828233603346,0.18575942540496374,8.0,6.0,5.055054203756115,-0.25402698662655104,0.5,0.5,0.5,1.0,-0.12701349331327552
4.7711656567074145,6.2606133516463585,-0.7581896945522775,8.0,6.0,3.2393348909123323,0.677649915452942,0.23744993656388103,0.5,0.20378535383750607,0.25,1.5707963267948966
7.050002059627902,2.708233017306937,-0.8157589394356187,8.0,6.0,3.426109448785812,2.105591406752224,0.5,0.38329771228065057,0.5,0.5,-1.2217304763960306
6.384003870242644,5.172891971839704,-2.5145660086372885,8.0,6.0,1.8153653025322387,2.9876292009960337,0.5,0.5,0.5,0.9076826512661194,1.4938146004980168
1.3361848054462158,0.6951628765798183,-0.2167372574238651,8.0,6.0,8.517495515301595,0.889074849898518,0.5,0.5,0.5,1.0,0.444537424949259
0.17635390153933939,1.2829776105181532,1.3984917813400932,8.0,6.0,9.135630164188552,-0.8559289549471666,0.5,0.5,0.5,1.0,-0.4279644774735833
4.080156018364232,4.622532859954776,1.2073001405562622,8.0,6.0,4.15482762124622,-0.8693709375002568,0.5,0.5,0.5,1.0,-0.4346854687501284
6.07808831802186,2.649717468302506,1.2500201052103201,8.0,6.0,3.8624004913423224,-0.20004787044556308,0.5,0.5,0.5,1.0,-0.10002393522278154
1.566254332815495,3.71768958190368,0.8857765088618053,8.0,6.0,6.826567523621692,-0.5448847486166861,0.5,0.5,0.5,1.0,-0.27244237430834306
6.2156955741729405,5.103244965265879,-2.7542679946765043,8.0,6.0,1.996975682462615,-3.0632081401372435,0.5,0.5,0.5,0.9984878412313075,-1.5316040700686218
-0.8680709089250772,0.8790053693510815,0.6112836044994948,8.0,6.0,10.240472042482137,-0.08759928710970763,0.5,0.5,0.5,1.0,-0.043799643554853815
7.916624923794354,3.2634723009822384,-0.8961656985201267,8.0,6.0,2.737797518229524,2.4365039771501547,0.21189192087880804,0.5,0.17336147814424885,0.25,1.5707963267948966
2.8715439302082673,0.8136851388368784,1.9891163641225782,8.0,6.0,7.293759215857425,-1.198108945324375,0.5,0.5,0.5,1.0,-0.5990544726621875
2.9024585576832704,0.8897805579135891,0.20030428948031861,8.0,6.0,7.217982509151326,0.5863358694335238,0.5,0.5,0.5,1.0,0.2931679347167619
-0.04940217952829329,-0.31747202869051794,-0.3683578174565539,8.0,6.0,10.232464428527564,1.033784660006533,0.5,0.5,0.5,1.0,0.5168923300032665
3.5256797930770807,1.3836359992909069,1.3290525260566488,8.0,6.0,6.428869099703432,-0.5280304302488238,0.5,0.5,0.5,1.0,-0.2640152151244119
3.9089128866000244,5.313311380991982,-2.8815517883884145,8.0,6.0,4.1483171321516,3.047851511838219,0.2623301335428522,0.4201481996244478,0.5,0.25,-1.5707963267948966
2.4253984626231366,0.48406244693607103,-1.1185332870857345,8.0,6.0,7.842305106907368,1.8986419477171954,0.5,0.5,0.5,1.0,0.9493209738585977
5.234306376859669,4.418003554077674,-1.0816366469537828,8.0,6.0,3.186184861553071,1.6012187895968382,0.5,0.5,0.5,1.0,0.8006093947984191
5.788808292479524,0.08490872141053174,-2.936201758207723,8.0,6.0,6.314877164399361,-2.1339247931348653,0.5,0.5,0.5,1.0,-1.0669623965674326
5.595364268194047,5.087832804836385,-1.969193392842911,8.0,6.0,2.5718324196204168,2.331760892612098,0.5,0.5,0.5,1.0,1.165880446306049
7.04780154024729,5.303768356674514,-1.2238448149421117,8.0,6.0,1.1795848455804865,1.8551940941984946,0.5,0.5,0.5,0.5897924227902432,0.9275970470992473
0.9376126892060128,4.066277597499882,-2.4608020579440955,8.0,6.0,7.3223354783562575,2.7280576649883983,0.5,0.3757472594725144,0.5,0.5,-1.2217304763960306
0.496308218770082,0.17970453313948642,-2.95019131896343,8.0,6.0,9.496379819133946,-2.673273218757946,0.5,0.5,0.5,1.0,-1.336636609378973
-0.1109190781153142,0.893982318547633,1.4387099712934512,8.0,6.0,9.58428009059831,-0.8768641027809989,0.5,0.5,0.5,1.0,-0.43843205139049946
2.786343384469504,0.742846036327169,-2.3493179422266115,8.0,6.0,7.4040450499997545,3.1388702346291506,0.5,0.5,0.5,1.0,1.5694351173145753
0.8448870425252029,0.0928829523923076,1.0938095313566158,8.0,6.0,9.278452093337615,-0.4036645672344552,0.5,0.5,0.5,1.0,-0.2018322836172276
3.259182280917969,0.02721954116162184,-0.9925515207918121,8.0,6.0,7.625579260295163,1.8924374020525325,0.5,0.5,0.5,1.0,0.9462187010262663
1.0778491119514717,-0.5311864621486526,0.21345318691728393,8.0,6.0,9.516962200212044,0.542892377022226,0.5,0.5,0.5,1.0,0.271446188511113
5.251247556676149,1.7410993631991083,1.5697921519394862,8.0,6.0,5.068912568670116,-0.572140111531253,0.5,0.5,0.3515932146774534,0.5,1.2217304763960306
7.845711638536656,0.2751427369390411,-1.7078596789394924,8.0,6.0,5.7269359679417455,-3.0314733833027705,0.5,0.5,0.5,1.0,-1.5157366916513852
5.1435541041766735,6.22992197016016,-0.6716419107263308,8.0,6.0,2.8656844327539375,0.5913227504681526,0.5,0.5,0.15288903503889006,0.5,1.2217304763960306
6.7098187575115205,0.4196743898763504,-2.613821234158638,8.0,6.0,5.7275301442655895,-2.3257772389430174,0.5,0.5,0.5,1.0,-1.1628886194715087
-0.9021822646720935,1.5779389840478109,-3.086364410029872,8.0,6.0,9.939993596690416,-2.7357854985823202,0.5,0.5,0.5,1.0,-1.3678927492911601
5.828545154015334,6.897920336195305,2.4278334876709198,8.0,6.0,2.349782347006501,-2.8199326953697996,0.5,0.5,0.5,1.0,-1.4099663476848998
-0.44289394948766325,6.065665259297909,0.4344181136293702,8.0,6.0,8.44314930393713,-0.44219553398936035,0.5,0.5,0.5,1.0,-0.22109776699468017
-0.6937617314007839,4.0583201165079785,-1.0223636567006518,8.0,6.0,8.90795227941452,1.2420991851323682,0.5,0.5,0.5,1.0,0.6210495925661841
5.708831144793995,3.9636082067127862,2.5776103211287653,8.0,6.0,3.0653460259542493,-1.8510174147546838,0.5,0.5,0.5,1.0,-0.9255087073773419
-0.2320981096974868,5.915176340766081,-2.8147842204625837,8.0,6.0,8.23253511021063,2.82508787043234,0.5,0.5,0.5,1.0,1.41254393521617
3.1870982858730743,1.9548724340937085,-1.1445526344988142,8.0,6.0,6.287056539772873,1.8434913752219393,0.5,0.5,0.5,1.0,0.9217456876109696
4.340203567971809,4.947382351623063,2.8845375468749355,8.0,6.0,3.808164103286631,-2.604480170448142,0.5,0.5,0.5,1.0,-1.302240085224071
-0.2670018550975307,2.91114338965481,-0.6636942887139319,8.0,6.0,8.825211319365627,1.021269341619852,0.5,0.5,0.5,1.0,0.510634670809926
0.2048036656112917,5.80735851813561,0.5421806435766929,8.0,6.0,7.797576330642879,-0.5174728272505366,0.5,0.5,0.03133151995855532,0.5,1.2217304763960306
1.6679545032409484,1.18482391296663,-2.436717116753206,8.0,6.0,7.954918033654689,3.086869954897736,0.5,0.5,0.5,1.0,1.543434977448868
1.3186773337007058,5.5954562913873644,0.6233910561638665,8.0,6.0,6.693558708443721,-0.5629164397499468,0.5,0.5,0.5,1.0,-0.2814582198749734
1.029107680542105,-0.1606503761214908,-2.443436603316409,8.0,6.0,9.30306147385273,-3.115974377954087,0.5,0.5,0.5,1.0,-1.5579871889770436
0.9019846109579517,6.265582885064387,0.2509279103840812,8.0,6.0,7.102982242123154,-0.2883269629833121,0.5,0.5,0.5,1.0,-0.14416348149165606
1.829954516560576,-0.16833927268390259,1.1788131702163813,8.0,6.0,8.724555613361968,-0.3935532915926998,0.5,0.5,0.5,1.0,-0.1967766457963499
3.2674809670854437,2.4519074988390575,0.7919672287243431,8.0,6.0,5.914870818005499,-0.148641511559586,0.2180617941881159,0.5,0.29467521352183285,0.25,1.5707963267948966
0.11625165543639948,3.548089156778464,2.4550142670464314,8.0,6.0,8.256231267564921,-2.153488999519938,0.5,0.5,0.5,1.0,-1.076744499759969
-0.6473690715994256,3.968105195744652,2.364859747235852,8.0,6.0,8.88288175965515,-2.1340737518844293,0.5,0.5,0.5,1.0,-1.0670368759422146
6.092144769373288,0.5417179482473298,1.5440497124792414,8.0,6.0,5.782106410082319,-0.30951301174577395,0.5,0.5,0.5,1.0,-0.15475650587288697
7.541013621141859,3.1712804052764083,-2.3735266907039123,8.0,6.0,2.8657151012531776,-2.499719787120307,0.5,0.29095981575459406,0.5,0.5,-1.2217304763960306
3.046216174802474,2.2560025860527517,-2.64612844927166,8.0,6.0,6.209467837297518,-2.9898633734170823,0.5,0.5,0.5,1.0,-1.4949316867085412
1.1701457621960416,-0.6617615806644288,1.7182834263060272,8.0,6.0,9.540753443374655,-0.9453436639377037,0.5,0.5,0.5,1.0,-0.4726718319688519
1.1413355199561686,0.009538684157217148,-0.041313220834042076,8.0,6.0,9.106421098676678,0.7592448885974903,0.5,0.5,0.5,1.0,0.37962244429874514
7.14479366990685,-0.45470954075931846,2.566512860244509,8.0,6.0,6.511117655410687,-1.1274427004742125,0.5,0.5,0.5,1.0,-0.5637213502371062
6.424561156775864,1.0887066981018467,2.848392626481356,8.0,6.0,5.15779114020809,-1.5880055562567506,0.5,0.5,0.5,1.0,-0.7940027781283753
4.674090817657701,4.234733366969621,2.388651792759843,8.0,6.0,3.765347019184185,-1.9006984072488073,0.5,0.5,0.5,1.0,-0.9503492036244037
2.7988623519011537,1.4541186172245038,-0.753361719291205,8.0,6.0,6.9077398894816575,1.4716345580883765,0.5,0.5,0.5,1.0,0.7358172790441883
1.7520064032309959,0.3406695766482635,-2.236191866785632,8.0,6.0,8.430032314643938,2.972193179509244,0.5,0.5,0.5,1.0,1.486096589754622
7.940441979917615,4.852747490273157,0.7765088864088845,8.0,6.0,1.1487974054769943,0.7424203906155862,0.5,0.5,0.5,0.5743987027384971,0.3712101953077931
0.17616718745956095,2.2933500247871788,-2.8268008477125783,8.0,6.0,8.657460015346858,-3.01394510796952,0.5,0.5,0.5,1.0,-1.50697255398476
2.166686445702159,-0.7977972490817926,0.6290743188218784,8.0,6.0,8.957543997233778,0.2325337490073262,0.5,0.5,0.5,1.0,0.1162668745036631
2.388806717110799,0.9664020672422611,0.21185084055697953,8.0,6.0,7.538076558818163,0.5193396377754272,0.5,0.5,0.5,1.0,0.2596698188877136
5.516978715026895,2.8784430259792044,-1.2866216944407385,8.0,6.0,3.988673042966464,2.185461795118671,0.5,0.5,0.5,1.0,1.0927308975593355
2.1867763478950004,1.9580812924617792,-1.1961728483681744,8.0,6.0,7.080301975745133,1.8037356601248733,0.5,0.5,0.5,1.0,0.9018678300624366
0.8868671291050543,1.9488980875131459,-3.031926305454175,8.0,6.0,8.185846684635672,-2.7335496040327163,0.5,0.5,0.5,1.0,-1.3667748020163581
0.8160478867763667,0.14233911662398668,-1.0321929667954302,8.0,6.0,9.269377486634351,1.7162426915574933,0.5,0.5,0.5,1.0,0.8581213457787467
3.1747154412794867,1.4800726103720931,2.478313111823784,8.0,6.0,6.611589421624362,-1.7255785805149133,0.5,0.5,0.5,1.0,-0.8627892902574567
5.285806573629648,-0.9685889331149156,-2.3563268703258866,8.0,6.0,7.478507717083918,-2.7274751538572515,0.5,0.5,0.5,1.0,-1.3637375769286257
1.8911331255532327,4.1584863413861255,-1.6772512464212586,8.0,6.0,6.380393956847373,1.9700371453070453,0.5,0.3646721433326764,0.5,0.5,-1.2217304763960306
5.64717544280664,-0.28484804936537245,0.854824457234966,8.0,6.0,6.710819502903044,0.357758388250261,0.5,0.5,0.5,1.0,0.1788791941251305
1.9855868507744985,-0.6388094749124358,-0.9582379496329178,8.0,6.0,8.95806657564922,1.792942938579699,0.5,0.5,0.5,1.0,0.8964714692898496
6.053660714514672,0.12119525557093613,-0.3269155080752469,8.0,6.0,6.192623179020762,1.577993008707696,0.5,0.5,0.5,1.0,0.788996504353848
6.055634617621412,5.952570966064067,-0.39851248866756006,8.0,6.0,1.9449437661414088,0.4229007186892484,0.019027329793040754,0.005802586977718294,0.5,0.25,-1.5707963267948966
6.915607807992106,0.9380489517238146,-1.1839085603114392,8.0,6.0,5.176799671730794,2.54367041016799,0.5,0.5,0.5,1.0,1.271835205083995
3.6940289534741053,0.8013370357485847,-2.0697529114059434,8.0,6.0,6.75036912097395,2.9487981129558145,0.5,0.5,0.5,1.0,1.4743990564779073
7.704843668282015,0.3346800495777442,1.0584982453637641,8.0,6.0,5.6730033845226675,0.4602463487309748,0.5,0.5,0.5,1.0,0.2301231743654874
2.379498270460433,1.8796443697801504,2.6933881573291263,8.0,6.0,6.969029359332739,-2.060795029706304,0.5,0.5,0.5,1.0,-1.030397514853152
6.863395618925711,5.275773898646604,-0.14606367968378872,8.0,6.0,1.3477288172918191,0.7133765707465424,0.5,0.5,0.5,0.6738644086459096,0.3566882853732712
2.3196695075185554,3.3859478158954195,-1.1744637643369855,8.0,6.0,6.25295316830667,1.6057623467529445,0.5,0.5,0.5,1.0,0.8028811733764722
7.357678232833406,1.2229157611553676,-2.4800297886759304,8.0,6.0,4.820073762671461,-2.3660165232081263,0.5,0.5,0.5,1.0,-1.1830082616040631
4.0537247109573435,0.03952668134907178,-1.597670495802624,8.0,6.0,7.148449540932517,2.583650398384476,0.5,0.5,0.5,1.0,1.291825199192238
1.8439066968298414,-0.9292450725918107,1.5021497029998228,8.0,6.0,9.26886843327568,-0.6577348052996762,0.5,0.5,0.5,1.0,-0.3288674026498381
6.242852601387479,5.812336809398972,-0.709406302857253,8.0,6.0,1.7671401906915325,0.8158029119695781,0.5,0.09358669823766638,0.5,0.5,-1.2217304763960306
6.312077492234253,-0.39002818069358014,-1.5918542312569282,8.0,6.0,6.609201354345343,2.904399722769604,0.5,0.5,0.5,1.0,1.452199861384802
7.580761780976527,1.59752857296787,-1.2743343810799004,8.0,6.0,4.4223879691999315,2.7501890803269555,0.5,0.5,0.5,1.0,1.3750945401634778
2.928098426835108,1.9596577684458252,2.163618981429553,8.0,6.0,6.48448540101315,-1.4909467578601532,0.5,0.5,0.5,1.0,-0.7454733789300766
0.7535702961578283,1.0877440020223945,2.6713386148759857,8.0,6.0,8.754484704561035,-2.075608686894987,0.5,0.5,0.5,1.0,-1.0378043434474935
4.671629559171178,2.759900199996169,-2.8883581898797117,8.0,6.0,4.645029225458965,-2.6228666836079766,0.016094423619801068,0.5,0.013500615714465258,0.25,1.5707963267948966
3.807082801063994,5.227545448064955,-1.1398831455104999,8.0,6.0,4.2634775327118275,1.322068771844607,0.5,0.5,0.31911628043974105,0.5,1.2217304763960306
0.633981306587887,0.8886968006695808,-2.3393441389931877,8.0,6.0,8.965693045558835,2.9459664925094433,0.5,0.5,0.5,1.0,1.4729832462547217
-0.1171238969321644,5.0831981264125154,-0.8550430360325243,8.0,6.0,8.168734665391005,0.9675130347683005,0.5,0.5,0.5,1.0,0.48375651738415026
3.09447824621465,2.437197930605355,-1.8435611459132801,8.0,6.0,6.06281306511623,2.4717104614609346,0.5,0.5,0.5,1.0,1.2358552307304673
7.971635812827705,-0.8802037042869069,2.584409197368204,8.0,6.0,6.88026217084765,-1.0177354267800196,0.5,0.5,0.5,1.0,-0.5088677133900098
5.523281876103069,2.6227700336890223,2.7102347520184513,8.0,6.0,4.188056221039586,-1.772203206202352,0.5,0.5,0.5,1.0,-0.886101603101176
4.032384301492161,-0.2941858050520496,-1.3640017834801514,8.0,6.0,7.440346045686622,2.3723522468249985,0.5,0.5,0.5,1.0,1.1861761234124992
1.1221263782288649,-0.66935070541395,0.6007153212142525,8.0,6.0,9.58046890234819,0.16929175942597388,0.5,0.5,0.5,1.0,0.08464587971298694
4.216189189766858,5.9756747109315675,-1.9655887100149565,8.0,6.0,3.7838890003970054,1.97201740192944,0.5,0.4844441859019712,0.5,0.5,-1.2217304763960306
0.47937944912223807,2.232436104886683,-1.5517035747404961,8.0,6.0,8.411555811741747,2.016122484016598,0.5,0.5,0.5,1.0,1.008061242008299
-0.9846739169550938,6.835891658437339,-3.040211627518767,8.0,6.0,9.023473846510463,2.9474433857775515,0.5,0.5,0.5,1.0,1.4737216928887757
2.0829885593394764,3.708158052696027,0.40127898800120204,8.0,6.0,6.345357665280153,-0.031741645748360144,0.1121163172617467,0.13852753151996777,0.5,0.25,-1.5707963267948966
4.5026303259596325,0.5227296572441587,1.6501355739052908,8.0,6.0,6.49862178038774,-0.6476047742504343,0.17796183376773983,0.5,0.27884876897583,0.25,1.5707963267948966
-0.09567036039180321,6.592950527676009,-0.9399706372246549,8.0,6.0,8.117356029668628,0.8668582695315264,0.5,0.5,0.5,1.0,0.4334291347657632
0.5662978383000143,6.290361518264088,-2.0050154055164793,8.0,6.0,7.439370782542813,1.9659751024146492,0.45195745410212135,0.4994297691522989,0.5,0.25,-1.5707963267948966
-0.29001336630771457,0.6407314074847941,1.8627950860730944,8.0,6.0,9.871478180104564,-1.2889034040399971,0.5,0.5,0.5,1.0,-0.6444517020199986
1.9043889659767825,3.33874774633765,-0.22385216574991795,8.0,6.0,6.65122074778221,0.6354943370141499,0.5,0.5,0.5,1.0,0.31774716850707496
0.7593865391028505,0.19512671325064357,-2.4045844569296175,8.0,6.0,9.28024984390729,3.080367302552896,0.5,0.5,0.5,1.0,1.540183651276448
5.4021160453604455,-0.5209264855470366,-1.324037664225222,8.0,6.0,7.019364876659602,2.515714719964847,0.5,0.5,0.5,1.0,1.2578573599824234
5.680291142527252,2.5237749394587885,-0.6897251923409344,8.0,6.0,4.179137453467195,1.6720758302592353,0.1219313731678155,0.5,0.12994621979164928,0.25,1.5707963267948966
7.709820564506094,4.360854375342614,1.222006647802823,8.0,6.0,1.6646328374800898,0.17357413643144895,0.5,0.5,0.5,0.8323164187400449,0.08678706821572447
-0.7476064401159837,1.2190956635403234,-2.0054029895017083,8.0,6.0,9.968834671391516,2.5055847907615942,0.5,0.5,0.5,1.0,1.2527923953807971
3.1802824825364393,3.5158788680792856,-2.227551954220816,8.0,6.0,5.42222599549301,2.7034498728298324,0.5,0.5,0.5,1.0,1.3517249364149162
0.8949947141886527,5.103095094618497,-2.6001563275865314,8.0,6.0,7.1613922194434085,2.7257277688976935,0.5,0.5,0.20339887875888069,0.5,1.2217304763960306
7.466691393191947,-0.7336956314793435,1.9014298802680814,8.0,6.0,6.754781634331309,-0.4096685633693439,0.5,0.5,0.5,1.0,-0.20483428168467194
4.042226135101213,5.052858611897337,-0.7133041253337875,8.0,6.0,4.069527094728934,0.9481981426293428,0.5,0.5,0.5,1.0,0.4740990713146714
4.847530647337123,0.6323943282616087,0.12347769837357661,8.0,6.0,6.2248898517770455,0.9162793781095605,0.5,0.5,0.5,1.0,0.45813968905478025
7.47871990440691,6.226002725164881,-2.0335207805933746,8.0,6.0,0.5681638582693321,1.6244277432541507,0.5,0.5,0.43529616093164203,0.5,1.2217304763960306
1.7334194064930788,5.02209468863031,-2.1245870659889925,8.0,6.0,6.342423127868607,2.2793894111517465,0.5,0.5,0.5,1.0,1.1396947055758733
5.2508847702652535,4.4874581942092435,1.7048214124155467,8.0,6.0,3.1377407892661067,-1.2018306372649605,0.44778687877239953,0.5,0.5,0.1,0.8726646259971648
1.0607509588301127,0.44352289109815946,-1.3277791466849886,8.0,6.0,8.889747753290155,2.002966125759252,0.5,0.5,0.5,1.0,1.001483062879626
6.110781253099688,0.5055792067519134,-1.498572875649927,8.0,6.0,5.810146928169417,2.7381898554664077,0.5,0.5,0.5,1.0,1.3690949277332038
2.9202253673132135,3.0946184347254375,-1.3657804118465482,8.0,6.0,5.851952867097055,1.8853201769072665,0.5,0.4785402291631605,0.5,0.5,-1.2217304763960306
5.124843474144759,-0.9558587893390289,-1.3501304363151112,8.0,6.0,7.5266524129517896,2.5289708604177314,0.5,0.5,0.5,1.0,1.2644854302088657
7.537813159526586,4.792944548757501,2.9825225592591083,8.0,6.0,1.2925167456868905,-1.7774087134763494,0.5,0.5,0.5,0.6462583728434452,-0.8887043567381747
6.715258704307847,-0.12845920306758618,2.317328397063341,8.0,6.0,6.26167488780123,-0.9531749290984242,0.5,0.5,0.5,1.0,-0.4765874645492121
4.139048275790908,5.640645579878413,2.405011547891289,8.0,6.0,3.8776389486302203,-2.3122048679044447,0.5,0.5,0.5,1.0,-1.1561024339522223
6.514906456156491,-0.43493408927880406,1.8811481855059051,8.0,6.0,6.604080523988794,-0.5371667527457695,0.5,0.5,0.5,1.0,-0.26858337637288476
6.2994923332504325,-0.9985265182798964,-0.1278634711699599,8.0,6.0,7.202159381167636,1.4602982602550552,0.5,0.5,0.5,1.0,0.7301491301275276
5.639276997657413,6.514536540061487,-2.554081912450692,8.0,6.0,2.4161458864993732,2.3394809479204954,0.5,0.5,0.5,1.0,1.1697404739602477
-0.600291727351754,-0.18743406994522083,-3.0663186600446877,8.0,6.0,10.594779760121204,-2.593209422130465,0.5,0.5,0.5,1.0,-1.2966047110652326
-0.1585938153976052,6.067996725229873,0.07443495391427903,8.0,6.0,8.158877165351004,-0.08276912919555322,0.5,0.5,0.46969335897956244,0.5,1.2217304763960306
5.7473874632945305,3.106941838982343,3.0618870460973997,8.0,6.0,3.666612709784539,-2.1526626591667792,0.5,0.5,0.5,1.0,-1.0763313295833896
6.0595969491952975,3.4849212961935283,1.3088672808997315,8.0,6.0,3.1765995790960244,-0.3951956109612949,0.5,0.5,0.5,1.0,-0.19759780548064745
3.7766820677982116,1.8058312493747266,0.054941438909320454,8.0,6.0,5.952097602121353,0.7269938066175434,0.5,0.5,0.4439773887486625,0.5,1.2217304763960306
4.981794986571715,4.8066166848753875,-2.191509769634017,8.0,6.0,3.24557009474475,2.568040067489676,0.5,0.5,0.5,1.0,1.284020033744838
5.4485137263649435,4.670451716729279,-2.299622865507301,8.0,6.0,2.877113282805567,2.7799980155016386,0.5,0.5,0.5,1.0,1.3899990077508193
1.9409990633470424,2.159333581797383,-1.4158643371998378,8.0,6.0,7.17371667173096,1.980822259169474,0.5,0.5,0.5,1.0,0.990411129584737
4.7180992348962985,2.4726194383262996,-0.9713829389884323,8.0,6.0,4.818016838789767,1.792816261029519,0.5,0.5,0.5,1.0,0.8964081305147595
-0.7120039987946781,0.44822268138818444,-3.050825559593668,8.0,6.0,10.330597517591471,-2.6649955931417457,0.5,0.5,0.5,1.0,-1.3324977965708729
2.129515659952739,2.2812634496703748,-2.5931888021072584,8.0,6.0,6.949214913750876,-3.1253343367547557,0.5,0.5,0.5,1.0,-1.5626671683773778
6.474035724261312,3.0763417916514655,-1.7788119721494873,8.0,6.0,3.2979303040049923,2.8685658001004612,0.5,0.5,0.5,1.0,1.4342829000502306
5.065233553486093,0.8553939726173976,-1.8036096767706686,8.0,6.0,5.922822407650366,2.855994088634586,0.5,0.5,0.5,1.0,1.427997044317293
6.216030742262693,1.4668580346400386,-0.8239460064009534,8.0,6.0,4.8715420957494935,2.0198179521209836,0.5,0.5,0.5,1.0,1.0099089760604918
5.7965182003066715,2.8911338584841832,-2.521968451449862,8.0,6.0,3.810561733844919,-2.8070104814674184,0.5,0.48607007344608383,0.5,0.5,-1.2217304763960306
1.949243418408472,4.101721386861473,-0.8140018394425481,8.0,6.0,6.341539001123649,1.1180030854981762,0.22689951369389164,0.16277909397538143,0.5,0.25,-1.5707963267948966
2.160127173466643,1.56309172984178,-1.6353619303483282,8.0,6.0,7.33418500093099,2.2850809371158327,0.5,0.5,0.5,1.0,1.1425404685579164
7.394229983939658,2.7945368788045775,-2.6804448148238875,8.0,6.0,3.262200351557465,-2.218721947813451,0.5,0.5,0.5,1.0,-1.1093609739067254
3.6553483222958434,6.244642994450796,-2.255044153601936,8.0,6.0,4.351534027824141,2.1987945529678554,0.5,0.5,0.5,1.0,1.0993972764839277
5.077644531584254,6.156534024937304,0.9561796696450628,8.0,6.0,2.9265447860476157,-1.0096928640238985,0.5,0.5,0.5,1.0,-0.5048464320119492
3.240056368424794,3.7152568340468894,2.0741172977546825,8.0,6.0,5.279878285542462,-1.6266024069637859,0.5,0.39580294178378295,0.5,0.5,-1.2217304763960306
3.8490225800630107,1.2051917972409685,-1.0035981604761242,8.0,6.0,6.341987010556868,1.8608427362867297,0.5,0.15547480321711982,0.5,0.5,-1.2217304763960306
5.959554139745537,4.8793225217928455,0.9510364566465951,8.0,6.0,2.3279470180376363,-0.44878332922146963,0.5,0.5,0.5,1.0,-0.22439166461073481
7.482221909524245,1.3007805833365094,2.534959010466989,8.0,6.0,4.727658752165164,-1.07390385948798,0.5,0.5,0.5,1.0,-0.53695192974399
2.2506126424387345,3.55509319986915,-2.249358712228062,8.0,6.0,6.2476414948852,2.651438121373752,0.5,0.5,0.5,1.0,1.325719060686876
4.698246176223276,2.3146572259582623,-0.7663516558680744,8.0,6.0,4.948063224637077,1.6065943838608658,0.5,0.5,0.5,1.0,0.8032971919304329
1.4929335740880112,0.4714700188182599,-1.5118382737285305,8.0,6.0,8.538533669433903,2.2161113482536945,0.5,0.5,0.5,1.0,1.1080556741268472
3.3343356407716813,3.2754627539974743,0.06850426739483018,8.0,6.0,5.402918388966136,0.46003376428094245,0.022868544018433523,0.07550682633566172,0.021568420505301833,0.25,-1.5707963267948966
2.885010035799804,1.7638211941681705,2.0449130203358394,8.0,6.0,6.641410483387359,-1.3532183909611994,0.5,0.5,0.5,1.0,-0.6766091954805997
4.128131611329686,1.7586917550773453,2.363045901775679,8.0,6.0,5.742826869028296,-1.5321433885184068,0.5,0.5,0.5,1.0,-0.7660716942592034
-0.7832071818931967,-0.02874340380403151,-2.0606437467558827,8.0,6.0,10.653190856685656,2.6621798896300986,0.5,0.5,0.5,1.0,1.3310899448150493
2.484649246846982,2.741290217137518,-0.6917851734900949,8.0,6.0,6.4061129695962435,1.225444834144583,0.5,0.5,0.5,1.0,0.6127224170722915
5.889943372995943,3.2275888453480572,-1.2428744072538858,8.0,6.0,3.4840497383938502,2.163109217100866,0.5,0.5,0.5,1.0,1.081554608550433
-0.9520934924937161,3.5766139687375365,-2.4808476522123013,8.0,6.0,9.274307400278815,2.745217462846371,0.5,0.5,0.5,1.0,1.3726087314231854
3.0025579488394616,2.9232170657486565,-2.033710718389056,8.0,6.0,5.86864722736066,2.5855738001083255,0.5,0.5,0.5,1.0,1.2927869000541627
0.31101038505947987,1.203047174531119,2.2725652187681074,8.0,6.0,9.062633045006129,-1.7147767589444218,0.5,0.5,0.5,1.0,-0.8573883794722109
7.999732502154336,1.5067071861508845,-3.0920054945287117,8.0,6.0,4.49329282181155,-1.6204430185542535,0.5,0.5,0.5,1.0,-0.8102215092771268
4.865495123734309,-0.07258904584305181,-0.5979109067337062,8.0,6.0,6.833846540494337,1.6922053075529966,0.5,0.5,0.5,1.0,0.8461026537764983
3.5133308311387363,2.3331987316944867,2.0969370316520877,8.0,6.0,5.794448357873003,-1.4117564710056623,0.5,0.5,0.1365705840558058,0.5,1.2217304763960306
1.6753913547987342,3.443960432453025,0.7937480460804959,8.0,6.0,6.821584331064179,-0.4096761441008424,0.5,0.5,0.5,1.0,-0.2048380720504212
7.058210136447581,5.990725258749457,-3.0424211456888366,8.0,6.0,0.9418355312448922,3.0522688216898137,0.08777882355851208,0.5,0.05570409522132247,0.25,1.5707963267948966
3.6387762678462607,5.490965294532703,1.833839805412821,8.0,6.0,4.390830077931867,-1.7176472195040149,0.5,0.5,0.5,1.0,-0.8588236097520074
4.998381148405939,-0.11257190401303507,2.880788969772517,8.0,6.0,6.809790819986645,-1.7664599783834538,0.5,0.5,0.5,1.0,-0.8832299891917269
7.833214867430824,3.9565291188522016,-0.40343294832514254,8.0,6.0,2.050265963855684,1.8927912394226365,0.5,0.5,0.5,1.0,0.9463956197113182
6.448397058051168,-0.9032696429818188,2.2072203334737743,8.0,6.0,7.075493159715342,-0.8575133191209209,0.5,0.5,0.5,1.0,-0.42875665956046044
2.349273335133312,-0.6851716329320254,-1.1232882195823584,8.0,6.0,8.753412568980995,1.9923471278013039,0.5,0.5,0.5,1.0,0.9961735639006519
1.5524392273720862,6.103364034128972,1.4158763355838808,8.0,6.0,6.448389259364053,-1.4319064567387156,0.13715566777902105,0.5,0.09855043597244617,0.25,1.5707963267948966
2.960502292367533,-0.9385368627763429,-2.8553027554956554,8.0,6.0,8.57553677278216,-2.4852496222456715,0.5,0.5,0.5,1.0,-1.2426248111228357
5.8681411107050225,0.24043369184549768,-0.4901592447489189,8.0,6.0,6.141451488198412,1.706450528570724,0.5,0.5,0.5,1.0,0.853225264285362
1.3471354691256154,6.352642216920097,0.022461079217595156,8.0,6.0,6.662204064671148,-0.07541759210064637,0.1739285797661998,0.2214405133025829,0.5,0.25,-1.5707963267948966
1.316231402375183,0.11197609942926334,2.4811156489935815,8.0,6.0,8.907389523327687,-1.7589291999833683,0.5,0.5,0.5,1.0,-0.8794645999916841
3.8196977362119524,-0.22266504440535506,-0.5058982668992826,8.0,6.0,7.496431635884888,1.4851558726494112,0.5,0.5,0.5,1.0,0.7425779363247056
0.10152639323615764,0.8692024871561213,1.3504239220556118,8.0,6.0,9.418650032491383,-0.7743344836119602,0.5,0.5,0.5,1.0,-0.3871672418059801
6.584171415508121,2.379353127270722,-1.730999485035044,8.0,6.0,3.887628371857138,2.9290347617116343,0.5,0.5,0.1968705640561017,0.5,1.2217304763960306
2.4404744270628767,2.210527894429643,1.7597153316871503,8.0,6.0,6.728181287319604,-1.1614331786302112,0.5,0.5,0.5,1.0,-0.5807165893151056
7.261594160772852,1.2490219135245866,1.984825323329288,8.0,6.0,4.808017882825971,-0.5682172305018097,0.5,0.5,0.5,1.0,-0.28410861525090486
1.593050552498951,6.9167531049228685,-1.9896412392191034,8.0,6.0,6.472204993525755,1.8475186367784517,0.5,0.09124439074085466,0.5,0.5,-1.2217304763960306
0.8143985060981778,6.798637962940131,-0.7376680166770095,8.0,6.0,7.229847261527262,0.6269781056670376,0.5,0.5,0.5,1.0,0.3134890528335188
4.107840973973754,-0.8176857585541404,-1.1156767494084412,8.0,6.0,7.850461195768662,2.167731905297348,0.5,0.5,0.5,1.0,1.083865952648674
-0.5660528695241681,-0.15189945117113446,-2.533597640981541,8.0,6.0,10.546237652395423,-3.126769545938863,0.5,0.5,0.5,1.0,-1.5633847729694315
2.0201049691173147,-0.9449517935147043,-0.42646030754883685,8.0,6.0,9.164687664869902,1.2863869595644943,0.5,0.5,0.5,1.0,0.6431934797822472
1.370502468060458,1.981336579070529,0.4109292727032099,8.0,6.0,7.752412090227727,0.13402136358779612,0.5,0.5,0.5,1.0,0.06701068179389806
2.4674022413285117,-0.014246119021066761,2.0596810223817466,8.0,6.0,8.171951684843513,-1.2325944711668635,0.5,0.5,0.5,1.0,-0.6162972355834317
5.890582126842446,4.776264459777365,-1.553655582477144,8.0,6.0,2.4386825205427054,2.0793362741890937,0.5,0.5,0.5,1.0,1.0396681370945469
-0.01917148428927673,5.909873734391376,1.4325650074202003,8.0,6.0,8.01967792608848,-1.4213266305624443,0.5,0.5,0.5,1.0,-0.7106633152812222
4.963379703517034,2.184603988231861,0.9316337212500366,8.0,6.0,4.876300806105846,-0.033064765272978185,0.5,0.5,0.5,1.0,-0.016532382636489092
1.6401915576996644,2.5371702652153383,2.021246477967445,8.0,6.0,7.24143308985614,-1.5226461458246958,0.10419683595646467,0.09446978889081092,0.5,0.25,-1.5707963267948966
-0.9199952184853153,3.01513219677092,-0.830809711713816,8.0,6.0,9.406154926459296,1.15372376740769,0.5,0.5,0.5,1.0,0.576861883703845
3.7087051895922922,-0.7334078406092281,-2.63954335779368,8.0,6.0,7.984609714808229,-2.6402509553017834,0.5,0.5,0.5,1.0,-1.3201254776508917
-0.02027208517485124,2.5037812166632927,0.3279348454963273,8.0,6.0,8.749189111065743,0.08315094462009108,0.4401077872762805,0.5,0.5,0.1,0.8726646259971648
3.8733166237019976,5.46782114671338,1.8279293607093003,8.0,6.0,4.160856885318184,-1.6996767876672854,0.5,0.5,0.5,1.0,-0.8498383938336427
4.553282891069911,4.5933551358938915,-2.670123170063765,8.0,6.0,3.7227017880442004,3.057602595846806,0.5,0.5,0.5,1.0,1.528801297923403
2.7876042165323436,1.637584031375102,3.0469565433382026,8.0,6.0,6.797039273597359,-2.3500987674142726,0.5,0.5,0.5,1.0,-1.1750493837071363
1.3716314435410841,6.873813823799081,2.636291320607383,8.0,6.0,6.685717636792301,-2.767364895183096,0.5,0.5,0.5,1.0,-1.383682447591548
1.7620744487987885,3.9928572977005024,-1.1227702995068882,8.0,6.0,6.552887684809122,1.4340729793162628,0.5,0.3825158721818589,0.5,0.5,-1.2217304763960306
3.3459358529432457,0.24132713600024847,2.6555936833096374,8.0,6.0,7.404230293520469,-1.7645083308680063,0.5,0.5,0.5,1.0,-0.8822541654340031
-0.6801927775957366,3.813590691425688,1.5249305318328492,8.0,6.0,8.951320144025997,-1.2781786531049448,0.5,0.5,0.5,1.0,-0.6390893265524724
0.6127895977184372,1.454263247087316,2.3463112800147297,8.0,6.0,8.673788108684583,-1.7946797524641502,0.5,0.5,0.5,1.0,-0.8973398762320751
4.981776869175436,3.016277104650068,0.4722306942025742,8.0,6.0,4.244086849215013,0.3074193576071158,0.5,0.5,0.5,1.0,0.1537096788035579
1.5429076813974634,3.793605610306029,2.8846715016617583,8.0,6.0,6.823651325634166,-2.555409117138789,0.5,0.30278621830761565,0.5,0.5,-1.2217304763960306
3.9567981889987314,1.8908878782735155,0.5377041158426198,8.0,6.0,5.764744861084788,0.25577873065838747,0.5,0.4247315132269097,0.5,0.5,-1.2217304763960306
0.6973290581817801,6.753526534169061,-1.4077392823462742,8.0,6.0,7.341444348503436,1.30491811039875,0.5,0.5,0.5,1.0,0.652459055199375
4.332368557543018,4.347550457101235,2.129856897487854,8.0,6.0,4.022699328749965,-1.706546093807007,0.5,0.5,0.5,1.0,-0.8532730469035035
7.696721633082175,3.3694224833762236,0.4217515103523856,8.0,6.0,2.648002235423312,1.0342619275539486,0.5,0.5,0.5,1.0,0.5171309637769743
6.629553436357542,1.9105219383015681,-2.0572408865730805,8.0,6.0,4.312998330733758,-2.9785015371042682,0.5,0.5,0.15503938694453234,0.5,1.2217304763960306
2.9366071386706216,1.4273799428181233,-0.7658748912823383,8.0,6.0,6.822521634667295,1.5003859174064194,0.5,0.5,0.5,1.0,0.7501929587032097
4.306745756667577,5.566753507457362,-1.1436332622913032,8.0,6.0,3.718578952932618,1.2604070892662318,0.5,0.10046079688890475,0.5,0.5,-1.2217304763960306
2.8164825832165334,5.695446720464997,2.251633156438214,8.0,6.0,5.1924565968501915,-2.1929464511626824,0.5,0.5,0.5,1.0,-1.0964732255813412
2.8442388811481485,1.654943858544189,2.45746397532457,8.0,6.0,6.7425058833543,-1.7571896353056788,0.5,0.5,0.5,1.0,-0.8785948176528394
-0.2609264872640572,3.0569039584620876,-2.248822610139419,8.0,6.0,8.769533667059898,2.591069615392068,0.5,0.5,0.5,1.0,1.295534807696034
5.45744674910463,0.6694580220158315,-1.496431492313644,8.0,6.0,5.905866135690005,2.6221665442862534,0.5,0.5,0.5,1.0,1.3110832721431267
1.3491332301726504,0.40788845301664,2.436169289920464,8.0,6.0,8.689403911885918,-1.7370350780075139,0.5,0.5,0.5,1.0,-0.8685175390037569
6.253734885910462,0.5130237257716237,-1.6859113523314548,8.0,6.0,5.758155128392362,2.948587207634457,0.5,0.5,0.5,1.0,1.4742936038172285
6.373275484983974,3.855400201701772,-0.7327741164347744,8.0,6.0,2.6917542500412113,1.6546380046956948,0.5,0.14603853816475743,0.5,0.5,-1.2217304763960306
2.4395431651719797,6.988187007570422,-2.007252560849588,8.0,6.0,5.647583002835517,1.8313719737534104,0.16655009587278424,0.5,0.18647368871112668,0.25,1.5707963267948966
2.6574297148030537,6.771783802958398,-0.2533664126165104,8.0,6.0,5.398028111336426,0.10989962685609324,0.5,0.5,0.5,1.0,0.05494981342804662
3.6266001081080432,-0.7458219232428975,-3.080837520485738,8.0,6.0,8.039448988239497,-2.2067393920667193,0.5,0.5,0.5,1.0,-1.1033696960333597
0.02518736684702194,1.3619155687278415,-2.312197122975108,8.0,6.0,9.225479051274547,2.8389710914127373,0.5,0.5,0.5,1.0,1.4194855457063686
1.8195420122751829,4.602439671599886,-0.7062622714858798,8.0,6.0,6.336500280876607,0.9286479033507209,0.5,0.5,0.5,1.0,0.46432395167536045
0.6001864895401747,4.0085047548197315,-1.218957219666535,8.0,6.0,7.6631125074058115,1.481855902983803,0.3850607912039353,0.5,0.5,0.1,0.8726646259971648
3.835895307180717,6.756650222236561,-2.2399970116098076,8.0,6.0,4.2322910405086995,2.0602503821986797,0.5,0.5,0.5,1.0,1.0301251910993399
2.529307195966795,3.351622194209704,0.8001329980797979,8.0,6.0,6.078024741501412,-0.3492838234656663,0.5,0.24922714806194662,0.5,0.5,-1.2217304763960306
5.174044483977683,4.065693093741194,-1.0264951860333524,8.0,6.0,3.4245536623241097,1.6267281704499676,0.5,0.5,0.5,1.0,0.8133640852249838
1.9734050841582533,0.003551226636971272,-1.2217679262184682,8.0,6.0,8.501602447257609,2.0046587312395148,0.5,0.5,0.5,1.0,1.0023293656197574
3.059707985322487,0.2096073204196367,2.8817665837156063,8.0,6.0,7.6115131592886485,-2.0173120568550704,0.5,0.5,0.5,1.0,-1.0086560284275352
-0.6219143627688453,4.543980204823275,2.6668501770966966,8.0,6.0,8.743992276006777,-2.499554299306853,0.5,0.5,0.5,1.0,-1.2497771496534265
2.1650310701330864,-0.48880071592716234,2.6539950651248994,8.0,6.0,8.72647678868907,-1.8155920684696174,0.5,0.5,0.5,1.0,-0.9077960342348087
1.2032265803084572,0.3675006472975495,2.4636032320175865,8.0,6.0,8.827297314400314,-1.771604467209577,0.5,0.5,0.5,1.0,-0.8858022336047885
7.9680909398462525,6.1596674710790715,-0.34252377511991333,8.0,6.0,0.16282471999264,-1.031024141282377,0.5,0.5,0.5,0.08141235999632,-0.5155120706411885
2.37498099934448,-0.34801746962600877,-1.300442186808794,8.0,6.0,8.481636902886883,2.1461526698221824,0.5,0.5,0.5,1.0,1.0730763349110912
1.4374413817071519,0.3725260276674458,-0.12146966950320193,8.0,6.0,8.644977670752544,0.8303088087581493,0.5,0.5,0.5,1.0,0.41515440437907464
-0.24218062676215157,-0.30424078287715695,-1.3790659215072998,8.0,6.0,10.376752542711275,2.032019478017127,0.5,0.5,0.5,1.0,1.0160097390085634
1.8498637159857179,4.347562739595499,-0.30890260991054924,8.0,6.0,6.368259197890906,0.5713865531075141,0.3479493912309823,0.5,0.5,0.1,0.8726646259971648
7.801395626965638,5.422038865256657,2.373787831815929,8.0,6.0,0.6111323672185794,-1.133979621891134,0.5,0.5,0.5,0.3055661836092897,-0.566989810945567
1.4282013514109715,4.545578167087203,-2.678727787366964,8.0,6.0,6.730815726615163,2.8965297481442964,0.5,0.5,0.5,1.0,1.4482648740721482
-0.5583825696406248,2.063087545305864,-2.1487581962204407,8.0,6.0,9.420466648964597,2.579902383046497,0.5,0.5,0.5,1.0,1.2899511915232484
6.065003013390751,0.1747648521245848,-0.4458436660836344,8.0,6.0,6.138206404661705,1.695932377591404,0.5,0.5,0.5,1.0,0.847966188795702
-0.8526352925809882,0.2693945185786202,1.8840904385507904,8.0,6.0,10.545567353497262,-1.3095921710006064,0.5,0.5,0.5,1.0,-0.6547960855003032
5.161083852393164,2.3645620707879065,-1.24842389213994,8.0,6.0,4.612575617840509,2.1562341509788,0.5,0.41577785886450963,0.5,0.5,-1.2217304763960306
7.640275350280142,-0.5908927737119143,-0.9312699949148234,8.0,6.0,6.600702188266337,2.4475413722317994,0.5,0.5,0.5,1.0,1.2237706861158997
6.547048922505411,2.353369872869152,0.04027927460847656,8.0,6.0,3.92542712551017,1.15135912004906,0.5,0.5,0.5,1.0,0.57567956002453
4.082231210218224,5.095165737470084,2.0596510073506944,8.0,6.0,4.020900065014824,-1.8326743430034238,0.5,0.4378512196990061,0.5,0.5,-1.2217304763960306
2.435098807276223,-0.6477709097707454,1.128583200228039,8.0,6.0,8.669543433974635,-0.254748600283073,0.5,0.5,0.5,1.0,-0.1273743001415365
3.0210017960358897,3.198954759874093,-1.314024223682674,8.0,6.0,5.712816954210053,1.826468416723662,0.5,0.32414288425084636,0.5,0.5,-1.2217304763960306
4.980325996032121,-0.015945601050668223,-0.13446768995507488,8.0,6.0,6.73127272995533,1.2400615935018324,0.5,0.5,0.5,1.0,0.6200307967509162
1.5007360348504384,-0.09127768233398736,-2.1942101097917535,8.0,6.0,8.907530291387827,2.9472154195168723,0.5,0.5,0.5,1.0,1.4736077097584361
7.15194291974446,0.4690302117316296,0.7540004247959666,8.0,6.0,5.595607885664346,0.6646519836072068,0.5,0.5,0.5,1.0,0.3323259918036034
1.753158248462153,2.6125171720650586,-1.1893592138909717,8.0,6.0,7.106199531276232,1.6862493028431405,0.5,0.5,0.5,1.0,0.8431246514215702
1.2302137720089523,4.047525589309319,-0.08707348895318377,8.0,6.0,7.045719402381788,0.3678636832742265,0.5,0.5,0.5,1.0,0.18393184163711326
3.838034678483184,4.03350222060071,2.7765947242940054,8.0,6.0,4.6031585736199565,-2.335194195512688,0.5,0.5,0.5,1.0,-1.167597097756344
5.049007995929374,3.0717869651578456,-0.04195993477699438,8.0,6.0,4.157256954472296,0.8234836193810049,0.5,0.5,0.5,1.0,0.41174180969050245
-0.2793916648606297,4.534273271533906,1.708028959094347,8.0,6.0,8.40813184855611,-1.5328112478151386,0.5,0.5,0.5,1.0,-0.7664056239075693
2.270715282948248,1.4233556935168998,-1.3134730640928283,8.0,6.0,7.332828681832608,1.987491638644326,0.5,0.5,0.5,1.0,0.993745819322163
0.6895545871576423,4.569319357932237,-3.1365469424314334,8.0,6.0,7.449124729371585,-2.953377330587421,0.5,0.5,0.5,1.0,-1.4766886652937106
6.845528429804278,0.9693207044571679,-2.347703864627022,8.0,6.0,5.161447353310261,-2.590265481435835,0.5,0.5,0.5,1.0,-1.2951327407179174
4.047959628277818,6.443342731546838,2.5860813261919207,8.0,6.0,3.9768298778471043,-2.6977949871236184,0.5,0.5,0.5,1.0,-1.3488974935618092
0.31287748475650545,6.276446324762657,-2.9063065639830317,8.0,6.0,7.692091726886663,2.870359791698188,0.5,0.5,0.5,1.0,1.435179895849094
2.814370288501091,2.1287473755884987,-0.4467834205371165,8.0,6.0,6.471271311480704,1.0880630586947133,0.5,0.5,0.5,1.0,0.5440315293473567
1.9520514493583643,-0.844476753721926,-2.7940117802777977,8.0,6.0,9.133703723213715,-2.642071143834985,0.5,0.5,0.5,1.0,-1.3210355719174924
6.623593228009018,-0.10622339339906706,1.6605307238746767,8.0,6.0,6.259429665079451,-0.31143950987458685,0.5,0.5,0.5,1.0,-0.15571975493729343
-0.4030087882641612,4.059699594980558,0.19228897609217613,8.0,6.0,8.624112844656159,0.034639186218426175,0.5,0.5,0.5,1.0,0.017319593109213088
1.8887504313660157,0.4833194392110052,-1.1247564299360773,8.0,6.0,8.232929958399758,1.8590662540918308,0.5,0.5,0.5,1.0,0.9295331270459154
2.9894026441955877,1.901969047186352,1.2523732722252108,8.0,6.0,6.473016572836261,-0.5668289345160834,0.5,0.5,0.5,1.0,-0.2834144672580417
3.2989481878718037,2.8953245547864306,-1.451242271613715,8.0,6.0,5.633728584199444,2.0349087910169055,0.5,0.012943903572481097,0.5,0.5,-1.2217304763960306
-0.7605100518016548,5.251465457517347,-2.1070552422343356,8.0,6.0,8.792430854377391,2.1922923877549376,0.5,0.5,0.5,1.0,1.0961461938774688
6.096622303574893,-0.8895398587238441,1.4195676627349862,8.0,6.0,7.147629405627653,-0.1183184814392684,0.5,0.5,0.5,1.0,-0.0591592407196342
0.8523054749717236,5.86972310872428,2.33598419844789,8.0,6.0,7.148881667192405,-2.3177597950973627,0.5,0.21042497020222614,0.5,0.5,-1.2217304763960306
1.37129361406602,0.7346375082146217,0.611627854969613,8.0,6.0,8.465446858897778,0.05964454387938139,0.5,0.5,0.5,1.0,0.029822271939690694
6.187830463332365,3.7936704207923144,-3.1016419342003396,8.0,6.0,2.8551442418401476,-2.2983715843681245,0.5,0.5,0.5,1.0,-1.1491857921840622
4.529856012704309,-0.5578273268806946,-0.9461140209208696,8.0,6.0,7.419366451507004,2.0302072990878397,0.5,0.5,0.5,1.0,1.0151036495439199
3.814899104207507,6.406901839693426,1.5118282211876206,8.0,6.0,4.204835147197691,-1.608749880164861,0.5,0.5,0.5,1.0,-0.8043749400824305
3.3813890403586626,1.5703536585747084,0.2579811058550816,8.0,6.0,6.399479190263966,0.5065360030904358,0.5,0.5,0.5,1.0,0.2532680015452179
3.431876517220198,0.7583783179444641,2.8568939859114812,8.0,6.0,6.952866316255403,-2.0029473578052164,0.5,0.5,0.5,1.0,-1.0014736789026082
5.282398906529893,2.4100031680008405,-0.9133727747671031,8.0,6.0,4.502602909095351,1.836207718884889,0.37678999496661375,0.3758157926143588,0.5,0.25,-1.5707963267948966
4.225570758671549,6.0519884866668425,-1.023529873282172,8.0,6.0,3.7747872656006956,1.0097568771613077,0.4052499075791079,0.3981456767149564,0.5,0.25,-1.5707963267948966
0.7595821665832534,3.6816547337807037,2.306297684161435,8.0,6.0,7.602524263418084,-1.996417903171223,0.5,0.5,0.5,1.0,-0.9982089515856115
0.08745139265615531,-0.633201613663549,-2.6515507817753345,8.0,6.0,10.325104799036556,-2.933963930800567,0.5,0.5,0.5,1.0,-1.4669819654002836
0.9237668004751081,1.898954057801439,0.23661267564710084,8.0,6.0,8.178731815757354,0.28863591250084375,0.5,0.49893632309208413,0.5,0.5,-1.2217304763960306
7.840750537685707,-0.9962506216074605,-2.22909238454315,8.0,6.0,6.998062814207241,-2.506054781097219,0.5,0.5,0.5,1.0,-1.2530273905486096
3.737668537228571,0.6486184348172754,-0.9587786129795861,8.0,6.0,6.841400014230182,1.8569768159428075,0.5,0.5,0.5,1.0,0.9284884079714038
-0.13771641531711898,1.282392704029312,1.7425114788955436,8.0,6.0,9.406287634083785,-1.2171362782963042,0.5,0.5,0.5,1.0,-0.6085681391481521
6.218329397266154,-0.8749900146465528,0.6905603371565608,8.0,6.0,7.102100945363688,0.626661965112214,0.5,0.5,0.5,1.0,0.313330982556107
0.685225469908656,4.121284894835741,1.885116581290037,8.0,6.0,7.552184907193772,-1.6337121895719928,0.5,0.5,0.5,1.0,-0.8168560947859964
3.515295365880382,0.32757083145765176,1.3395603581193225,8.0,6.0,7.231115289319069,-0.4377558369081559,0.5,0.5,0.5,1.0,-0.21887791845407795
1.9336087211470177,4.040578512313838,0.8789776514182134,8.0,6.0,6.374985154065049,-0.5665591636449774,0.5,0.5,0.17116090915133608,0.5,1.2217304763960306
-0.24510418256651867,-0.14766826010103173,-1.551216135423923,8.0,6.0,10.284724985026557,2.1919045351127555,0.5,0.5,0.5,1.0,1.0959522675563778
4.419738239190692,4.070995628186308,-2.4415320352420506,8.0,6.0,4.066857772579428,2.935726949737962,0.5,0.4839075772824335,0.5,0.5,-1.2217304763960306
5.064023460105609,1.578146187947982,0.7088588129298719,8.0,6.0,5.307800804285067,0.2758044301398158,0.5,0.5,0.5,1.0,0.1379022150699079
2.2631730219342656,4.808452784316566,-1.9803333188579662,8.0,6.0,5.859263481314504,2.1851230219982214,0.5,0.44632622968708013,0.5,0.5,-1.2217304763960306
6.614819184766007,3.195239085551628,1.5078316784826782,8.0,6.0,3.128163946808028,-0.3957650952109688,0.4551245049311276,0.5,0.46307445837671096,0.25,1.5707963267948966
-0.6700489235918441,5.438181034835538,2.8415973019410057,8.0,6.0,8.68823278274095,-2.7768877969336763,0.5,0.5,0.5,1.0,-1.3884438984668381
2.0704236565742526,2.813938652078739,0.6463349487120521,8.0,6.0,6.731334379246963,-0.1532813913489007,0.5,0.5,0.5,1.0,-0.07664069567445035
5.451835059254327,2.0389656346328797,-2.53865008005428,8.0,6.0,4.709876623528976,-2.74539530515593,0.5,0.5,0.5,1.0,-1.372697652577965
1.8281616868313044,0.25786137250428354,2.8573538864643617,8.0,6.0,8.429931445822996,-2.1080069520332234,0.5,0.5,0.5,1.0,-1.0540034760166117
0.007512125035482153,1.0605592922234743,0.6230069731642743,8.0,6.0,9.395633929495906,-0.06944967625878014,0.5,0.5,0.5,1.0,-0.03472483812939007
4.000477666362389,-0.6468517197799981,-2.7189132412479196,8.0,6.0,7.757371763813332,-2.53515663481722,0.5,0.5,0.5,1.0,-1.26757831740861
7.402448802501752,6.649866776552431,-2.068657997224262,8.0,6.0,0.8828330877907993,1.2413453031212454,0.5,0.5,0.21695245972589916,0.5,1.2217304763960306
6.52823810096499,5.376226126291559,2.101277357578703,8.0,6.0,1.598492080985193,-1.7003998397277296,0.5,0.5,0.4530703723891065,0.5,1.2217304763960306
5.833840151678394,3.393644517212161,1.4987343367797792,8.0,6.0,3.3890024182846066,-0.6213608457344774,0.5,0.5,0.5,1.0,-0.3106804228672387
0.05229449069551784,-0.6299063552650619,2.7340517143421232,8.0,6.0,10.349960441577199,-2.0388073430814337,0.5,0.5,0.5,1.0,-1.0194036715407169
4.814201132292592,-0.5890301319889737,0.44711284827264264,8.0,6.0,7.318786272719298,0.6733224420841146,0.5,0.5,0.5,1.0,0.3366612210420573
-0.13350886557215524,1.6709126442576698,-2.463778048071126,8.0,6.0,9.2138463086807,2.952894181243925,0.5,0.5,0.5,1.0,1.4764470906219624
3.972462830949654,4.821163277293651,-0.896651415067742,8.0,6.0,4.196511845197523,1.1813922264906689,0.5,0.5,0.5,1.0,0.5906961132453344
4.7407643652711995,1.824224205971757,1.304388690487669,8.0,6.0,5.297142664180214,-0.3963357938445268,0.5,0.5,0.5,1.0,-0.1981678969222634
2.2884348177485774,5.714815362094701,-0.7932371963366786,8.0,6.0,5.718680539145713,0.8431268471621343,0.3086128480623327,0.5,0.5,0.1,0.8726646259971648
5.418866903173296,0.05721553937990276,-0.315710846274029,8.0,6.0,6.479115310667184,1.4767600487443955,0.5,0.5,0.5,1.0,0.7383800243721977
5.455852951332252,2.9710354297857204,0.580595247935289,8.0,6.0,3.9556681575756816,0.29157671457307255,0.5,0.5,0.5,1.0,0.14578835728653627
0.45702225249608963,6.740749337470974,-0.7716290430655453,8.0,6.0,7.579262687115604,0.6737390868179787,0.5,0.5,0.5,1.0,0.33686954340898934
2.829785230290173,3.0796959382733187,-2.8990636286019313,8.0,6.0,5.937953904996484,-2.869962301447556,0.5,0.5,0.5,1.0,-1.434981150723778
-0.7292854495764332,4.529597375683595,0.5554975883760784,8.0,6.0,8.852260069484144,-0.388619348802648,0.5,0.5,0.5,1.0,-0.194309674401324
0.47908988240125483,6.279529576082138,-0.5735172666112621,8.0,6.0,7.526102961088417,0.5363673784148805,0.5,0.5,0.39311780927419854,0.5,1.2217304763960306
1.9405667975526524,0.35068790473718536,0.6252323174732183,8.0,6.0,8.28441053332125,0.12515325521223852,0.5,0.5,0.5,1.0,0.06257662760611926
2.6258410254338242,1.887431598406076,-1.132750141647495,8.0,6.0,6.76718579187087,1.7859392306583115,0.5,0.5,0.5,1.0,0.8929696153291558
7.976122087001862,6.051785199539628,1.2393271091477802,8.0,6.0,0.057025096409438494,-2.3780810459900543,0.5,0.5,0.5,0.028512548204719247,-1.1890405229950272
0.8967740276785019,5.9043282151883165,-3.0507602242786573,8.0,6.0,7.103870234194297,3.0642281894826766,0.27196285245544904,0.16727525042433705,0.5,0.25,-1.5707963267948966
5.374002945624878,1.7463186278131104,1.065681449822205,8.0,6.0,4.998966467748764,-0.04796215482994182,0.2616373253460732,0.5,0.1767556000633655,0.25,1.5707963267948966
-0.7387323164821691,5.485470777530383,0.5123520807931881,8.0,6.0,8.753866735329309,-0.45354081901955995,0.5,0.5,0.5,1.0,-0.22677040950977997
7.348369184679026,3.564952588494953,-2.554158804326326,8.0,6.0,2.5207297784080915,-2.4197083822212964,0.5,0.5,0.0781137761190509,0.5,1.2217304763960306
6.691021020198693,4.94713895571435,2.638160725019759,8.0,6.0,1.6798637885661862,-1.960780479953221,0.5,0.5,0.5,0.8399318942830931,-0.9803902399766105
1.0928888834423285,5.187445926698337,0.9633979883883876,8.0,6.0,6.954741411333256,-0.8462959890041116,0.5,0.5,0.5,1.0,-0.4231479945020558
0.2612903325478899,1.4608561069642834,0.1102334152786876,8.0,6.0,8.97170299323379,0.42023803260068104,0.5,0.5,0.5,1.0,0.21011901630034052
3.5653040550606594,6.330734692761977,-0.9294632811465221,8.0,6.0,4.447011756343556,0.8550222029302946,0.5,0.5,0.5,1.0,0.4275111014651473
7.046130013138843,5.7778354593885615,-2.6119828156290525,8.0,6.0,0.9794003445678361,2.84081192540793,0.5,0.5,0.2917327972604154,0.5,1.2217304763960306
-0.7188704264066288,4.220027521383243,-1.318889811340731,8.0,6.0,8.898707970098872,1.5202742130811875,0.5,0.5,0.5,1.0,0.7601371065405937
5.121810405361068,4.8070818575178045,-1.3331125276620517,8.0,6.0,3.1156105400628924,1.7260289608953765,0.5,0.5,0.5,1.0,0.8630144804476882
3.572693668565333,-0.5036116823016386,-0.01101430635694466,8.0,6.0,7.8675285996640545,0.9841241689533692,0.5,0.5,0.5,1.0,0.4920620844766846
7.373574113662736,2.113176689950371,1.8899532667773808,8.0,6.0,3.9369791508996568,-0.4789494221996365,0.5,0.5,0.16750878059890123,0.5,1.2217304763960306
7.565834618280279,5.944953460657967,2.1023902691408027,8.0,6.0,0.4376410631754805,-1.976276125941923,0.5,0.5,0.5,0.21882053158774026,-0.9881380629709615
5.38597723721658,-0.6344177988616346,2.078998121922761,8.0,6.0,7.130821448767451,-0.8835331901122921,0.5,0.5,0.5,1.0,-0.44176659505614607
1.246105438281913,1.6495286128304585,2.372369454358681,8.0,6.0,8.033784478151379,-1.800122921702651,0.5,0.5,0.5,1.0,-0.9000614608513255
4.184672029412347,-0.2917234359270653,0.16380908308984823,8.0,6.0,7.358159506109009,0.8618720217812581,0.5,0.5,0.5,1.0,0.43093601089062905
1.2216738157961724,5.135823344694547,-1.3378505601381265,8.0,6.0,6.833191578686941,1.4646576305579493,0.5,0.5,0.5,1.0,0.7323288152789746
4.582650811728874,1.7368215684667083,1.47106729073709,8.0,6.0,5.463786765025515,-0.5759846637317868,0.5,0.5,0.5,1.0,-0.2879923318658934
7.0446611960678105,1.2017949602462457,2.0005449610110477,8.0,6.0,4.892386312814731,-0.6262819034829629,0.5,0.5,0.5,1.0,-0.31314095174148143
-0.9972726985053233,0.7131201980167274,-1.560068288498932,8.0,6.0,10.435612777977532,2.0913270500929775,0.5,0.5,0.5,1.0,1.0456635250464887
-0.9094654747836838,3.5668170147627363,0.40283345212545313,8.0,6.0,9.235743309880942,-0.13623368088593568,0.5,0.5,0.5,1.0,-0.06811684044296784
-0.9062449198266593,2.0423051426896546,0.04998477378952451,8.0,6.0,9.746001598374532,0.3681799022483018,0.5,0.5,0.5,1.0,0.1840899511241509
2.6938784546780083,6.403508748614031,-2.2520215365918155,8.0,6.0,5.321442019221697,2.1761217281164735,0.5,0.5,0.2091954062799931,0.5,1.2217304763960306
5.145740635868652,1.7325688677093085,0.9705249700248518,8.0,6.0,5.133981397178538,0.01076067208260768,0.5,0.5,0.4001711636302182,0.5,1.2217304763960306
0.7257992761951542,1.2640001488206956,-2.5940845046344205,8.0,6.0,8.680074352249141,-3.1119751058632468,0.5,0.5,0.5,1.0,-1.5559875529316234
5.723112556678558,4.440813461162412,1.1937338931666228,8.0,6.0,2.7595795137026204,-0.593290049028257,0.5,0.5,0.5,1.0,-0.2966450245141285
4.4359014231043945,-0.7641336244847743,0.3004085834844369,8.0,6.0,7.645672132371019,0.7854435805243218,0.5,0.5,0.5,1.0,0.3927217902621609
2.05304978839174,0.0202240280740984,1.9823827334503694,8.0,6.0,8.433500903762914,-1.1942322911016827,0.5,0.5,0.5,1.0,-0.5971161455508414
4.446050682615207,4.517342407179918,-0.567361722616892,8.0,6.0,3.850821897736492,0.9625951959877016,0.5,0.5,0.5,1.0,0.4812975979938508
7.908976566202787,5.468013833785968,0.9009266497864596,8.0,6.0,0.5397170986205079,0.5004095144599413,0.5,0.5,0.5,0.26985854931025394,0.25020475722997065
0.7613829852128782,-0.2611050811327926,2.7051953680165495,8.0,6.0,9.570737334382994,-1.992080830805599,0.5,0.5,0.5,1.0,-0.9960404154027995
3.49194764057419,6.079516537764061,2.5631805181514915,8.0,6.0,4.508753592191815,-2.5808174678575466,0.5,0.5,0.5,1.0,-1.2904087339287733
2.4018514224592806,2.4338953670736423,-0.7243280952013802,8.0,6.0,6.637497250409978,1.2915207957335393,0.5,0.5,0.5,1.0,0.6457603978667696
5.685603919968398,0.027213919432170997,1.7023085014705626,8.0,6.0,6.40551346727883,-0.501187943897139,0.5,0.5,0.5,1.0,-0.2505939719485695
4.443414481141223,-0.12734997090372158,-2.3986700522619726,8.0,6.0,7.084752516417902,-2.8396351367251333,0.5,0.5,0.5,1.0,-1.4198175683625667
1.3693452491751619,3.595152253738127,2.751155636946155,8.0,6.0,7.053288247855522,-2.403223982170419,0.002736495973527306,0.0005460674079215133,0.5,0.25,-1.5707963267948966
3.688052960532337,1.6871494911757026,0.10980995007637448,8.0,6.0,6.098652866218895,0.6756929658498458,0.5,0.5,0.454795872551716,0.5,1.2217304763960306
4.6322720598541505,6.145649839166758,-2.989430403372771,8.0,6.0,3.3708760514869587,2.9462086427965484,0.5,0.5,0.5,1.0,1.4731043213982742
6.4998908694521536,-0.985087016954318,1.9966255754428621,8.0,6.0,7.144352177627919,-0.6373748848774499,0.5,0.5,0.5,1.0,-0.31868744243872493
6.238985611285635,3.9397905392364603,0.2045729080399125,8.0,6.0,2.710283140094153,0.6589640681066656,0.26661036917907005,0.5,0.4269520891779284,0.25,1.5707963267948966
7.882777508869847,0.42032232651456347,0.08759449881157176,8.0,6.0,5.580908891248684,1.4621960895954096,0.5,0.5,0.5,1.0,0.7310980447977048
0.689133351653938,1.3576330274629385,-1.131537254244967,8.0,6.0,8.66027379807369,1.6972920331915191,0.5,0.5,0.5,1.0,0.8486460165957596
1.5911728013491655,3.9996043561718198,0.4047688686609122,8.0,6.0,6.713765619532266,-0.10221992183500588,0.5,0.5,0.5,1.0,-0.05110996091750294
0.8421404612609253,5.847022747038763,-2.733883548324675,8.0,6.0,7.15949406147121,2.755252222472984,0.09596607749224423,0.09677117046028616,0.5,0.25,-1.5707963267948966
-0.7058974312334013,1.6917997736520531,-2.6923102209898517,8.0,6.0,9.713559557312697,-3.131347941842392,0.5,0.5,0.5,1.0,-1.565673970921196
2.5787748219136732,3.473510642645123,0.6799492608925854,8.0,6.0,5.981039282962835,-0.24383961535693222,0.5,0.13829831520928626,0.5,0.5,-1.2217304763960306
2.726849780987331,-0.7275684830629316,-1.7490131337647494,8.0,6.0,8.547882248052732,2.6550173665232677,0.5,0.5,0.5,1.0,1.3275086832616338
1.0539578873378836,6.08852008717019,-0.1657367471356945,8.0,6.0,6.9466061380150395,0.15299347635468324,0.5,0.5,0.5,1.0,0.07649673817734162
0.3966743446435612,1.1581367185352658,0.6829034228322816,8.0,6.0,9.014111218406276,-0.11585754891413114,0.5,0.5,0.5,1.0,-0.05792877445706557
1.5215598770307617,5.755324226325177,2.9935487576988753,8.0,6.0,6.483058896934459,-2.9557990010602073,0.5,0.5,0.5,1.0,-1.4778995005301037
4.14979922128939,1.6189827671412695,2.916513453189925,8.0,6.0,5.832440143798216,-2.066716261167666,0.5,0.5,0.5,1.0,-1.033358130583833
0.38383649396774144,4.278084605279955,1.5096215458276838,8.0,6.0,7.808389025733251,-1.2872727428633537,0.5,0.5,0.5,1.0,-0.6436363714316768
3.5381471742893336,5.708237134490191,-1.196642561055063,8.0,6.0,4.471381912562687,1.2619401154556666,0.5,0.5,0.1966048071663956,0.5,1.2217304763960306
7.029024771075534,3.0438283906621377,-2.8550055573896227,8.0,6.0,3.1115500122993565,-2.174738867090928,0.5,0.5,0.5,1.0,-1.087369433545464
1.1149012567423884,0.8380822288683571,-1.4013606574336157,8.0,6.0,8.605229792418806,2.0446845450376903,0.5,0.5,0.5,1.0,1.0223422725188451
6.004446870240233,5.654270405386083,-0.7260188892933053,8.0,6.0,2.0252805352063956,0.8975660611226814,0.5,0.5,0.5,1.0,0.4487830305613407
6.5814074725854175,3.7011217831735896,1.7890358595488562,8.0,6.0,2.701341484269523,-0.7711235229766922,0.04017129736439712,0.5,0.015502352714875156,0.25,1.5707963267948966
1.376405980932573,1.7211061924398408,2.0485093068684757,8.0,6.0,7.885488567349678,-1.4749456319041017,0.5,0.5,0.5,1.0,-0.7374728159520508
2.6915675985173637,0.8388864603351083,-2.3133567214520365,8.0,6.0,7.403819793216403,3.0846846337756264,0.5,0.5,0.5,1.0,1.5423423168878132
0.28352221365620256,2.9953657613353073,1.9366121530425986,8.0,6.0,8.280812540765153,-1.56529522678772,0.5,0.5,0.04249757239370067,0.5,1.2217304763960306
0.2074445887515033,4.267742596485592,0.24619117758530903,8.0,6.0,7.982771169801167,-0.027451498219488866,0.5,0.5,0.5,1.0,-0.013725749109744433
3.1657111505995816,6.744110036159475,0.41916542926174527,8.0,6.0,4.891221567803944,-0.5718901885821862,0.5,0.5,0.5,1.0,-0.2859450942910931
1.2778013371534471,4.033136807740919,1.7081488314397753,8.0,6.0,7.004034957068645,-1.4235019224192969,0.5,0.5,0.5,1.0,-0.7117509612096484
5.60094776031387,6.227813561138874,-2.275189177097391,8.0,6.0,2.409844531786607,2.180513255064454,0.34390333610068513,0.5,0.5,0.1,0.8726646259971648
0.6771332220919644,3.8572694290004854,2.3493330411558917,8.0,6.0,7.6299195373794815,-2.0646714717937664,0.5,0.5,0.5,1.0,-1.0323357358968832
4.022121695346014,-0.4819664996489941,-1.8162768633929884,8.0,6.0,7.605222252453159,2.8366527300420548,0.5,0.5,0.5,1.0,1.4183263650210274
6.918184917958325,1.101979693788862,-2.0348244853714568,8.0,6.0,5.016066864764612,-2.894942408529734,0.5,0.5,0.5,1.0,-1.447471204264867
-0.9890314038199054,5.013996563322825,-2.4407441017904463,8.0,6.0,9.042946884506161,2.5499969486879537,0.5,0.5,0.5,1.0,1.2749984743439768
3.4578732772965752,-0.1254397701332568,-1.5975301298222753,8.0,6.0,7.625741114319756,2.5302756626287346,0.5,0.5,0.5,1.0,1.2651378313143673
7.528571926037003,5.226362274984846,0.31386834141899317,8.0,6.0,0.9059579231327929,0.7096505933778297,0.5,0.5,0.5,0.45297896156639644,0.3548252966889148
1.6422376395291067,1.3697716379072586,-1.4255991872174574,8.0,6.0,7.865122816418601,2.055053680060229,0.5,0.5,0.5,1.0,1.0275268400301145
2.733439303740542,1.7001922032158916,2.5993087263715786,8.0,6.0,6.798897605985129,-1.914626095382489,0.5,0.5,0.5,1.0,-0.9573130476912445
-0.6960697749502585,1.2427889470780729,-0.309452644456988,8.0,6.0,9.91224931752859,0.8100304676953278,0.5,0.5,0.5,1.0,0.4050152338476639
4.207595454706419,3.9298999865131634,2.4658114621522063,8.0,6.0,4.3206071680958935,-1.9661567651383223,0.5,0.5,0.5,1.0,-0.9830783825691611
-0.1104575499188788,3.1329732783990876,-0.8220538954895885,8.0,6.0,8.602288293902374,1.1618411513659852,0.5,0.4206818040278526,0.5,0.5,-1.2217304763960306
0.060352364743922804,3.873400010144535,2.182962018908587,8.0,6.0,8.21951531958428,-1.9212592507993291,0.5,0.5,0.5,1.0,-0.9606296253996646
1.422360492738639,4.030627852927999,0.3453734693070606,8.0,6.0,6.866131963569334,-0.05446347421904511,0.5,0.5,0.5,1.0,-0.027231737109522557
6.166023646280253,0.709254202410559,2.7630526458103537,8.0,6.0,5.599594660394046,-1.5259333786202953,0.5,0.5,0.5,1.0,-0.7629666893101477
6.038742140764122,2.54902185626758,-2.4757145590561125,8.0,6.0,3.969355431166798,-2.7534735663961505,0.08032147127006933,0.05045395151887655,0.5,0.25,-1.5707963267948966
2.3013054942863818,0.389394284794375,-1.0332986640310455,8.0,6.0,7.997125456121631,1.8109079273709978,0.5,0.5,0.5,1.0,0.9054539636854989
2.803074248350741,-0.1031135263346199,-0.3614087083912132,8.0,6.0,8.015986026901732,1.2268289547381686,0.5,0.5,0.5,1.0,0.6134144773690843
7.9979623479945605,4.266075366529808,-2.846675910886247,8.0,6.0,1.7339258307610608,-1.8668882365317119,0.5,0.5,0.5,0.8669629153805304,-0.9334441182658559
4.340553210204629,-0.24454827573174498,-0.1579150635288484,8.0,6.0,7.237812789461189,1.1986327463632696,0.5,0.5,0.5,1.0,0.5993163731816348
1.3048266517458025,0.4968687621000969,0.1840978714409612,8.0,6.0,8.666591001352439,0.5038876395685417,0.5,0.5,0.5,1.0,0.25194381978427083
4.972391301896339,0.48910908328010017,2.2231510087227315,8.0,6.0,6.2877923888133305,-1.1547267013600813,0.3548480627185161,0.5,0.5,0.1,0.8726646259971648
6.071417556657981,0.28664826551250133,1.8206484872213349,8.0,6.0,6.0300761423665605,-0.5753992759117874,0.5,0.5,0.5,1.0,-0.2876996379558937
0.13622971075188417,1.9002818804061201,0.7874563739358176,8.0,6.0,8.868290242329001,-0.30688086318552876,0.5,0.5,0.5,1.0,-0.15344043159276438
0.5548596667235568,0.1506414454897813,1.6924061118431148,8.0,6.0,9.468110164198638,-1.0264696427029811,0.5,0.5,0.5,1.0,-0.5132348213514906
4.814273077174942,1.8430033110889887,0.44339092765968535,8.0,6.0,5.2373158677350675,0.4735202494235626,0.5,0.5,0.5,1.0,0.2367601247117813
3.5033681132345142,1.9282661967032872,-2.158610766042806,8.0,6.0,6.06619439929065,2.894460354489421,0.5,0.5,0.5,1.0,1.4472301772447105
5.683698666457532,3.7855474098580526,0.26280663129325,8.0,6.0,3.204536182001538,0.5001158923412626,0.5,0.5,0.5,1.0,0.2500579461706313
-0.06418433222044972,0.7738039409870856,2.096036028162522,8.0,6.0,9.609588658796582,-1.5210152670951673,0.5,0.5,0.5,1.0,-0.7605076335475837
7.888806879140363,0.9707810752572463,-1.1446936352894328,8.0,6.0,5.0304479823488055,2.693384142117716,0.5,0.5,0.5,1.0,1.346692071058858
-0.5784505798075951,2.3098541384139173,-2.7256874550174204,8.0,6.0,9.338468334260291,3.1319244294815074,0.5,0.5,0.5,1.0,1.5659622147407537
2.504329774142664,-0.9563012869562835,-0.14391593861906307,8.0,6.0,8.865242175275556,1.0460816846351584,0.5,0.5,0.5,1.0,0.5230408423175792
0.05273538560508495,1.4013047799325289,1.4516205075638735,8.0,6.0,9.18188502314666,-0.9270464878800821,0.5,0.5,0.5,1.0,-0.4635232439400411
2.311254971299533,0.6064524545365533,1.5926266867142602,8.0,6.0,7.839143775103187,-0.8338590868545503,0.5,0.5,0.5,1.0,-0.4169295434272752
7.092734318595118,1.6032316206034247,2.9173501694265105,8.0,6.0,4.489398979676083,-1.55004601873547,0.5,0.5,0.5,1.0,-0.775023009367735
2.9817793327286632,2.3725674264961105,-1.2912859895317044,8.0,6.0,6.191995295601106,1.9171850226629947,0.5,0.5,0.5,1.0,0.9585925113314974
3.8681452216493906,1.9361500908654712,1.6211903531354113,8.0,6.0,5.7954378603649515,-0.8440896224968771,0.3808221543668342,0.5,0.5,0.1,0.8726646259971648
7.664050088514786,5.976584831604171,-0.11473091532960883,8.0,6.0,0.3367649226655413,0.18431677266714588,0.5,0.5,0.5,0.16838246133277066,0.09215838633357294
0.7385676073771719,3.882479096326369,1.5899151596720578,8.0,6.0,7.563880959542321,-1.306171421749305,0.5,0.5,0.5,1.0,-0.6530857108746525
0.14126588021814612,0.6254033075991252,-2.754214390410874,8.0,6.0,9.520818849835862,-2.9291315127388775,0.5,0.5,0.5,1.0,-1.4645657563694388
7.985734601789785,4.219038353983952,-2.1862994579559367,8.0,6.0,1.781018777600699,-2.5340992924137216,0.5,0.5,0.5,0.8905093888003495,-1.2670496462068608
0.9743603018262696,5.357713069314128,-1.6169910284361235,8.0,6.0,7.054937680085101,1.7081580299004577,0.5,0.5,0.5,1.0,0.8540790149502289
0.8342959854010272,4.46217525810123,0.9233208972926525,8.0,6.0,7.328862050935046,-0.7119184693178381,0.5,0.5,0.5,1.0,-0.35595923465891904
7.939075450825502,4.983294836550655,-2.4206805442961374,8.0,6.0,1.0185289343345503,-2.3515603822405606,0.5,0.5,0.5,0.5092644671672751,-1.1757801911202803
0.24187580134676323,0.8653818731956706,-2.202605588785311,8.0,6.0,9.30337542990911,2.78725752136657,0.5,0.5,0.5,1.0,1.393628760683285
5.774023959132412,0.8311625355407779,-1.8828560924498523,8.0,6.0,5.627774877206246,3.0470032791671735,0.5,0.5,0.5,1.0,1.5235016395835868
5.956632183565562,0.7029660033197178,-0.3587923868973092,8.0,6.0,5.677492509482221,1.561420781326093,0.5,0.5,0.5,1.0,0.7807103906630465
5.187250755277963,0.9098949346253224,2.3545701215626353,8.0,6.0,5.815559121033621,-1.2886045314689125,0.2777140159015311,0.27969444162594537,0.5,0.25,-1.5707963267948966
4.210836835969512,-0.9001513424377903,0.025670074576760446,8.0,6.0,7.87209286226932,1.0429419846941932,0.5,0.5,0.5,1.0,0.5214709923470966
0.48925515214034654,0.04076678483387486,2.994971857196369,8.0,6.0,9.5876873479682,-2.3242512659105588,0.5,0.5,0.5,1.0,-1.1621256329552794
5.494345440301828,6.921449144272968,2.7128599423393025,8.0,6.0,2.6697140854439123,-3.0652574776455443,0.5,0.5,0.5,1.0,-1.5326287388227722
4.092057300950664,5.826355327306322,1.448210025237636,8.0,6.0,3.9117986414701744,-1.403805451743006,0.5,0.5,0.5,1.0,-0.701902725871503
-0.9194600702314556,1.976331008889881,-1.1336046673333464,8.0,6.0,9.785023254672135,1.5573823450080233,0.5,0.5,0.5,1.0,0.7786911725040117
0.32402462570466817,-0.3038764594807182,-1.4352052682462042,8.0,6.0,9.932746667623388,2.1227684638138924,0.5,0.5,0.5,1.0,1.0613842319069462
2.9672418696565677,-0.5575194324276849,-2.3468319117856216,8.0,6.0,8.266179014829321,-3.020151177587508,0.5,0.5,0.5,1.0,-1.510075588793754
3.7914701095240106,6.4537228890375475,1.7172457456682937,8.0,6.0,4.232917232721002,-1.8246412438754323,0.5,0.5,0.5,1.0,-0.9123206219377161
4.154151155586606,4.077271933149217,1.4596944264415432,8.0,6.0,4.299701914450766,-0.996087663427964,0.5,0.5,0.5,1.0,-0.498043831713982
1.2681391828872695,-0.06616452325843625,-2.670611061216017,8.0,6.0,9.06180457106734,-2.879144794598315,0.5,0.5,0.5,1.0,-1.4395723972991574
7.569874914581215,3.238882077932373,-0.5404736031911597,8.0,6.0,2.7944193974186424,1.9567326790428676,0.3130542474345816,0.5,0.2704037074086225,0.25,1.5707963267948966
1.3169752475243683,1.3277552881614616,2.4855670066983113,8.0,6.0,8.154305027990134,-1.87543104155993,0.5,0.5,0.5,1.0,-0.937715520779965
6.284687723302131,4.858792402092111,2.8366754754662566,8.0,6.0,2.0602550784097393,-2.2496154440496405,0.5,0.5,0.5,1.0,-1.1248077220248203
0.5790145808516667,0.8988304966643934,-2.274312745587782,8.0,6.0,9.005162679983822,2.8765307314014423,0.5,0.5,0.5,1.0,1.4382653657007212
4.312479432702756,3.882951528741917,-1.006229359855581,8.0,6.0,4.25202330236987,1.5273957553940387,0.5,0.5,0.23889082278263896,0.5,1.2217304763960306
4.716421631646136,0.5880736147133785,0.2617169610886092,8.0,6.0,6.330152770738076,0.7637259885110974,0.5,0.3408704065443116,0.5,0.5,-1.2217304763960306
0.3160064388048336,5.945429542593922,1.6294946624841182,8.0,6.0,7.684187333954728,-1.6223929464871536,0.5,0.5,0.5,1.0,-0.8111964732435768
1.010197638456264,1.036539072208492,-2.852563057603032,8.0,6.0,8.57282225612752,-2.813149660045124,0.5,0.5,0.5,1.0,-1.406574830022562
1.7806924040313845,0.8272906398809363,1.0739888384800376,8.0,6.0,8.089295958087842,-0.3802046993613943,0.5,0.5,0.5,1.0,-0.19010234968069714
5.807055903036235,6.115870700924769,2.8169323255560736,8.0,6.0,2.196003149301253,-2.8697211997152334,0.5,0.4285508275117761,0.5,0.5,-1.2217304763960306
4.837852167440219,2.928373273348268,-1.02329823913765,8.0,6.0,4.408408971822346,1.7941763483724456,0.5,0.5,0.5,1.0,0.8970881741862228
5.013187891959508,1.8015102566620653,-1.716817415408852,8.0,6.0,5.1525103293104735,2.6692766475843985,0.39880369996559517,0.5,0.30291432926053613,0.25,1.5707963267948966
5.5421788213061145,3.389824571299183,1.2999818346201868,8.0,6.0,3.585233704381026,-0.48453069542094634,0.5,0.5,0.5,1.0,-0.24226534771047317
2.9906860626553233,-0.5324070394836591,-1.0566991664711771,8.0,6.0,8.231984441941766,1.973303328951364,0.5,0.5,0.5,1.0,0.986651664475682
1.3156812216065648,4.375065519131535,1.889398920888598,8.0,6.0,6.8789919027644135,-1.6509281516007581,0.5,0.5,0.5,1.0,-0.8254640758003791
7.302165994641042,1.6156371405580767,-1.0556573005784455,8.0,6.0,4.439550650943075,2.4686133202706984,0.5,0.5,0.5,1.0,1.2343066601353492
3.203716012026282,1.4200979234177673,0.7500326317712673,8.0,6.0,6.631730024991618,0.01229180973067079,0.5,0.5,0.5,1.0,0.006145904865335395
4.538175487362159,0.09134145891589451,2.942936974705164,8.0,6.0,6.848100080418391,-1.9021206090781893,0.5,0.5,0.5,1.0,-0.9510603045390946
6.519933893068737,0.2450966063545854,3.004790844068213,8.0,6.0,5.942180471096294,-1.6857225961164537,0.5,0.5,0.5,1.0,-0.8428612980582268
5.421343867423549,2.000239717819822,-0.3096801836529049,8.0,6.0,4.758944185949253,1.3078342664444174,0.0832480943639749,0.0904361476542408,0.5,0.25,-1.5707963267948966
1.3694860298773799,0.5433168850244252,-2.940140918210748,8.0,6.0,8.587147729324958,-2.654456216982988,0.5,0.5,0.5,1.0,-1.327228108491494
7.436069284996991,1.9930119248010483,0.8074335343954152,8.0,6.0,4.046476403750602,0.6235442790893131,0.15889082092771512,0.3229294146652407,0.23506826221662996,0.25,-1.5707963267948966
5.684606533905773,-0.7592522835091158,-1.7555724287715275,8.0,6.0,7.144825983532072,2.996344726818728,0.5,0.5,0.5,1.0,1.498172363409364
7.249200875183721,6.7428236697017665,1.648789869471223,8.0,6.0,1.0561658629657036,-2.4288484120848226,0.5,0.21370721686876612,0.5,0.5,-1.2217304763960306
0.24001294067104473,1.3892651372478229,0.3148472955928163,8.0,6.0,9.026420948280176,0.22127282657075706,0.5,0.5,0.5,1.0,0.11063641328537853
-0.4543455549790212,-0.5463515429836949,-1.6378098994938008,8.0,6.0,10.692552421537084,2.296693714081364,0.5,0.5,0.5,1.0,1.148346857040682
5.613583221294258,4.203917691534053,-3.0333093573041303,8.0,6.0,2.986787019603617,-2.604695517489992,0.5,0.5,0.5,1.0,-1.302347758744996
1.5379597969811494,2.3624827378334787,0.5820725250598209,8.0,6.0,7.415490234501785,-0.0693751658713253,0.5,0.2704498021326861,0.5,0.5,-1.2217304763960306
2.9292901406228364,0.4720757355926457,1.6540679667456721,8.0,6.0,7.50133622436752,-0.825557540505679,0.5,0.5,0.5,1.0,-0.4127787702528395
6.444582073652334,-0.9670023368729925,2.085765708921795,8.0,6.0,7.1385185078976585,-0.734622264295578,0.5,0.5,0.5,1.0,-0.367311132147789
4.0263895005421055,0.26062662705255946,2.5368617459200657,8.0,6.0,6.980686722343304,-1.5716334227223008,0.5,0.5,0.5,1.0,-0.7858167113611504
1.6749005334406464,1.343999748974264,2.9406626495427304,8.0,6.0,7.853993990284251,-2.3061073607141735,0.5,0.5,0.5,1.0,-1.1530536803570868
4.504904829680781,-0.827747197836092,0.19892782031201842,8.0,6.0,7.670320856857772,0.8987496029353276,0.5,0.5,0.5,1.0,0.4493748014676638
2.810231695960365,2.8639927768001003,-1.0060694979779894,8.0,6.0,6.063681749034688,1.5496208044062914,0.5,0.5,0.5,1.0,0.7748104022031457
6.409555300536098,2.7526274804852298,1.5599790599344026,8.0,6.0,3.61592901237739,-0.4446076999535873,0.5,0.5,0.5,1.0,-0.22230384997679364
0.7608628279805036,6.31664378188246,-1.6589800099145735,8.0,6.0,7.246058948139966,1.6152673314735553,0.4833396453713911,0.5,0.5,0.1,0.8726646259971648
5.7382606744406335,2.5766190514091587,-0.19451754828392254,8.0,6.0,4.103047878828185,1.1814714134866018,0.5,0.5,0.13557423137921681,0.5,1.2217304763960306
1.3489115888015957,6.591479275424597,1.8576338702455601,8.0,6.0,6.677336653699177,-1.9463302399174602,0.5,0.5,0.5,1.0,-0.9731651199587301
3.133597268863319,1.5611045909504178,-1.036134838781966,8.0,6.0,6.586779789403621,1.7756229285766008,0.5,0.5,0.5,1.0,0.8878114642883004
5.149826839834183,0.7120963679300907,2.243840617740143,8.0,6.0,6.007113438664842,-1.1674019864761145,0.33008454103567286,0.4170941863675424,0.5,0.25,-1.5707963267948966
0.20705777183942797,0.4840505006447211,-0.10289611178015229,8.0,6.0,9.547546671835965,0.7188467910471411,0.5,0.5,0.5,1.0,0.35942339552357055
3.064337852554587,3.6046771541915366,-1.9169017475339039,8.0,6.0,5.48619470757076,2.3687278947367654,0.5,0.5,0.5,1.0,1.1843639473683827
2.8838824004845756,5.8596288209220155,-0.05580550054282479,8.0,6.0,5.118042922835565,0.08323566977306464,0.5,0.5,0.21484207804285638,0.5,1.2217304763960306
0.5822532731607744,1.4420056522321065,2.791325030840788,8.0,6.0,8.706220705783775,-2.24033258267871,0.5,0.5,0.5,1.0,-1.120166291339355
5.156482297173185,-0.33960635097435876,0.6596305608858619,8.0,6.0,6.948107772019941,0.4895331180641013,0.5,0.5,0.5,1.0,0.24476655903205066
-0.4456591157758806,2.04645104614972,1.6651098757851994,8.0,6.0,9.325218883778486,-1.227293154345647,0.5,0.5,0.5,1.0,-0.6136465771728234
2.6585718889989765,0.7909884954445134,-1.1534940075791638,8.0,6.0,7.460874956704702,1.926342015813105,0.5,0.5,0.5,1.0,0.9631710079065525
7.073859066380468,4.87098835752642,1.6703740404583156,8.0,6.0,1.46027542531077,-0.786581435230503,0.5,0.5,0.5,0.730137712655385,-0.3932907176152515
2.8855714860161017,4.246376275332604,1.8618798297784196,8.0,6.0,5.40671574917416,-1.531564038440665,0.0695730547165816,0.21018996070496448,0.06650839610288473,0.25,-1.5707963267948966
2.080830320354603,1.2290942791519823,-1.609066542237394,8.0,6.0,7.602506895337467,2.287460956646868,0.5,0.5,0.5,1.0,1.143730478323434
6.284046202424165,1.1045837283902697,2.104535399175251,8.0,6.0,5.187446183600968,-0.8708793397803268,0.46209041034048026,0.5,0.5,0.1,0.8726646259971648
0.07826884735319073,-0.09316985225800956,-0.4978536982125043,8.0,6.0,9.99402538036005,1.1535120888333283,0.5,0.5,0.5,1.0,0.5767560444166642
3.5687834279507236,5.633976145410137,-0.3385213409389772,8.0,6.0,4.4463078807627525,0.4209354555819899,0.5,0.5,0.5,1.0,0.21046772779099496
6.511230656433854,1.20550880367482,2.274942909332208,8.0,6.0,5.020316722078601,-1.0052235364369886,0.45229461222565426,0.5,0.5,0.1,0.8726646259971648
5.867595973976457,0.8498658225940829,-2.1227752221537655,8.0,6.0,5.5741393035594236,-2.98217172586299,0.5,0.5,0.5,1.0,-1.491085862931495
-0.9968919259107605,3.8973376674586886,1.4244476767156147,8.0,6.0,9.23933185956681,-1.194858689947785,0.5,0.5,0.5,1.0,-0.5974293449738926
-0.6657108757155933,2.087012677680317,0.6360966545258747,8.0,6.0,9.508207757833759,-0.21195587759498843,0.5,0.5,0.5,1.0,-0.10597793879749422
1.5113375957657258,-0.6597595336283213,1.3243535819024825,8.0,6.0,9.298125447738196,-0.5259434027820592,0.5,0.5,0.5,1.0,-0.2629717013910296
3.05160784672721,2.5892018352567874,-2.401890359233584,8.0,6.0,6.010002414574173,3.005381349261036,0.5,0.5,0.5,1.0,1.502690674630518
3.8767831725508692,6.020808311046453,-1.8419422740461378,8.0,6.0,4.123269332940583,1.83689569627237,0.5,0.5,0.5,1.0,0.918447848136185
1.5847583523476434,0.4755842358187028,-0.21821083036239186,8.0,6.0,8.46607907672189,0.9291363058416406,0.5,0.5,0.5,1.0,0.4645681529208203
3.909869261885106,0.37029426285957,-1.3464834820582892,8.0,6.0,6.958646142868895,2.2889717299796932,0.5,0.5,0.5,1.0,1.1444858649898466
2.0227304975297886,3.536151620643067,-0.43267511927341207,8.0,6.0,6.465160442063311,0.8236568536557619,0.5,0.3133800036405687,0.5,0.5,-1.2217304763960306
1.6104601863793473,4.295847643217106,-1.656148796120695,8.0,6.0,6.612893034442046,1.916791379851765,0.5,0.5,0.5,1.0,0.9583956899258825
1.5681390635807628,3.511543939427318,-2.911282728593309,8.0,6.0,6.896466390176687,-3.00274424700134,0.07466164631618677,0.06742816072325009,0.5,0.25,-1.5707963267948966
1.9339879003234928,1.8669222026059966,-2.0471782097278712,8.0,6.0,7.340220355870324,2.645277479511584,0.5,0.5,0.5,1.0,1.322638739755792
1.9932697205668717,2.3925641429084585,2.0590900204011913,8.0,6.0,7.006739763462646,-1.5182547069516203,0.5,0.490496914146493,0.5,0.5,-1.2217304763960306
4.489216417301861,0.3626969211363642,1.8309176377597158,8.0,6.0,6.6411435286032034,-0.8171205800353601,0.36023790618539736,0.5,0.4444201558711222,0.25,1.5707963267948966
2.0220318956093744,4.062132636375338,-0.4966613829501747,8.0,6.0,6.28422092037774,0.8101407943415113,0.0892302869397456,0.09160955029134887,0.5,0.25,-1.5707963267948966
2.606732072681011,6.281939839786723,0.2917143995733642,8.0,6.0,5.400632278641699,-0.34394311041397896,0.5,0.5,0.5,1.0,-0.17197155520698948
6.292017835507814,2.559228642553504,-2.64481197076943,8.0,6.0,3.8413683250174824,-2.528336570692566,0.168597740793148,0.13401822469551772,0.5,0.25,-1.5707963267948966
6.066172804273667,4.779206365493917,1.2462468786714584,8.0,6.0,2.2869247300646656,-0.6831416858713603,0.5,0.5,0.5,1.0,-0.34157084293568013
6.823661993881058,0.9885982538462379,2.006001553606333,8.0,6.0,5.147612899781107,-0.6657635101172762,0.5,0.5,0.5,1.0,-0.3328817550586381
6.688793233201498,1.3648413684693486,-2.0157404307810287,8.0,6.0,4.8170487567338665,-2.972328489414835,0.5,0.5,0.5,1.0,-1.4861642447074175
1.1341648585213067,0.45574252061869824,-1.3152059341536775,8.0,6.0,8.824878650023424,1.9945117739210123,0.5,0.5,0.5,1.0,0.9972558869605062
5.713489494552978,0.15189282832398554,-3.084402607453896,8.0,6.0,6.2792107611488905,-2.000695390135947,0.5,0.5,0.5,1.0,-1.0003476950679735
7.120060432257317,6.139415139182829,-0.6473327575074026,8.0,6.0,0.8909153853832293,0.4902016811930379,0.5,0.5,0.5,0.44545769269161467,0.24510084059651896
1.7797315166643983,4.7724069948324805,-1.1608184281289347,8.0,6.0,6.340246414068968,1.355668179444844,0.5,0.5,0.5,1.0,0.677834089722422
6.255158936722169,0.2991259447017649,-2.5268871886805044,8.0,6.0,5.961915407859546,-2.482513965010464,0.5,0.5,0.5,1.0,-1.241256982505232
3.553463078413098,6.06558074886419,-2.634340714780592,8.0,6.0,4.447020511494984,2.6195930593595427,0.5,0.5,0.5,1.0,1.3097965296797713
5.2839516875774395,2.64128585949151,-1.7602358833053429,8.0,6.0,4.319476717504694,2.6510347452857173,0.5,0.49008033158457787,0.5,0.5,-1.2217304763960306
7.26560867167705,6.4040889983044025,-1.396112606572769,8.0,6.0,0.8382234437586448,0.8930877518975394,0.5,0.5,0.20368464098993683,0.5,1.2217304763960306
1.938386119921713,4.609774220275416,0.8330782756335664,8.0,6.0,6.218994335884909,-0.6076281584469881,0.5,0.5,0.466671065561024,0.5,1.2217304763960306
5.423708008024452,0.401675992052521,-1.8805508163578943,8.0,6.0,6.162670859771635,3.0200517044006276,0.5,0.5,0.5,1.0,1.5100258522003138
4.651147221320568,4.6321236490305076,-2.453433738198402,8.0,6.0,3.6174439380328436,2.8412128863006703,0.5,0.5,0.5,1.0,1.4206064431503351
5.750176677193949,6.461222039444044,1.2264708646680869,8.0,6.0,2.2966128871690557,-1.4286729841413557,0.1889295901250771,0.5,0.05527837599730756,0.25,1.5707963267948966
1.8681486850318407,2.505737172302857,2.3011484869341654,8.0,6.0,7.057582678077726,-1.7831898141946698,0.3232472167752023,0.3542987939824217,0.5,0.25,-1.5707963267948966
0.12467784080182076,-0.4497030782834699,-0.18561719249485642,8.0,6.0,10.179359945948327,0.8718224871130215,0.5,0.5,0.5,1.0,0.43591124355651073
6.018744036306261,3.599174580241449,-1.9721917278649663,8.0,6.0,3.112770131222482,2.8530455214834607,0.5,0.5,0.5,1.0,1.4265227607417303
-0.38877115576479937,6.8259240122163565,-0.029638292960137442,8.0,6.0,8.429331644783412,-0.0685013148644491,0.5,0.5,0.5,1.0,-0.03425065743222455
6.665836330043137,4.38098740381013,-2.417587764406258,8.0,6.0,2.0979024011746175,-2.9840417419892202,0.5,0.009601986983013233,0.5,0.5,-1.2217304763960306
5.743498289492595,1.292616771377995,-0.25451499910947134,8.0,6.0,5.220273635609016,1.3783167348804533,0.5,0.4398693463047336,0.5,0.5,-1.2217304763960306
3.032918699623896,3.209250016488369,-2.347976610575224,8.0,6.0,5.697383795657103,2.859871454403277,0.5,0.5,0.5,1.0,1.4299357272016384
6.960518213420288,0.8246845695116249,-0.6017806987043336,8.0,6.0,5.278675230555677,1.9743606360658539,0.5,0.5,0.5,1.0,0.9871803180329269
3.601596447283102,5.419497130968475,-1.2449876912418434,8.0,6.0,4.436545660027231,1.37620964463452,0.5,0.5,0.038401482038579626,0.5,1.2217304763960306
0.3779959201485201,5.9109420810985664,2.4535620921320125,8.0,6.0,7.622524352613881,-2.441878305889725,0.5,0.5,0.5,1.0,-1.2209391529448625
-0.6889179284843944,1.5304757877798476,-2.980652546597089,8.0,6.0,9.771076780558001,-2.8274366485582028,0.5,0.5,0.5,1.0,-1.4137183242791014
2.001116307629389,2.5218497990717506,-0.2060102786703339,8.0,6.0,6.934272447402631,0.7314440835719014,0.5,0.5,0.5,1.0,0.3657220417859507
6.545049206110542,4.611461482807646,-0.47014000305217174,8.0,6.0,2.0111989027359543,1.2321865032457386,0.31508007684684886,0.5,0.28537561377348697,0.25,1.5707963267948966
1.6117819275909486,5.840611440073217,0.007323172142069299,8.0,6.0,6.390206166759344,0.01762204672245492,0.5,0.2781647175354463,0.5,0.5,-1.2217304763960306
4.2012865221682825,-0.11213420557319687,1.939937413982068,8.0,6.0,7.196416374390676,-0.9252221932278293,0.5,0.5,0.5,1.0,-0.46261109661391464
-0.04433323863133132,4.815891006613115,-0.34040727090245076,8.0,6.0,8.131015395531394,0.4865556624255424,0.5,0.5,0.5,1.0,0.2432778312127712
5.7144886717258165,-0.9497717101970942,3.1069463741799486,8.0,6.0,7.315933901801292,-1.8538704345036725,0.5,0.5,0.5,1.0,-0.9269352172518363
5.232719933409326,1.10215932913761,0.1280453078467236,8.0,6.0,5.625538392376665,0.9284644641284022,0.5,0.5,0.5,1.0,0.4642322320642011
4.010070039151758,6.976369478013967,2.1728151968255056,8.0,6.0,4.107656077384245,-2.412807387147208,0.5,0.5,0.5,1.0,-1.206403693573604
7.657958573939073,0.9379650853684156,-1.9844633074041378,8.0,6.0,5.07357761486813,-2.7953930651704826,0.5,0.5,0.5,1.0,-1.3976965325852413
1.4353033525931922,4.249207208104683,1.8877628317004012,8.0,6.0,6.7941531828938615,-1.6271309985744884,0.5,0.5,0.5,1.0,-0.8135654992872442
4.511413512588033,4.717766709740175,1.8600519319774735,8.0,6.0,3.7167671289447104,-1.5078278718600813,0.5,0.5,0.3232436222886873,0.5,1.2217304763960306
7.4141485874188895,3.6430772965967666,-1.6445954866828976,8.0,6.0,2.4286429353531753,2.971763026804571,0.5,0.5,0.5,1.0,1.4858815134022856
5.179895435601009,6.356538157840824,-2.3392880481070817,8.0,6.0,2.842553290993953,2.213527976513042,0.3629068629310231,0.285723149969519,0.5,0.25,-1.5707963267948966
1.2396780334424555,5.437286270239823,1.754188552042966,8.0,6.0,6.783701042438492,-1.671142283239842,0.5,0.48649976570251685,0.5,0.5,-1.2217304763960306
3.356352819565145,6.851506916336046,-1.852196617306598,8.0,6.0,4.721072247374393,1.670841091109607,0.5,0.5,0.5,1.0,0.8354205455548035
7.475095528128874,5.949390060733204,-2.5504794538056843,8.0,6.0,0.5273386677865515,2.6465997618303905,0.5,0.5,0.4579913515034252,0.5,1.2217304763960306
-0.8978121026467427,6.040760921363357,-0.7386046201820123,8.0,6.0,8.897905465148371,0.7340236472680151,0.5,0.5,0.5,1.0,0.36701182363400753
1.8134874069829126,1.1559979452998093,-0.13018883750055635,8.0,6.0,7.857308315797381,0.7944738888856967,0.5,0.5,0.5,1.0,0.39723694444284835
6.370856726944351,1.0083013245154016,-0.7004578529878412,8.0,6.0,5.250825027648243,1.955783195554208,0.5,0.5,0.5,1.0,0.977891597777104
6.331222952951636,2.7286279824869455,2.782283416205653,8.0,6.0,3.6724231387086768,-1.6831941849496348,0.5,0.5,0.5,1.0,-0.8415970924748174
7.062864560155491,5.10010781677566,-0.43365722903906617,8.0,6.0,1.2992416149588306,1.1987845185396353,0.5,0.5,0.5,0.6496208074794153,0.5993922592698177
6.42493401921781,0.9613654943625072,1.4712281194120782,8.0,6.0,5.279078567820159,-0.20340574285591426,0.5,0.5,0.5,1.0,-0.10170287142795713
-0.9634793453640131,0.6567968895802032,-1.687268022872524,8.0,6.0,10.43521832325357,2.224820956362958,0.5,0.5,0.5,1.0,1.112410478181479
0.4683479213355297,2.122879203871955,-0.5065817002205499,8.0,6.0,8.471000454599173,0.9819808547961918,0.5,0.5,0.5,1.0,0.4909904273980959
3.787064936822663,6.554744712061041,1.2356279278487718,8.0,6.0,4.24930153579488,-1.3665512544040894,0.5,0.5,0.5,1.0,-0.6832756272020447
7.357079832439423,2.674694908946792,1.9918151237532316,8.0,6.0,3.3868865186835686,-0.6120040330895692,0.5,0.5,0.5,1.0,-0.3060020165447846
6.822987235307514,2.988941229398674,-0.025511623418243805,8.0,6.0,3.2329296262467913,1.2236738444701443,0.5,0.5,0.5,1.0,0.6118369222350721
-0.286551562345814,1.0384137216737512,-1.169723551070567,8.0,6.0,9.658378497071398,1.709224628726961,0.5,0.5,0.5,1.0,0.8546123143634805
0.06246235050737958,4.569307557629308,-1.1938802227647247,8.0,6.0,8.065443868862362,1.3722093599847445,0.5,0.5,0.5,1.0,0.6861046799923722
5.563891886475465,0.6526320247075077,0.4637213763641163,8.0,6.0,5.876135379989453,0.6795974853635194,0.5,0.5,0.5,1.0,0.3397987426817597
0.1038495628237932,-0.8302666874721627,-2.3947165435632107,8.0,6.0,10.440389587966052,3.1078616749271033,0.5,0.5,0.5,1.0,1.5539308374635517
0.6644783053577576,6.377932688161702,1.4837331674030787,8.0,6.0,7.345250958908629,-1.535208555274818,0.5,0.5,0.5,1.0,-0.767604277637409
4.3516301901014565,-0.9879890885251283,-2.2318596338196963,8.0,6.0,7.883057387278453,-2.9616935725031803,0.5,0.5,0.5,1.0,-1.4808467862515902
4.98379215662504,4.654094702413136,-0.5747723065616686,8.0,6.0,3.3028731166227097,0.9944819427536428,0.5,0.5,0.5,1.0,0.4972409713768214
5.227879189634868,3.2254049455469724,0.5064351056544144,8.0,6.0,3.9221207915430947,0.27940913141691337,0.5,0.5,0.5,1.0,0.13970456570845668
1.0976972826461204,0.891279814688013,1.150345864202576,8.0,6.0,8.587246632873946,-0.5131804120484968,0.5,0.5,0.5,1.0,-0.2565902060242484
2.7853202020254906,2.9723078392290523,2.4451055809308504,8.0,6.0,6.029909221190425,-1.9190658993164007,0.5,0.5,0.5,1.0,-0.9595329496582004
3.0851330884826282,0.9788643820348373,-2.1500212341234026,8.0,6.0,7.026216595859162,2.9461143077114356,0.5,0.5,0.5,1.0,1.4730571538557178
1.7210420181033976,1.9227262050745635,-1.8406998578373965,8.0,6.0,7.486619727033604,2.41662163361814,0.5,0.5,0.5,1.0,1.20831081680907
7.830234080780103,1.1763258381131658,2.037986147801509,8.0,6.0,4.826660635199374,-0.5023696181113603,0.5,0.5,0.5,1.0,-0.25118480905568014
1.7935542364760027,1.9812577492062466,-2.442854491376426,8.0,6.0,7.393933884873452,3.017478024596256,0.5,0.5,0.5,1.0,1.508739012298128
5.716711837208031,5.11204365860111,-0.8259250267723584,8.0,6.0,2.4498716902271487,1.1968204792990729,0.5,0.5,0.5,1.0,0.5984102396495364
2.696873402841467,6.738551327265603,-2.3813832707692955,8.0,6.0,5.354307590015354,2.2430061637589103,0.2749943257393906,0.5,0.26116764179182667,0.25,1.5707963267948966
4.067097328749279,4.2330723132350565,1.688116717401266,8.0,6.0,4.311584032787436,-1.2658716116334892,0.5,0.5,0.5,1.0,-0.6329358058167446
0.31317989491280995,2.6470820634631975,1.6434231404349608,8.0,6.0,8.386254349655921,-1.232112345048033,0.5,0.5,0.07850152342712258,0.5,1.2217304763960306
2.694558752689592,2.1146442245098314,0.5348277002931353,8.0,6.0,6.575993942424022,0.09727106333178467,0.5,0.5,0.5,1.0,0.04863553166589234
4.495623053153111,4.632581638515954,0.7918913167690594,8.0,6.0,3.7617138063541775,-0.41985906403825074,0.4264024937968145,0.5,0.5,0.1,0.8726646259971648
2.1719870743465184,3.1500628890022213,0.5817045651854903,8.0,6.0,6.487516951671604,-0.12689024572318933,0.5,0.5,0.5,1.0,-0.06344512286159466
4.416731663398591,4.824842547601938,-2.936885947731493,8.0,6.0,3.771048529257736,-3.029395405370417,0.5,0.5,0.5,1.0,-1.5146977026852084
7.676391394481824,5.446984375500828,-2.5482698755462225,8.0,6.0,0.6407408294354493,-2.693563430105387,0.5,0.5,0.5,0.32037041471772465,-1.3467817150526935
6.044828732192425,-0.06722393566611284,-2.459531546778395,8.0,6.0,6.374472603437877,-2.5646012920748325,0.5,0.5,0.5,1.0,-1.2823006460374162
3.448075434829903,1.711622639715893,-1.0244475057591502,8.0,6.0,6.253814646373545,1.7800424823069299,0.5,0.5,0.5,1.0,0.8900212411534649
0.3911145137607339,6.643780616576256,2.508515557009808,8.0,6.0,7.636071753524967,-2.5929235788436418,0.5,0.5,0.5,1.0,-1.2964617894218209
0.11101260614541264,4.819082055469224,-1.583478578219431,8.0,6.0,7.976884685897834,1.7320672455427795,0.5,0.5,0.5,1.0,0.8660336227713897
2.9662209102326327,6.498969657590824,-1.4161717241497571,8.0,6.0,5.058448640025467,1.317370209972065,0.5,0.5,0.5,1.0,0.6586851049860325
5.5974382396295415,2.880019547885384,-0.14560748563159934,8.0,6.0,3.9378396404591847,1.060189518194871,0.5,0.5,0.48913101437012946,0.5,1.2217304763960306
4.451399304839208,6.5653468339204055,2.8992815060949493,8.0,6.0,3.5933527430965473,-3.057269211415347,0.5,0.5,0.5,1.0,-1.5286346057076734
5.467002942835148,2.4154703453802613,1.712107941599214,8.0,6.0,4.389182946341393,-0.7564847232770494,0.5,0.5,0.5,1.0,-0.3782423616385247
5.252918861915365,-0.7816528047192488,0.4833248695618437,8.0,6.0,7.316916669128933,0.7025973545068379,0.5,0.5,0.5,1.0,0.35129867725341896
3.112665903823899,1.608174780555883,-2.7509684762796582,8.0,6.0,6.570704933703143,-2.8001681865313253,0.5,0.5,0.5,1.0,-1.4000840932656626
6.656985382506193,2.1124398627368945,-1.0584600355369833,8.0,6.0,4.11300523749231,2.296627640020919,0.5,0.5,0.5,1.0,1.1483138200104595
4.414077339232412,5.878481240755272,-2.5326047045104434,8.0,6.0,3.587981067098164,2.5664794659808488,0.5,0.5,0.5,1.0,1.2832397329904244
0.066584721666191,2.2362531742423943,2.626397911432455,8.0,6.0,8.78093777149689,-2.183425383911943,0.5,0.5,0.5,1.0,-1.0917126919559714
3.4458644087147157,6.444229652830663,2.632605539732211,8.0,6.0,4.575750317517928,-2.7298421509413062,0.5,0.5,0.5,1.0,-1.3649210754706531
4.918612751345904,1.5060764958979238,-1.6137209498772873,8.0,6.0,5.448880236974303,2.5834677843288847,0.030671364679980717,0.5,0.01869406931544937,0.25,1.5707963267948966
0.9122489446995525,6.436237017619567,0.07170572218406962,8.0,6.0,7.101163127083775,-0.13317619679493545,0.5,0.5,0.5,1.0,-0.06658809839746772
3.715024209098992,4.638935850685012,1.5329282243737046,8.0,6.0,4.495944077405573,-1.2253708265359824,0.5,0.10885537060681072,0.5,0.5,-1.2217304763960306
1.5511077523607932,4.386857400818912,0.7004437000852312,8.0,6.0,6.6475890567147555,-0.4553308406080196,0.5,0.5,0.5,1.0,-0.2276654203040098
1.1492923180395231,1.8485531541204532,-0.1623350591420594,8.0,6.0,8.010412389998129,0.7071458927314573,0.5,0.5,0.5,1.0,0.35357294636572867
5.696233370159267,0.3348385834729415,1.080612252877377,8.0,6.0,6.115667956983489,0.10395376308211698,0.5,0.5,0.5,1.0,0.05197688154105849
-0.8347903464607349,4.4257318952247005,-0.7115079885419697,8.0,6.0,8.973953450493747,0.8878468290571687,0.5,0.5,0.5,1.0,0.44392341452858436
1.7059800471359337,0.4413722690382178,0.41752706118863137,8.0,6.0,8.397203666606421,0.3059059803414397,0.5,0.5,0.5,1.0,0.15295299017071984
4.440554219487147,4.875453876126985,-3.116568405070835,8.0,6.0,3.732861938128515,-2.8606075911390865,0.5,0.5,0.5,1.0,-1.4303037955695432
-0.2800116363271402,0.193637979802177,3.1123975787961733,8.0,6.0,10.112983368289923,-2.5008328682726826,0.5,0.5,0.5,1.0,-1.2504164341363413
1.6880444186492913,5.598419831628081,-0.5810586795198748,8.0,6.0,6.324717376497861,0.6445951920327919,0.5,0.5,0.5,1.0,0.32229759601639596
4.239076520706969,4.810151710854346,-0.859437644201056,8.0,6.0,3.9446526296089033,1.1658455028034642,0.5,0.5,0.5,1.0,0.5829227514017321
2.5244507199436077,-0.1626998004133906,-2.313557428541647,8.0,6.0,8.243816394628238,-3.1252557483957095,0.5,0.5,0.5,1.0,-1.5626278741978548
5.53833315264183,-0.9692209360334365,0.4827822881715835,8.0,6.0,7.39120045206657,0.7484736823933561,0.5,0.5,0.5,1.0,0.37423684119667805
2.4509317886448843,1.6158773176719077,-2.96863116547415,8.0,6.0,7.0719650527965365,-2.6459007630306637,0.5,0.5,0.5,1.0,-1.3229503815153318
5.202338934910497,3.8289853661549733,1.4055013789053863,8.0,6.0,3.541216171809763,-0.7455602428384698,0.5,0.5,0.5,1.0,-0.3727801214192349
5.968005189151992,3.7430622325431724,2.9864166865817072,8.0,6.0,3.03690154557013,-2.148619227891514,0.5,0.5,0.5,1.0,-1.074309613945757
5.679560435849862,0.25191211119565615,0.39532721678066984,8.0,6.0,6.198786506106857,0.7917866544490638,0.5,0.5,0.5,1.0,0.3958933272245319
5.28561350968575,1.0295187964235293,-1.8475630335805133,8.0,6.0,5.663353901524036,2.9185142823589003,0.5,0.5,0.5,1.0,1.4592571411794502
3.5773738720098827,0.5952488272898506,-1.2908528045385277,8.0,6.0,6.983620630224167,2.1758578925740593,0.5,0.5,0.5,1.0,1.0879289462870296
-0.022176830698665606,2.642329980564763,2.7429200114784287,8.0,6.0,8.696509015830014,-2.3465265144346006,0.5,0.5,0.5,1.0,-1.1732632572173003
0.10082427530953986,-0.6512339593063112,0.46387725571958494,8.0,6.0,10.326465528484011,0.23596350423163862,0.5,0.5,0.5,1.0,0.11798175211581931
5.975793624199312,4.512274024494489,-0.5280880812976841,8.0,6.0,2.5121186337484107,1.1618987934125773,0.5,0.5,0.5,1.0,0.5809493967062886
0.17504101236071934,4.472942287247173,2.757011319946023,8.0,6.0,7.972571004156355,-2.564281452683628,0.5,0.5,0.5,1.0,-1.282140726341814
7.322899125592068,5.612284718575786,1.968748170363452,8.0,6.0,0.7802491483967435,-1.4487112825767903,0.5,0.5,0.5,0.39012457419837177,-0.7243556412883951
6.01909859688975,5.452534914881777,-2.49406987910221,8.0,6.0,2.0551614019992837,2.7637108993197814,0.5,0.5,0.42321018637027263,0.5,1.2217304763960306
2.9521963788325345,2.8849819007827646,2.5062042712415837,8.0,6.0,5.931581505494327,-1.95330338327017,0.5,0.5,0.5,1.0,-0.976651691635085
0.04004617130927457,-0.7015958933460054,-1.667238463559944,8.0,6.0,10.405395353978635,2.3670193671570563,0.5,0.5,0.5,1.0,1.1835096835785281
1.8895887549234036,1.6431836927791679,0.7458479788277459,8.0,6.0,7.504596852518055,-0.12644026206376907,0.5,0.5,0.5,1.0,-0.06322013103188454
7.759723226188504,6.160024674185348,1.4044279435878626,8.0,6.0,0.28868810917907217,-1.9919698550430265,0.5,0.5,0.5,0.14434405458953609,-0.9959849275215132
3.521827739044147,-0.43893300535975666,1.6658074311907891,8.0,6.0,7.843078798935128,-0.7026994872508936,0.5,0.5,0.5,1.0,-0.3513497436254468
5.876672557350895,1.0368901987676962,-0.028234429320525327,8.0,6.0,5.398238446733799,1.1947722997440196,0.5,0.5,0.5,1.0,0.5973861498720098
1.4806231423524534,-0.5786558928610965,1.6325844779660317,8.0,6.0,9.26180263062793,-0.8426605486300344,0.5,0.5,0.5,1.0,-0.4213302743150172
5.6220259703029445,6.848449000704651,0.8376003072737935,8.0,6.0,2.524802208631475,-1.1803156161910575,0.5,0.5,0.2798626648166427,0.5,1.2217304763960306
4.1488646655341075,5.2974427678515035,-0.9259281237732851,8.0,6.0,3.914694116890345,1.106372445996868,0.5,0.3066894430359093,0.5,0.5,-1.2217304763960306
2.3139157830246115,6.935484834392,-1.9049945755111095,8.0,6.0,5.7625242383797435,1.7419335143498336,0.03857014847733786,0.09117439998714352,0.04231755932749176,0.25,-1.5707963267948966
2.959698098592681,4.097957446126847,0.5564365463107994,8.0,6.0,5.387245041213045,-0.1955924975656561,0.5,0.20749046225752943,0.5,0.5,-1.2217304763960306
0.3710059329484463,-0.24370160892869386,-0.7486129056826358,8.0,6.0,9.858263551784695,1.4344835255549888,0.5,0.5,0.5,1.0,0.7172417627774944
4.887910316067591,2.7682023206462505,-0.8822319774608971,8.0,6.0,4.486604333024565,1.6864977189629913,0.5,0.5,0.5,1.0,0.8432488594814956
0.12980418460230903,1.0305967359529342,0.34752190532296734,8.0,6.0,9.307789800668306,0.21568110781890498,0.5,0.5,0.5,1.0,0.10784055390945249
-0.3967709861029982,4.443196620005371,-0.08445437388142,8.0,6.0,8.539871179182027,0.2677777156707413,0.5,0.5,0.5,1.0,0.13388885783537066
7.625762717732595,3.2142708370090087,-2.9811922883469206,8.0,6.0,2.8107544383985914,-1.8647380321698204,0.5,0.5,0.5,1.0,-0.9323690160849102
0.794246091890257,4.896014027452761,2.682829665301859,8.0,6.0,7.2898336340289625,-2.5308028696482134,0.5,0.5,0.27557553310259764,0.5,1.2217304763960306
4.827019424331892,2.17042634751172,1.3503459357646856,8.0,6.0,4.973272573808874,-0.47145632298674706,0.5,0.4912927751176721,0.5,0.5,-1.2217304763960306
-0.8336062624814224,1.3765042628240458,-0.207845991717111,8.0,6.0,9.970421878347738,0.6900366557789077,0.5,0.5,0.5,1.0,0.34501832788945386
-0.35344982512549505,6.382857460881223,-2.5318511101513184,8.0,6.0,8.36221883331461,2.4860509042485828,0.5,0.5,0.5,1.0,1.2430254521242914
7.155997506090575,6.754619640632666,-2.6079706803273455,8.0,6.0,1.1321620960595276,1.878426794667459,0.00372874352195518,0.006346280191584008,0.004532777454414827,0.25,-1.5707963267948966
4.028584502821053,0.2766634258244922,-1.4405445782528608,8.0,6.0,6.966255995334089,2.404721557599047,0.5,0.5,0.5,1.0,1.2023607787995234
5.933781280057567,5.3579176461824085,-2.273070441710595,8.0,6.0,2.1636842532413283,2.5743623674035865,0.5,0.5,0.36020361284899194,0.5,1.2217304763960306
5.361812996876903,-0.4040536562774628,-2.1263305251457116,8.0,6.0,6.926177437514027,-2.9768288731814225,0.5,0.5,0.5,1.0,-1.4884144365907113
7.841704677854629,1.886456895074553,-1.4399883248272833,8.0,6.0,4.116587699186402,2.9723221263702952,0.5,0.5,0.5,1.0,1.4861610631851476
3.3816040864354857,4.33119624887431,2.986988271436186,8.0,6.0,4.910650341268514,-2.6402483598283757,0.12294263198580951,0.5,0.07050166620951992,0.25,1.5707963267948966
7.377810781934178,4.760577634698953,1.4635069549952202,8.0,6.0,1.3868263130925236,-0.3579564353160084,0.5,0.5,0.5,0.6934131565462618,-0.1789782176580042
3.1039044982179202,1.5073323346388676,-0.05384560007423983,8.0,6.0,6.644984116907441,0.7963009589989133,0.5,0.5,0.5,1.0,0.39815047949945664
5.336858526181783,4.03511137181301,-1.7056051841929203,8.0,6.0,3.3095482819788584,2.3412580169748987,0.5,0.5,0.5,1.0,1.1706290084874493
5.237241693653378,0.7896625305559812,-2.1287738434661074,8.0,6.0,5.897495231433388,-3.0711654054607243,0.5,0.5,0.5,1.0,-1.5355827027303621
5.883484111487841,3.2483709050688523,1.8540102881916452,8.0,6.0,3.471469743839923,-0.9388817600903043,0.5,0.5,0.5,1.0,-0.46944088004515216
4.634852407507972,4.87753705930517,0.734159873298875,8.0,6.0,3.5474133354443174,-0.41220952852968495,0.1289117099553475,0.14109605116667345,0.5,0.25,-1.5707963267948966
2.2948955336802856,3.5226420467239485,0.766162563388511,8.0,6.0,6.219768436226645,-0.35649558107885737,0.1333928609124863,0.1324610166022699,0.5,0.25,-1.5707963267948966
6.155742346931531,5.04711567413951,2.273433643313764,8.0,6.0,2.0758792906554606,-1.796534126962641,0.5,0.5,0.5,1.0,-0.8982670634813205
0.0015938279304734682,1.7074285271366305,-0.33764412879126116,8.0,6.0,9.07748154187274,0.8302020932410662,0.5,0.5,0.5,1.0,0.4151010466205331
1.4509899661569166,0.9159304671968762,2.3515165867213876,8.0,6.0,8.290795826562995,-1.6913878873974784,0.5,0.5,0.5,1.0,-0.8456939436987392
3.1596902022173143,6.499310163075159,2.7950554474960865,8.0,6.0,4.865995229905307,-2.897848513315644,0.5,0.5,0.5,1.0,-1.448924256657822
2.247300551228289,1.4067618932208985,-0.1664311959452952,8.0,6.0,7.36147996353084,0.8402257951967641,0.5,0.5,0.5,1.0,0.42011289759838205
0.37179789960092835,1.120418351936955,-0.6461608806915711,8.0,6.0,9.05537323055469,1.2152445428823053,0.5,0.5,0.5,1.0,0.6076222714411527
1.2106036422099904,0.10295227258270057,1.7082334493767544,8.0,6.0,8.992834636676568,-0.9930583787656354,0.5,0.5,0.5,1.0,-0.4965291893828177
3.3780709323016334,1.6495913985064332,0.5870128586698513,8.0,6.0,6.347305200381049,0.16813258388046912,0.5,0.5,0.5,1.0,0.08406629194023456
3.3282339843665243,6.351213925561075,-0.2362847798038276,8.0,6.0,4.684949191435901,0.16124795137098358,0.5,0.5,0.5,1.0,0.08062397568549179
2.1553244858217178,0.6515121241121555,-2.345017884035646,8.0,6.0,7.9225345959834375,3.086115523702723,0.5,0.5,0.5,1.0,1.5430577618513615
2.5933009423872964,2.3342766730935454,1.2025138192173728,8.0,6.0,6.532221843218142,-0.6067084093121532,0.5,0.5,0.5,1.0,-0.3033542046560766
1.8385067456049429,-0.003522126661902547,2.9092693990463308,8.0,6.0,8.602690105384179,-2.1368561965571105,0.5,0.5,0.5,1.0,-1.0684280982785552
6.0963403072274645,1.300333272266414,-2.4159696117909264,8.0,6.0,5.070580595716129,-2.6812825085926364,0.5,0.5,0.5,1.0,-1.3406412542963182
7.822768855820479,6.337065542972821,2.592245215623995,8.0,6.0,0.3808202446387861,2.6042225416557496,0.5,0.5,0.5,0.19041012231939305,1.3021112708278748
0.6833160472963251,4.495917737139527,0.31935662625388855,8.0,6.0,7.469680549876478,-0.11661218795721562,0.5,0.5,0.5,1.0,-0.05830609397860781
6.790077241067558,0.3986005274048008,3.1312917957330164,8.0,6.0,5.730583664355008,-1.773230741656008,0.5,0.5,0.5,1.0,-0.886615370828004
6.6017264367087325,2.1841512261419327,2.383665438371062,8.0,6.0,4.06397229601204,-1.1641126863962388,0.5,0.135467654293922,0.5,0.5,-1.2217304763960306
2.4879568621489097,1.849915121771625,2.846048534284279,8.0,6.0,6.899697388294006,-2.2006861804879225,0.5,0.5,0.5,1.0,-1.1003430902439613
0.44124553433340297,2.0657383460753405,1.8213395724531014,8.0,6.0,8.521336974546701,-1.341434075623581,0.5,0.5,0.3886058481222331,0.5,1.2217304763960306
-0.12419528654786927,2.5782287441688254,-0.07142816607618857,8.0,6.0,8.815388112907968,0.47006116662798986,0.5,0.5,0.5,1.0,0.23503058331399493
5.726392158334045,5.469188330660133,2.594432438398453,8.0,6.0,2.3347491612574354,-2.36507404943226,0.1501881806422345,0.13340256022396701,0.5,0.25,-1.5707963267948966
-0.8857851440111052,6.163271333296342,-0.8727337446190989,8.0,6.0,8.887285027150014,0.854361371237138,0.5,0.5,0.5,1.0,0.427180685618569
2.199783819564762,-0.9432683037425971,-1.894378310271618,8.0,6.0,9.047180913275657,2.769234058400193,0.5,0.5,0.5,1.0,1.3846170292000965
1.1814693985387419,4.494067187103345,2.686862305305704,8.0,6.0,6.982849933946917,-2.469492949457279,0.5,0.5,0.5,1.0,-1.2347464747286394
6.668797227304816,2.8596595501603046,1.02894443666118,8.0,6.0,3.410841386363594,0.14090995912966192,0.5,0.5,0.5,1.0,0.07045497956483096
2.8451181666333056,0.7053071098076344,-0.22759542573249414,8.0,6.0,7.38962648023752,1.0263723838398506,0.5,0.5,0.5,1.0,0.5131861919199253
7.4947371692253455,3.5450206010919105,0.7950922385451766,8.0,6.0,2.5064345946434634,0.5727269069538501,0.5,0.36176116827865734,0.5,0.5,-1.2217304763960306
6.8347780031421435,0.2543717364815743,2.9904934985114644,8.0,6.0,5.862592126739091,-1.6197850189972502,0.5,0.5,0.5,1.0,-0.8098925094986251
2.1908332000182797,4.946510163994267,2.6237328317811834,8.0,6.0,5.903919015753624,-2.4443329964841234,0.5,0.5,0.5,1.0,-1.2221664982420617
7.0139472507242715,0.6166541275136597,-1.7314519840608438,8.0,6.0,5.472907162301397,3.121089207620703,0.5,0.5,0.5,1.0,1.5605446038103514
4.654950463264792,3.3963034890920287,-1.2838152632195716,8.0,6.0,4.238937593799509,1.94522924419958,0.5,0.5,0.07710612456312993,0.5,1.2217304763960306
-0.1225050920222096,0.42449983835792704,-0.2705574809498868,8.0,6.0,9.851968890653152,0.872115290905694,0.5,0.5,0.5,1.0,0.436057645452847
5.294012471882007,2.1552574637725055,-0.33126768378002713,8.0,6.0,4.7015331193353465,1.288782219386351,0.22500340402061447,0.3467829173662088,0.5,0.25,-1.5707963267948966
3.9791546848588792,1.1021756689992346,1.395980009646116,8.0,6.0,6.33686675145023,-0.5125662392405943,0.12296479110012984,0.5,0.033080164055739936,0.25,1.5707963267948966
0.9737025910714479,0.10044924016777657,1.7386954614855288,8.0,6.0,9.17461467564459,-1.0402475446736288,0.5,0.5,0.5,1.0,-0.5201237723368144
7.2960312637579925,2.3209683671226573,0.7519833267816397,8.0,6.0,3.7457770538725734,0.6297520758993587,0.149174222307752,0.5,0.13278143674900833,0.25,1.5707963267948966
4.524189954618783,1.92719249083477,-0.6644350929920628,8.0,6.0,5.354345569561762,1.5287559756022486,0.5,0.5,0.2316107005229881,0.5,1.2217304763960306
5.6688990212775545,2.5199091108760827,0.9234338500361452,8.0,6.0,4.188682891979774,0.05716678197005216,0.5,0.5,0.5,1.0,0.02858339098502608
2.08711924531295,1.1627787868699926,2.158050197647509,8.0,6.0,7.639428505058702,-1.4723804919203114,0.5,0.5,0.5,1.0,-0.7361902459601557
5.311541995077853,-0.21932748003957592,0.9321101173583298,8.0,6.0,6.775532506615653,0.23066998540611408,0.5,0.5,0.5,1.0,0.11533499270305704
7.362932328593486,1.1757475114886073,-2.5705644824513283,8.0,6.0,4.866134738255783,-2.2731200217233467,0.5,0.5,0.5,1.0,-1.1365600108616734
7.531166945636073,4.07333129175617,-1.4628000549575282,8.0,6.0,1.9828910066340404,2.794896939046476,0.5,0.5,0.05148801396602537,0.5,1.2217304763960306
2.2110762462025435,-0.6141146912211255,2.0932905750054402,8.0,6.0,8.789661618965065,-1.241458963303362,0.5,0.5,0.5,1.0,-0.620729481651681
-0.9736661938694167,4.035363224398089,2.7184805254678346,8.0,6.0,9.18621154878562,-2.5029476454805057,0.5,0.5,0.5,1.0,-1.2514738227402529
3.6758067606321276,-0.16787509409660117,-1.472655650317472,8.0,6.0,7.532684139652477,2.4319994428362457,0.5,0.5,0.5,1.0,1.2159997214181228
7.949728072616129,4.462396514532478,-1.0323905140995093,8.0,6.0,1.5384250859904622,2.5705034954100827,0.5,0.5,0.5,0.7692125429952311,1.2852517477050414
5.426909687855191,0.5987558757847831,-1.9815283578291774,8.0,6.0,5.982828080751015,3.1077441080084265,0.5,0.5,0.5,1.0,1.5538720540042132
6.35229377994351,-0.9710515379991893,2.753493763565918,8.0,6.0,7.163134462862868,-1.4148016999874984,0.5,0.5,0.5,1.0,-0.7074008499937492
3.234661421850439,2.642096846065365,1.4429670139646773,8.0,6.0,5.829576773283344,-0.8291260298960048,0.5,0.5,0.149250317545777,0.5,1.2217304763960306
3.628330656369929,1.7288142203300758,0.40868753035163585,8.0,6.0,6.111834488473126,0.3650849566358069,0.5,0.5,0.5,1.0,0.18254247831790346
3.181707709824929,1.3150169755630747,1.8867139417550567,8.0,6.0,6.720491539524671,-1.1153425763085587,0.5,0.5,0.5,1.0,-0.5576712881542794
3.96106832018251,1.039873073727703,2.0952340605849047,8.0,6.0,6.396548150288934,-1.207825485836899,0.5,0.5,0.15161477159241837,0.5,1.2217304763960306
2.9383466742808455,2.533321805682119,-0.3150345670928734,8.0,6.0,6.134997318069736,0.9155477744952609,0.5,0.4609037257273908,0.5,0.5,-1.2217304763960306
1.225635296059727,1.641061945097901,1.904004943420479,8.0,6.0,8.055579315509561,-1.3322508917591684,0.5,0.5,0.5,1.0,-0.6661254458795842
7.3442226877417625,-0.8009606582959385,-0.49632958931510773,8.0,6.0,6.832503915766296,1.9709988810270018,0.5,0.5,0.5,1.0,0.9854994405135009
4.36524748600657,3.6131649243161164,0.08187742094685668,8.0,6.0,4.348379872607319,0.49917285784838444,0.5,0.5,0.5,1.0,0.24958642892419222
1.9667408641192545,1.8469880357902193,2.6192231490065296,8.0,6.0,7.324460674722615,-2.0163568149825535,0.5,0.5,0.5,1.0,-1.0081784074912767
-0.8649638841569997,0.48123446719322427,1.4516286185811078,8.0,6.0,10.442430640109801,-0.8948026125456157,0.5,0.5,0.5,1.0,-0.44740130627280783
1.7918861572698819,0.9456370569560937,1.9998181427001278,8.0,6.0,8.005452032478415,-1.3165058866360502,0.5,0.5,0.5,1.0,-0.6582529433180251
0.748354190351364,-0.990492257875518,-0.7879921866775139,8.0,6.0,10.072405321273175,1.5550557231474622,0.5,0.5,0.5,1.0,0.7775278615737311
7.550970361801049,0.624250595599185,2.9983168053078346,8.0,6.0,5.394470249699853,-1.5108557780984075,0.5,0.5,0.5,1.0,-0.7554278890492038
4.847323069857765,0.40195229284233847,-2.1744344444846466,8.0,6.0,6.424757579665105,-3.0508561214448617,0.5,0.5,0.5,1.0,-1.5254280607224309
4.525832183563163,1.8103601051406049,-1.9567557282167962,8.0,6.0,5.442694596003246,2.835241338944569,0.11951950308664544,0.12589646418280798,0.5,0.25,-1.5707963267948966
6.132640818135926,3.340217205318817,2.842579778377993,8.0,6.0,3.2498422775534976,-1.8838987059713455,0.5,0.5,0.5,1.0,-0.9419493529856727
5.196968175516899,0.9394871746070121,-1.1940412551479176,8.0,6.0,5.784961319233862,2.259002978683424,0.5,0.5,0.5,1.0,1.129501489341712
1.3848972925634406,0.19940189748576653,-2.0622348642665838,8.0,6.0,8.79809764533369,2.782124108177265,0.5,0.5,0.5,1.0,1.3910620540886325
4.990522876722077,0.1918618175336002,-2.2966387665784285,8.0,6.0,6.54151524512152,-2.89381085568517,0.5,0.5,0.5,1.0,-1.446905427842585
0.03778797383570387,2.2646650769902337,1.3453077040407115,8.0,6.0,8.794859142513411,-0.9066573391287744,0.5,0.5,0.5,1.0,-0.4533286695643872
0.33280340695062316,6.575004217843463,-0.02707232970002368,8.0,6.0,7.6887276871408154,-0.04778291033863075,0.5,0.5,0.5,1.0,-0.023891455169315377
4.982424610734396,3.4378575623177063,-0.7565947024713386,8.0,6.0,3.9585774087257692,1.4605504742186164,0.5,0.5,0.5,1.0,0.7302752371093082
1.3939594087736422,5.421056248208206,2.8531197355759828,8.0,6.0,6.631360958405827,-2.765704537039761,0.5,0.5,0.5,1.0,-1.3828522685198805
-0.33310584964394174,4.582138483666805,2.193261526915891,8.0,6.0,8.452868411425127,-2.024727504429883,0.5,0.5,0.5,1.0,-1.0123637522149416
6.998595275662558,-0.9349665754721004,-0.27493635252842574,8.0,6.0,7.006894663461168,1.7023245808428509,0.5,0.5,0.5,1.0,0.8511622904214254
7.552169709761214,-0.7517876122592941,-0.5906541877256235,8.0,6.0,6.766623081708735,2.095219862441604,0.5,0.5,0.5,1.0,1.047609931220802
3.4275559346818616,6.719743283709374,1.1843701981429209,8.0,6.0,4.628744443681009,-1.3404979976715667,0.5,0.5,0.5,1.0,-0.6702489988357834
0.912272876982577,5.661287585089387,1.4427144630282476,8.0,6.0,7.095815800200243,-1.394962212253193,0.5,0.5,0.5,1.0,-0.6974811061265965
-0.9094834121411561,1.294839668981604,2.8119469617470987,8.0,6.0,10.07558576023288,-2.3260674265384154,0.5,0.5,0.5,1.0,-1.1630337132692077
3.2371494992229666,-0.822113924436235,-0.15306571493851479,8.0,6.0,8.320215339204799,1.1143795889564518,0.5,0.5,0.5,1.0,0.5571897944782259
-0.6852055973033049,3.69442756179248,-1.3891028027539323,8.0,6.0,8.986014719287457,1.6485780595314503,0.5,0.5,0.5,1.0,0.8242890297657252
0.6360948501202475,4.203337550196004,3.0240951745698674,8.0,6.0,7.579913918703908,-2.7847882074826775,0.5,0.5,0.5,1.0,-1.3923941037413388
3.7920430492392088,-0.736486445539482,-1.5090058171901295,8.0,6.0,7.94274205362312,2.521453411867953,0.5,0.5,0.5,1.0,1.2607267059339764
7.71336254114992,-0.6610829999829857,-2.3246686777983965,8.0,6.0,6.667247390451202,-2.4307254311360804,0.5,0.5,0.5,1.0,-1.2153627155680402
5.177183712007889,6.396018615574104,2.1929786905591753,8.0,6.0,2.850460057540675,-2.332361032696288,0.5,0.5,0.5,1.0,-1.166180516348144
1.36148167322053,5.540593467502352,-2.978902607764671,8.0,6.0,6.654395535064655,3.0479956240037716,0.4692486583372031,0.5,0.5,0.1,0.8726646259971648
5.374322326401907,2.193708347160631,-0.47626409811325454,8.0,6.0,4.624071733019088,1.4431955608889928,0.15818987965147996,0.2062295240571464,0.5,0.25,-1.5707963267948966
7.889921317318455,4.13381933206972,1.3358405293761422,8.0,6.0,1.869424403857404,0.17603798590747682,0.5,0.5,0.5,0.934712201928702,0.08801899295373841
3.625059183570305,-0.8690025342578505,-1.0992035988040307,8.0,6.0,8.14391201836705,2.1028814649762624,0.5,0.5,0.5,1.0,1.0514407324881312
3.6511567753363243,-0.11813925132187997,2.7190834230907126,8.0,6.0,7.506268399895424,-1.7662322509109198,0.5,0.5,0.5,1.0,-0.8831161254554599
4.224246110369823,0.12149639317899474,1.8445749482803515,8.0,6.0,6.986638826393202,-0.8447206964875645,0.5,0.5,0.5,1.0,-0.42236034824378227
0.36207096184367704,0.3806980264256321,-1.4858353601071388,8.0,6.0,9.482326437226698,2.120128066446553,0.5,0.5,0.5,1.0,1.0600640332232765
0.4800182500982011,6.8669729333575855,1.5909208790802307,8.0,6.0,7.569793100609209,-1.7057033549769827,0.5,0.5,0.5,1.0,-0.8528516774884913
0.38793292542057856,0.30418311560222655,-0.4312871662755738,8.0,6.0,9.507149684762876,1.0736747195061074,0.5,0.5,0.5,1.0,0.5368373597530537
-0.6603588995895864,1.623288553208872,0.5437506551242918,8.0,6.0,9.703474602335652,-0.07581390097892551,0.5,0.5,0.5,1.0,-0.03790695048946276
5.166944194327714,3.9302417967221466,2.0375928192128243,8.0,6.0,3.5085758105090754,-1.4066404135590342,0.5,0.5,0.5,1.0,-0.7033202067795171
7.593135923734012,6.315660764131595,-0.8294691362717829,8.0,6.0,0.5149564006475867,0.169635500199073,0.5,0.5,0.5,0.25747820032379337,0.0848177500995365
-0.19975977002088252,3.377985436634302,-1.6848033144706274,8.0,6.0,8.608775793140087,1.9942951068604586,0.5,0.5,0.5,1.0,0.9971475534302293
-0.300182515197456,6.277378988511715,2.8609291464022095,8.0,6.0,8.304816005719653,-2.8943351346484643,0.5,0.5,0.5,1.0,-1.4471675673242321
1.3438232660115834,0.030357271300645472,2.474400948459111,8.0,6.0,8.940991165547688,-1.7433246913489606,0.5,0.5,0.5,1.0,-0.8716623456744803
1.2496467252366852,0.97614653503231,-2.995385386325541,8.0,6.0,8.41465227870859,-2.6479982238554203,0.5,0.5,0.5,1.0,-1.3239991119277101
2.9790864569933597,1.212083439077447,0.7901651188021391,8.0,6.0,6.9378467697624995,-0.028516288621968613,0.5,0.5,0.5,1.0,-0.014258144310984306
3.3229531813897193,4.272210253361069,1.603842486315312,8.0,6.0,4.985982786980233,-1.2499737424779525,0.10500669935885132,0.10583295923066949,0.5,0.25,-1.5707963267948966
-0.10832407060005378,1.3338426124038874,0.6855997555566079,8.0,6.0,9.355102564894198,-0.1634067586577655,0.5,0.5,0.5,1.0,-0.08170337932888275
5.118819039446198,-0.5369638759225168,-0.89974209127981,8.0,6.0,7.143745547160374,2.055401555803896,0.5,0.5,0.5,1.0,1.027700777901948
6.194301186881037,1.4314383375192037,-0.20333395628095535,8.0,6.0,4.912464133974774,1.397730196247269,0.5,0.5,0.5,1.0,0.6988650981236345
6.245508317700885,-0.8768032612365708,-1.390156064221489,8.0,6.0,7.0970884281521185,2.711149594292062,0.5,0.5,0.5,1.0,1.355574797146031
6.293612907400441,1.0062509767785572,-1.6334015530722052,8.0,6.0,5.277242292780907,2.8749321862741937,0.5,0.5,0.5,1.0,1.4374660931370968
3.326482605321547,6.689484513149706,-2.2360799863328804,8.0,6.0,4.724103484496859,2.089606454548566,0.5,0.5,0.5,1.0,1.044803227274283
3.7083940823962314,4.7803279006715265,1.8967724042788985,8.0,6.0,4.4615559373263505,-1.6198738009894011,0.07563910275068775,0.042235194185207825,0.5,0.25,-1.5707963267948966
3.802895642591446,-0.40207167736527083,0.43541690023374163,8.0,6.0,7.655207818805472,0.5550877939106041,0.5,0.5,0.5,1.0,0.27754389695530207
7.45510368947008,6.8535048374701475,-2.9178933820718616,8.0,6.0,1.0126117206580523,1.9152900153134433,0.32244270195360436,0.48306941226372596,0.5,0.25,-1.5707963267948966
7.021077257785798,-0.3140725026777451,1.6230190655808472,8.0,6.0,6.38950712530281,-0.20603638990495973,0.5,0.5,0.5,1.0,-0.10301819495247987
1.3134725652482309,1.0981909842550923,1.9015087668115065,8.0,6.0,8.290800972314203,-1.2689198779645334,0.5,0.5,0.5,1.0,-0.6344599389822667
0.8911160444305501,4.3989028405537365,0.7573807837232255,8.0,6.0,7.28695706092328,-0.5358523580542123,0.5,0.5,0.5,1.0,-0.26792617902710614
3.290658197026895,4.226879863080406,-2.8480064052635585,8.0,6.0,5.0320825944314285,-3.075083964827556,0.42265296480740183,0.5,0.1810559128765929,0.25,1.5707963267948966
0.5652083929823002,0.7044665405378661,-1.1635772177680583,8.0,6.0,9.127913280704622,1.7824866357894324,0.5,0.5,0.5,1.0,0.8912433178947162
1.0088106251376843,0.8764344595335034,-0.13895063206258346,8.0,6.0,8.66762093787237,0.7713918263099154,0.5,0.5,0.5,1.0,0.3856959131549577
0.7556561959858972,-0.5270139158035159,1.886581895599859,8.0,6.0,9.751021885312856,-1.1532252374741572,0.5,0.5,0.5,1.0,-0.5766126187370786
1.567295703600494,3.5945464463538057,-0.04499639108204091,8.0,6.0,6.867742814321585,0.402838528529691,0.5,0.5,0.5,1.0,0.2014192642648455
4.387729587091725,0.1743621655387262,2.851272834555738,8.0,6.0,6.85467385907449,-1.8355187253820189,0.5,0.5,0.5,1.0,-0.9177593626910094
-0.19343410346284728,5.362673324369513,0.4623820603554529,8.0,6.0,8.218183966014525,-0.38475332382891764,0.32797465927914865,0.5,0.42094648380405775,0.25,1.5707963267948966
3.1442009321808655,-0.07564446275083192,-1.3812837833603897,8.0,6.0,7.777675759813341,2.2778126988233236,0.5,0.5,0.5,1.0,1.1389063494116618
5.355366389917659,0.17701040527827772,-0.8579198889608722,8.0,6.0,6.395412007979987,2.002399016190981,0.5,0.5,0.5,1.0,1.0011995080954905
7.54773549501116,5.33277291775637,-1.736887120761865,8.0,6.0,0.806061512387329,2.7119942320512767,0.5,0.5,0.5,0.4030307561936645,1.3559971160256383
5.311404142399862,2.055937026357081,-1.0643088047181093,8.0,6.0,4.77327774443994,2.0367793607216975,0.5,0.19618079679102052,0.5,0.5,-1.2217304763960306
1.8623679213165047,5.5132564457480715,-1.8795670406659337,8.0,6.0,6.1569023722071865,1.9587061882132772,0.5,0.5,0.5,1.0,0.9793530941066386
5.2643199330186565,4.803234999766964,2.3242151059458283,8.0,6.0,2.9859993125688806,-1.9118338209461496,0.1604352311051035,0.5,0.16075829988681356,0.25,1.5707963267948966
2.609239580264933,0.27841489592255986,-0.4071633791782993,8.0,6.0,7.861096234379977,1.2223236659842303,0.5,0.5,0.5,1.0,0.6111618329921151
3.5180260416949274,-0.7510612767617113,2.2032605887027374,8.0,6.0,8.10338934801459,-1.2185433156086933,0.5,0.5,0.5,1.0,-0.6092716578043467
-0.10855392725602764,6.753372715807788,3.0181445797070316,8.0,6.0,8.14347697486416,-3.1107894668219864,0.5,0.5,0.5,1.0,-1.5553947334109932
3.889673313936094,3.90824702948078,1.6286372142087742,8.0,6.0,4.611964435665682,-1.1578934896915036,0.5,0.5,0.5,1.0,-0.5789467448457518
-0.47191981314843745,3.2635884965584,-0.051611867192417865,8.0,6.0,8.902885669072953,0.36403178488198745,0.5,0.5,0.5,1.0,0.18201589244099373
5.0679967499186445,-0.8198689623713973,-0.11125380621118425,8.0,6.0,7.423426144470244,1.2760189511217968,0.5,0.5,0.5,1.0,0.6380094755608984
1.2770933418327441,2.2409351943659006,-2.076181239418775,8.0,6.0,7.7024698731891545,2.5860167596532158,0.5,0.5,0.5,1.0,1.2930083798266079
3.4982435656832944,6.459207752677991,0.1697891062091527,8.0,6.0,4.525116877389072,-0.2714438489512676,0.5,0.5,0.5,1.0,-0.1357219244756338
4.374925941948292,2.3335636535602466,-2.7077717943635595,8.0,6.0,5.155959407215495,-2.7843427462904486,0.5,0.5,0.08810851714861168,0.5,1.2217304763960306
7.257338344371357,2.0853700525752092,-1.6286098098667388,8.0,6.0,3.984454035374997,3.011919857609367,0.5,0.5,0.5,1.0,1.5059599288046834
-0.7265021780572174,3.5310552156744723,-2.562874107345686,8.0,6.0,9.069042320536694,2.8385930074816175,0.5,0.5,0.5,1.0,1.4192965037408087
5.378174121953034,0.7499557613869001,-0.7848265193031033,8.0,6.0,5.868299195013096,1.8924623978757507,0.5,0.5,0.5,1.0,0.9462311989378753
1.1148010323066377,1.301945914722153,0.5865685889538004,8.0,6.0,8.335327048947846,0.01220717352406342,0.5,0.5,0.5,1.0,0.00610358676203171
7.021401962297199,1.920320627883643,-0.06452471431001132,8.0,6.0,4.195406762003833,1.3998977445611542,0.5,0.5,0.5,1.0,0.6999488722805771
1.8816112983817104,0.01932040172721372,-1.163875439270524,8.0,6.0,8.555887374275486,1.9378923000854,0.5,0.5,0.5,1.0,0.9689461500427
5.041905725512981,6.460761003088144,-0.5664502017972493,8.0,6.0,2.993763925014742,0.41192909856946947,0.5,0.5,0.3830967313910115,0.5,1.2217304763960306
6.885022287320351,1.615401984948483,2.0283623053278905,8.0,6.0,4.52414357125921,-0.7065821119590358,0.5,0.46802933560490095,0.5,0.5,-1.2217304763960306
7.626452105017826,3.166108410633594,0.9621202905943806,8.0,6.0,2.85840507453497,0.4776171407102956,0.5,0.5,0.5,1.0,0.2388085703551478
2.342674255116528,2.440858121428578,1.8834656883018674,8.0,6.0,6.683773297735512,-1.3219085141788918,0.5,0.5,0.5,1.0,-0.6609542570894459
4.069781759015886,3.7363918187074425,-2.8469327680001983,8.0,6.0,4.53547543485563,-2.9137047960967597,0.13362115015598816,0.04324036531353914,0.5,0.25,-1.5707963267948966
2.0946951443786412,0.877774102385203,2.9715470193286464,8.0,6.0,7.817277248762571,-2.2570411247617908,0.5,0.5,0.5,1.0,-1.1285205623808954
5.390333049715652,3.0562785307232616,1.7610898429574746,8.0,6.0,3.9339366644732867,-0.9156107973831469,0.5,0.5,0.5,1.0,-0.45780539869157344
1.2251863772270446,6.4912637699949585,2.8745693358533266,8.0,6.0,6.792601836926678,-2.946955891986989,0.5,0.5,0.5,1.0,-1.4734779459934946
1.0315981988104408,3.9265750820240486,0.18544721466883132,8.0,6.0,7.270331117171038,0.10375732333562496,0.5,0.5,0.5,1.0,0.05187866166781248
1.7095180998759107,0.9174205310773136,0.429284955007413,8.0,6.0,8.087198315467674,0.25030254111187533,0.5,0.5,0.5,1.0,0.12515127055593767
5.026967167994985,3.217990715287688,1.0717328472823977,8.0,6.0,4.071670404195957,-0.3195148826342592,0.5,0.5,0.5,1.0,-0.1597574413171296
4.759359151261156,2.353415097672431,-1.2102840561716115,8.0,6.0,4.878456165673541,2.0545556974316295,0.5,0.5,0.5,1.0,1.0272778487158147
0.3303779006748888,1.1701648151403887,1.968713804259812,8.0,6.0,9.06368639458383,-1.4067162555200858,0.5,0.5,0.5,1.0,-0.7033581277600429
3.3807505487176774,2.2521873891640896,1.4165602496237637,8.0,6.0,5.9484085988701825,-0.7349388051524954,0.34114231298301323,0.5,0.28304038075756377,0.25,1.5707963267948966
4.697526909353461,4.094183740003463,-0.7547956146191415,8.0,6.0,3.8129337958207055,1.2781973636583892,0.5,0.5,0.5,1.0,0.6390986818291946
7.44958223341021,6.791464277596716,-1.6057629284436776,8.0,6.0,0.9640411923198012,0.6426271775972188,0.5,0.5,0.3443769469836292,0.5,1.2217304763960306
1.3658021804913307,5.470845728053657,-2.7429506628270786,8.0,6.0,6.655267459080262,2.822543765975085,0.5,0.5,0.5,1.0,1.4112718829875426
5.131356496606738,2.296808450335191,2.7028674199064286,8.0,6.0,4.684308188310118,-1.791156750375389,0.5,0.5,0.5,1.0,-0.8955783751876945
4.745980680985885,2.5567383263381336,-2.274744009023568,8.0,6.0,4.7375829999933305,3.0883912503757354,0.5,0.5,0.22009530920718995,0.5,1.2217304763960306
3.80321652132354,2.3051660517053705,3.0020301262672797,8.0,6.0,5.591492597899256,-2.280151801451205,0.5,0.5,0.03773828203870533,0.5,1.2217304763960306
7.486519957538288,-0.9144882017011629,0.8902515869643491,8.0,6.0,6.933527878754874,0.6064193337035101,0.5,0.5,0.5,1.0,0.30320966685175504
6.38629274625831,0.9361347972595517,-0.6067815818600905,8.0,6.0,5.3147701636386975,1.8690809326686009,0.5,0.5,0.5,1.0,0.9345404663343004
1.699505525499744,3.4769294770820283,2.138992921363004,8.0,6.0,6.786907652740372,-1.7580935426151063,0.5,0.24867541598480536,0.5,0.5,-1.2217304763960306
3.7916256092346714,0.3353896400580174,-0.8429895131134041,8.0,6.0,7.056785779858383,1.7748288415231788,0.5,0.5,0.5,1.0,0.8874144207615894
-0.18291487058461042,3.034734970130561,1.5446252596601908,8.0,6.0,8.703613759617403,-1.1969707832071137,0.5,0.5,0.5,1.0,-0.5984853916035568
5.396209081885127,2.9483191636782946,2.041340380687155,8.0,6.0,4.011543726800275,-1.1769113141815328,0.5,0.5,0.5,1.0,-0.5884556570907664
6.926192967331662,5.938734324361446,2.981481770588365,8.0,6.0,1.0755533582391108,-2.9244889168285586,0.006568449094173756,0.5,0.004742200357243376,0.25,1.5707963267948966
3.697678939727452,0.5282425100668036,-0.539767805273955,8.0,6.0,6.960610356448975,1.444246614166403,0.5,0.5,0.5,1.0,0.7221233070832015
-0.6472542539833248,1.5278499112960233,-1.7175518473908962,8.0,6.0,9.735252053692689,2.1948454408660636,0.5,0.5,0.5,1.0,1.0974227204330318
5.854348252137619,5.894302545953643,-2.1879713717431435,8.0,6.0,2.1482535639204166,2.2371928173175797,0.44120552378736994,0.5,0.36091698592388455,0.25,1.5707963267948966
7.649380752662232,4.753268514211103,0.06971704739397075,8.0,6.0,1.2950958475190526,1.2269296549899193,0.5,0.5,0.5,0.6475479237595263,0.6134648274949597
1.7968787577404681,3.8654633428081997,-2.9398002041900653,8.0,6.0,6.560103649110049,-3.011969900994218,0.5,0.4870621590865414,0.5,0.5,-1.2217304763960306
1.1959984436944247,5.906560227937004,-1.7578032255457259,8.0,6.0,6.804643133126959,1.7715354238413172,0.5,0.5,0.40804521980712904,0.5,1.2217304763960306
6.846550454571417,0.726235973446733,-1.265699809115578,8.0,6.0,5.398428740070274,2.621172155475268,0.5,0.5,0.5,1.0,1.310586077737634
7.259454087087397,1.0328119076867237,2.2479510341876416,8.0,6.0,5.0220877922981755,-0.8251521660740193,0.5,0.5,0.5,1.0,-0.41257608303700966
5.114578579734494,3.4410928165433656,3.1359499493608283,8.0,6.0,3.856638788643937,-2.410453315616269,0.5,0.5,0.5,1.0,-1.2052266578081345
0.1506216832903391,2.475152837005174,2.4178069873095387,8.0,6.0,8.604492284923293,-1.9957344751449517,0.5,0.5,0.5,1.0,-0.9978672375724759
6.071958483152282,2.79351894169955,-2.4264384462621558,8.0,6.0,3.741505695295414,-2.827321808264472,0.5,0.2968714002222465,0.5,0.5,-1.2217304763960306
1.911559782678045,0.8275435496941563,-0.7212381530779178,8.0,6.0,7.988955501829631,1.4254730158849946,0.5,0.5,0.5,1.0,0.7127365079424973
6.543271472563465,0.6067510541743291,1.3150167352388045,8.0,6.0,5.586518790293033,-0.008027517391153382,0.5,0.5,0.5,1.0,-0.004013758695576691
3.477947565085363,0.41997761128676014,-0.6692989034875393,8.0,6.0,7.182312168282468,1.5590446694780267,0.5,0.5,0.5,1.0,0.7795223347390133
-0.8671528214097468,-0.6969369741978699,1.38912466520628,8.0,6.0,11.111946903878426,-0.7422705925583293,0.5,0.5,0.5,1.0,-0.37113529627916464
0.6296709771430533,6.718238826841131,-0.1121276855886549,8.0,6.0,7.405242529286232,0.014984382378905115,0.5,0.5,0.5,1.0,0.007492191189452557
1.4487372572442245,5.365242484772805,-2.465748067926677,8.0,6.0,6.5819420103611765,2.562337430936185,0.5,0.5,0.5,1.0,1.2811687154680924
2.74791073704662,6.67896483702084,-2.5765204066983363,8.0,6.0,5.295794074163092,2.4479582329279634,0.294088770501227,0.5,0.32235288518358995,0.25,1.5707963267948966
7.453397472468858,4.486573085863912,-1.7276363383992364,8.0,6.0,1.609110110444563,2.9518427998175074,0.21714229281000996,0.5,0.16923222563588786,0.25,1.5707963267948966
2.617807613872637,6.508840895293641,-1.2239309343972522,8.0,6.0,5.406192184709178,1.1296695418856475,0.5,0.5,0.5,1.0,0.5648347709428237
-0.028624997321183066,-0.8359943359282864,2.382439401999043,8.0,6.0,10.544649729054738,-1.6771025817857528,0.5,0.5,0.5,1.0,-0.8385512908928764
6.032444650227624,0.8858089486434899,0.16093019417978977,8.0,6.0,5.479618979837276,1.0425971196159152,0.5,0.5,0.5,1.0,0.5212985598079576
1.8492218920340622,-0.09725886231900205,2.9015606052226883,8.0,6.0,8.660752679043586,-2.1205320322466528,0.5,0.5,0.5,1.0,-1.0602660161233264
-0.7231179729209011,5.934633959669771,-2.777214285852652,8.0,6.0,8.723362877280993,2.784707571752108,0.5,0.5,0.5,1.0,1.392353785876054
4.972514377673878,3.0156473462480387,1.7649143674599261,8.0,6.0,4.251121023371101,-0.9866907530961007,0.5,0.37222327184478476,0.5,0.5,-1.2217304763960306
4.878388691161469,-0.3543877183667181,-0.5392816548884586,8.0,6.0,7.079738726732675,1.653452517830815,0.5,0.5,0.5,1.0,0.8267262589154075
5.888177351453056,3.393122141110987,2.441870588032183,8.0,6.0,3.3549377147842248,-1.5519413612625823,0.5,0.5,0.5,1.0,-0.7759706806312912
2.189643286710626,5.753776942238438,0.41447467407761984,8.0,6.0,5.8155714190301495,-0.372123431037143,0.5,0.4031682264141342,0.46023091478655676,0.1,0.0
3.6864478720537344,1.713889982782054,0.6513484568994347,8.0,6.0,6.080910379228244,0.13085864885891824,0.5,0.5,0.5,1.0,0.06542932442945912
3.9171378104781773,-0.9305366519649896,-2.7727197702986097,8.0,6.0,8.043761678646192,-2.4720443467164688,0.5,0.5,0.5,1.0,-1.2360221733582344
3.7898371287975277,1.4452591351381283,-1.8480723635124512,8.0,6.0,6.202510439176585,2.6727636724551336,0.5,0.5,0.5,1.0,1.3363818362275668
-0.88264690819071,3.7459335001729483,-0.1350708581012141,8.0,6.0,9.164182008299079,0.3835858387408739,0.5,0.5,0.5,1.0,0.19179291937043694
4.402012660041806,0.43339363100230344,0.989233119853315,8.0,6.0,6.628168628351663,0.007756738959850691,0.327099778231999,0.2985480079157504,0.5,0.25,-1.5707963267948966
4.557892902019788,4.584349576606457,2.691439605237648,8.0,6.0,3.721849996335166,-2.301251886783912,0.5,0.5,0.5,1.0,-1.150625943391956
4.8742442965802155,-0.6063417467481083,1.31040145775292,8.0,6.0,7.308495056596,-0.18153863580826862,0.5,0.5,0.5,1.0,-0.09076931790413431
6.944229900007276,1.4781458139581964,-2.2005762865949405,8.0,6.0,4.643470230750104,-2.7411853069533962,0.5,0.5,0.5,1.0,-1.3705926534766981
3.7240402221107836,6.447337857567314,2.917459523037445,8.0,6.0,4.299295661028596,-3.0216972897471783,0.5,0.5,0.5,1.0,-1.5108486448735892
-0.758058853270974,0.051339739332662226,1.7825379338063922,8.0,6.0,10.587263752934508,-1.1858939383840368,0.5,0.5,0.5,1.0,-0.5929469691920184
5.307465477943533,2.046116974342847,-1.483431320250516,8.0,6.0,4.78361088854911,2.456377835231693,0.5,0.27368468685451647,0.5,0.5,-1.2217304763960306
5.092362682298815,3.7313168846621103,-0.40767254024491484,8.0,6.0,3.687991031592644,1.0702540564226293,0.5,0.5,0.5,1.0,0.5351270282113146
4.029854107744337,0.02446825964921917,-0.46256208222117545,8.0,6.0,7.174192497120087,1.4469263760022546,0.5,0.5,0.5,1.0,0.7234631880011273
4.898414041326707,0.2616333719495989,-2.890731123772103,8.0,6.0,6.522935460125438,-2.3171779935590036,0.5,0.5,0.5,1.0,-1.1585889967795018
-0.1699000435887621,5.820822468570193,1.321586092355434,8.0,6.0,8.171864616475295,-1.2996581848670745,0.5,0.5,0.5,1.0,-0.6498290924335373
2.8481837648674273,1.3251900426034293,-1.0537085243738,8.0,6.0,6.956655709344087,1.7906025386314655,0.5,0.5,0.5,1.0,0.8953012693157327
7.374537802969728,3.33946874832614,-2.9445782395857423,8.0,6.0,2.7330622936638695,-1.9987072431889283,0.5,0.5,0.3130275204835465,0.5,1.2217304763960306
1.4897003061475238,3.7556634133880813,2.2281469811447208,8.0,6.0,6.886294273248891,-1.896169106855502,0.5,0.5,0.5,1.0,-0.948084553427751
6.124617126448808,4.197595345921358,2.1212970961200597,8.0,6.0,2.601100432404231,-1.3557392967883708,0.5,0.5,0.5,1.0,-0.6778696483941854
1.9042015461858477,4.670742144203183,2.5074871961393757,8.0,6.0,6.239045218358379,-2.2927868215782308,0.5,0.5,0.5,1.0,-1.1463934107891154
-0.39325956543048757,6.495547890475631,-1.261669764557542,8.0,6.0,8.40787570343694,1.2026970514671547,0.5,0.5,0.5,1.0,0.6013485257335773
1.092407981144806,3.862309809429716,-1.0006042243828912,8.0,6.0,7.23080540810029,1.3007259840632923,0.23456745493472442,0.5,0.1684743863119459,0.25,1.5707963267948966
-0.49718487045344884,6.109485941529283,1.4264495665334929,8.0,6.0,8.497890202518242,-1.4393338199378598,0.5,0.5,0.5,1.0,-0.7196669099689299
7.240750493821093,6.999327734379991,-0.354026623533921,8.0,6.0,1.2550361482180343,-0.5670512320452546,0.5,0.5,0.5,0.6275180741090172,-0.2835256160226273
2.515127067366201,0.40465648423982614,-2.6485161167527838,8.0,6.0,7.835285581681009,-2.8393012828900863,0.5,0.5,0.5,1.0,-1.4196506414450432
-0.4448366441573014,-0.8686667594049986,-0.5068161893548213,8.0,6.0,10.885488000005196,1.1896487271991505,0.5,0.5,0.5,1.0,0.5948243635995752
0.012904249023238279,1.5816022865455626,0.8480099388501953,8.0,6.0,9.127756399550243,-0.34271933668059373,0.5,0.5,0.5,1.0,-0.17135966834029687
3.7411636436640237,-0.5623635450092728,-3.082533577492139,8.0,6.0,7.8231900403170425,-2.205512562307039,0.5,0.5,0.5,1.0,-1.1027562811535194
3.6840423810366776,6.352461815564105,-1.8365852422082287,8.0,6.0,4.330325565141528,1.7551012638977381,0.5,0.5,0.5,1.0,0.8775506319488691
4.281587905418963,2.2036673671745772,1.1002570434160475,8.0,6.0,5.314012604819615,-0.304490231625632,0.2423700994514303,0.14470691514284983,0.5,0.25,-1.5707963267948966
6.6526739394947905,1.1628235235691546,-0.5683928040775373,8.0,6.0,5.021310962034956,1.8675388411814673,0.5,0.5,0.5,1.0,0.9337694205907336
6.273687679925524,-0.10505003333802954,2.084550033093295,8.0,6.0,6.344429851137264,-0.789327254999206,0.5,0.5,0.5,1.0,-0.394663627499603
3.2676298927548952,6.903409894635831,-1.7235328601142326,8.0,6.0,4.817828999629706,1.5349023251902478,0.5,0.5,0.5,1.0,0.7674511625951239
6.163878663644709,5.177379235027727,-1.4984253065018636,8.0,6.0,2.0119757664501594,1.9196322073069587,0.5,0.5,0.5,1.0,0.9598161036534794
1.049753691622446,1.5614913020746153,1.5744247952932353,8.0,6.0,8.246592217920995,-1.0060971054559582,0.5,0.5,0.5,1.0,-0.5030485527279791
-0.02439178135304354,2.6516206319716433,-1.8247459246577014,8.0,6.0,8.694970261759625,2.220055412231118,0.5,0.5,0.5,1.0,1.110027706115559
-0.7038220746896982,5.524558943873108,-1.2989987462266757,8.0,6.0,8.716797743765008,1.3535689131255173,0.5,0.5,0.5,1.0,0.6767844565627587
1.4334182191717737,1.0359000322279392,-1.4772134734509024,8.0,6.0,8.231785029648174,2.1245206803448116,0.5,0.5,0.5,1.0,1.0622603401724058
0.23888886660840702,-0.5218325819610348,2.4566878216088384,8.0,6.0,10.137511837328896,-1.7578392254665378,0.5,0.5,0.5,1.0,-0.8789196127332689
3.5113983865935534,2.357825796237991,-2.409366853162884,8.0,6.0,5.780395953083524,3.0910369671554165,0.5,0.5,0.5,1.0,1.5455184835777083
2.0676676917164656,0.17173867519977914,-1.5340790313665988,8.0,6.0,8.31632110287155,2.3106282990058298,0.5,0.5,0.5,1.0,1.1553141495029149
3.799646207754596,-0.8736409273685144,-2.633207661402533,8.0,6.0,8.05542746093749,-2.627709053963605,0.5,0.5,0.5,1.0,-1.3138545269818025
5.548563121010123,3.2779653782221034,-2.1385348626777905,8.0,6.0,3.663197408525667,2.976190273455894,0.5,0.5,0.5,1.0,1.488095136727947
1.2282464752693931,0.863915154444193,1.0261592490592346,8.0,6.0,8.499177215498534,-0.37726750275616316,0.5,0.5,0.5,1.0,-0.18863375137808158
-0.5370032732483467,-0.45638279342557464,2.8516982865472573,8.0,6.0,10.703518284316369,-2.2041887401032323,0.5,0.5,0.5,1.0,-1.1020943700516161
0.49877456740397164,4.890980671122172,-1.3095796485341733,8.0,6.0,7.58276380104577,1.4563614387352877,0.5,0.5,0.5,1.0,0.7281807193676438
6.533905871223985,-0.16692368433399096,0.3516692074338647,8.0,6.0,6.338799549033793,0.9857247973345082,0.5,0.5,0.5,1.0,0.4928623986672541
1.9034722233901347,4.16367384173862,-1.4697839179953933,8.0,6.0,6.367082902749941,1.7623490847481789,0.5,0.2536648752308757,0.5,0.5,-1.2217304763960306
1.3348124745535022,-0.6321853020520614,-2.112570117289068,8.0,6.0,9.402691456711903,2.8954864253559705,0.5,0.5,0.5,1.0,1.4477432126779852
7.765282017671607,4.7758076304167725,-0.9685537223814825,8.0,6.0,1.2464908699922792,2.3499160906197245,0.5,0.5,0.5,0.6232454349961396,1.1749580453098623
0.4668645484530576,3.787431878206604,-0.7210897536148149,8.0,6.0,7.851343033196914,1.0067672959082399,0.2625251386988401,0.5,0.31190690767692675,0.25,1.5707963267948966
4.197381542637854,3.8621328610037606,0.21053990824356777,8.0,6.0,4.362382724643865,0.30162863179191796,0.5,0.5,0.5,1.0,0.15081431589595898
0.3480106411123154,1.7654610706909875,0.10821216295021412,8.0,6.0,8.745528062522233,0.397230462913473,0.5,0.5,0.5,1.0,0.1986152314567365
1.6238722297248311,6.060374863400001,-0.9199082137232311,8.0,6.0,6.376413605390161,0.9104396049891174,0.5,0.1966760515261271,0.5,0.5,-1.2217304763960306
1.1017854274579761,6.379144734804686,-2.262686481277194,8.0,6.0,6.908626131059725,2.2077789925419196,0.5,0.5,0.5,1.0,1.1038894962709598
5.744677708865474,6.375167678958836,3.126678439678401,8.0,6.0,2.286313500861955,2.9916685507512857,0.5,0.5,0.5,1.0,1.4958342753756428
0.9289800311645062,5.945393215241549,-0.4480833055887772,8.0,6.0,7.0712308193561295,0.455805769883384,0.5,0.5,0.5,1.0,0.227902884941692
0.3121503971480264,1.467101805750647,-1.575018541690818,8.0,6.0,8.924695936305072,2.1077695986071565,0.5,0.5,0.5,1.0,1.0538847993035783
7.3099581784516285,-0.274304183432557,0.10776643593600349,8.0,6.0,6.31213519355575,1.353491093896152,0.5,0.5,0.5,1.0,0.676745546948076
-0.45199568386928124,0.5891901559943529,-0.3913127648584392,8.0,6.0,10.03559137311466,0.9607545851982974,0.5,0.5,0.5,1.0,0.4803772925991487
7.979970030477471,3.5407655345741142,0.9854599535570471,8.0,6.0,2.4593160341073728,0.5771917546960172,0.5,0.5,0.5,1.0,0.2885958773480086
2.5330373945974385,1.8266212342605224,0.7295949752709613,8.0,6.0,6.877846352688836,-0.07758449411694007,0.5,0.5,0.5,1.0,-0.038792247058470036
0.20514935797426692,0.28309005497624007,3.137199287212068,8.0,6.0,9.666579325231886,-2.504393212993367,0.5,0.5,0.5,1.0,-1.2521966064966834
-0.21576839081228216,1.125542554468307,-0.6604974965529979,8.0,6.0,9.552967373532143,1.1959797476742415,0.5,0.5,0.5,1.0,0.5979898738371208
1.675888259587865,3.5021417141854085,-1.9746206676613023,8.0,6.0,6.799535669531503,2.3507865963666204,0.1705184699503003,0.5,0.1478892090687407,0.25,1.5707963267948966
0.23055602801128816,6.591424071094816,-2.9179026882561874,8.0,6.0,7.791921590066348,2.8419274077580545,0.5,0.5,0.5,1.0,1.4209637038790273
5.354151428922879,4.340548607514148,2.371826350848325,8.0,6.0,3.1231864473793545,-1.8116533125014596,0.5,0.5,0.5,1.0,-0.9058266562507298
3.206384684369892,1.725175844502533,-0.4460222552415217,8.0,6.0,6.4228396644060926,1.174274279737861,0.5,0.5,0.5,1.0,0.5871371398689305
3.168890255062827,2.749818913117898,-2.529949015367634,8.0,6.0,5.822653902229896,3.1221587518078,0.5,0.5,0.5,1.0,1.5610793759039
6.013881279424454,2.6554962789406327,-0.14755569590805834,8.0,6.0,3.889777977263047,1.1824701275734346,0.5,0.5,0.22032662107418777,0.5,1.2217304763960306
0.81823928905033,1.1711546989885315,-0.946456615715746,8.0,6.0,8.65421480265199,1.5384015950385077,0.5,0.5,0.5,1.0,0.7692007975192539
7.040688060342983,-0.9964705393166948,-2.3694347387232475,8.0,6.0,7.061931704929958,-2.4792182491534565,0.5,0.5,0.5,1.0,-1.2396091245767282
5.112536840094997,1.4089106282713777,-1.4174959133332103,8.0,6.0,5.423609971136208,2.426873514402774,0.5,0.5,0.19498759201271232,0.5,1.2217304763960306
2.8190596128040104,6.897579252359095,0.44168543878020505,8.0,6.0,5.258116755069636,-0.6132291048376514,0.5,0.5,0.5,1.0,-0.3066145524188257
5.465115577544837,-0.08853770124645077,-0.45060864648499094,8.0,6.0,6.595144454422909,1.6268946596658413,0.5,0.5,0.5,1.0,0.8134473298329207
0.5135423743160321,3.8026161258606646,2.664054727169938,8.0,6.0,7.802278107802184,-2.3785585009374,0.5,0.5,0.5,1.0,-1.1892792504687
6.356673974829059,4.448462727549619,2.919159626131667,8.0,6.0,2.2600416661661114,-2.162483665204373,0.5,0.5,0.5,1.0,-1.0812418326021864
-0.18912776838262968,5.837923273144917,-2.797834006286453,8.0,6.0,8.190731497997204,2.8176231186298355,0.5,0.5,0.5,1.0,1.4088115593149177
-0.5219064789870522,1.9823898440011112,1.1445221776092402,8.0,6.0,9.421469174294788,-0.7039783999918756,0.5,0.5,0.5,1.0,-0.3519891999959378
1.350560215684344,4.637955965193156,-2.2304573055123385,8.0,6.0,6.787504209795582,2.4324984230043776,0.5,0.5,0.5,1.0,1.2162492115021888
6.2300937676824635,2.861597643035184,-1.3060632504306764,8.0,6.0,3.603073330560838,2.363368294792451,0.5,0.5,0.41741396027199995,0.5,1.2217304763960306
6.55362551240642,3.2887416984825917,-2.4298900666482637,8.0,6.0,3.0729335716719706,-2.7725624979440613,0.5,0.5,0.5,1.0,-1.3862812489720306
6.32450711822521,1.5548408317842588,-1.416038206502155,8.0,6.0,4.750443813755768,2.6263770121600567,0.5,0.5,0.5,1.0,1.3131885060800284
-0.4318236699440754,-0.1506684153536728,-2.8690815832001824,8.0,6.0,10.436779788644504,-2.783879080062547,0.5,0.5,0.5,1.0,-1.3919395400312735
5.300571683112269,3.1019416853876036,2.972998452718072,8.0,6.0,3.9605119912593842,-2.1521296039212103,0.5,0.5,0.5,1.0,-1.0760648019606052
5.312259781938335,4.4019375777293295,2.915171972078398,8.0,6.0,3.1269395557413278,-2.378751188456933,0.5,0.5,0.5,1.0,-1.1893755942284665
1.927664969838228,-0.16594988326821003,-1.9878517294234266,8.0,6.0,8.65402742551149,2.7808990877819415,0.5,0.5,0.5,1.0,1.3904495438909708
6.553487920359059,5.684716707085421,2.0157281528646784,8.0,6.0,1.48047315117101,-1.8011234977899435,0.12771964553391535,0.5,0.12942464537785348,0.25,1.5707963267948966
5.062743784015241,1.6322290175546517,-2.2187855149869566,8.0,6.0,5.263544189368291,-3.085622665769049,0.2208835528381517,0.5,0.2606274140301012,0.25,1.5707963267948966
6.838754124778506,2.693699400141168,-1.474378383233617,8.0,6.0,3.5042995932633683,2.7074115657618503,0.5,0.5,0.5,1.0,1.3537057828809251
2.8091546620614642,2.5212661110043797,1.7871660048152445,8.0,6.0,6.248717051751089,-1.1967439216596614,0.5,0.5,0.5,1.0,-0.5983719608298307
3.93468398424075,1.0253912947209365,-2.2001646727927144,8.0,6.0,6.424447531004273,3.085811961967448,0.5,0.5,0.5,1.0,1.542905980983724
5.816226691802761,5.216210576213524,-2.579011326623161,8.0,6.0,2.320170623560743,2.923606231423339,0.5,0.5,0.26655550276860884,0.5,1.2217304763960306
1.376513260815471,6.980849498624777,0.29708414880606215,8.0,6.0,6.695718208161524,-0.444102257739743,0.5,0.5,0.2939808735166265,0.5,1.2217304763960306
6.543526870124232,0.27578848933621813,-0.35924926110378114,8.0,6.0,5.906598970377611,1.6808917067134999,0.5,0.5,0.5,1.0,0.8404458533567499
3.753743329956312,6.3616767182824505,1.2589234291076021,8.0,6.0,4.261631818498411,-1.3438937681063925,0.5,0.5,0.5,1.0,-0.6719468840531962
0.30475468428160113,3.1928931585669584,2.3050272665230818,8.0,6.0,8.191254439236163,-1.9552425177680495,0.5,0.5,0.5,1.0,-0.9776212588840247
7.525219899575507,-0.41509826794493687,-2.3497747148833477,8.0,6.0,6.432643463705199,-2.4364893734247985,0.5,0.5,0.5,1.0,-1.2182446867123993
6.743171458755741,5.347828974433349,-0.9687151944470376,8.0,6.0,1.4159608146678455,1.4473699173276235,0.5,0.5,0.5,0.7079804073339228,0.7236849586638118
3.820065774257885,6.3429015134328175,-2.889931095213754,8.0,6.0,4.193975629333682,2.8080792357019946,0.5,0.5,0.5,1.0,1.4040396178509973
4.618753456254437,6.746939495827887,1.1552288167605478,8.0,6.0,3.4627657731961796,-1.3726436520224066,0.5,0.5,0.5,1.0,-0.6863218260112033
2.9000995063796884,3.676389701218934,0.5302777309983882,8.0,6.0,5.604297446195209,-0.10276108387880485,0.5,0.5,0.5,1.0,-0.051380541939402426
6.69288001261867,5.70091568323842,2.4406825853056504,8.0,6.0,1.3409004772705948,-2.2157431086329495,0.15926308071184625,0.5,0.12371814368381195,0.25,1.5707963267948966
-0.14793267208910643,1.2557666310840316,-1.0165593428815303,8.0,6.0,9.42849707470034,1.5438342463621464,0.5,0.5,0.5,1.0,0.7719171231810732
7.8465219508092545,4.871827966902276,-2.416713139524277,8.0,6.0,1.138563853214763,-2.430887140780468,0.5,0.5,0.5,0.5692819266073815,-1.215443570390234
3.6837754806796896,6.368633523699302,-1.7843035274556118,8.0,6.0,4.331937762246453,1.699103807007778,0.5,0.5,0.5,1.0,0.849551903503889
5.747313218770411,0.9123372419630424,1.6439276002770704,8.0,6.0,5.564073154968646,-0.48996015865615977,0.5,0.5,0.5,1.0,-0.24498007932807989
-0.6448407993093581,2.2075578057684906,1.9895448691746815,8.0,6.0,9.440121304410827,-1.576132456813335,0.5,0.5,0.5,1.0,-0.7880662284066675
4.556715602036393,6.955299224105986,-2.5033168893368307,8.0,6.0,3.573346338215357,2.2326851578857805,0.5,0.5,0.5,1.0,1.1163425789428902
1.0278840148279778,6.407531182096254,-2.9504569232942996,8.0,6.0,6.984016249628291,2.892071777355351,0.5,0.5,0.5,1.0,1.4460358886776754
-0.35180546295876847,6.202107659407619,-3.097279713816749,8.0,6.0,8.354250534733751,3.0730851582316983,0.5,0.5,0.5,1.0,1.5365425791158491
7.222962359756684,6.8001768407286,-0.48072445715640477,8.0,6.0,1.1153790704479372,-0.31934358205570557,0.5,0.5,0.5,0.5576895352239686,-0.15967179102785278
6.659869499012718,3.4754712993810086,1.8645083564998344,8.0,6.0,2.858180351189448,-0.7817291632958562,0.25503429486514617,0.5,0.12570446132310853,0.25,1.5707963267948966
2.9950540604190024,3.696742642969175,1.1706320643831707,8.0,6.0,5.5094898412507245,-0.7393313591442232,0.5,0.26432341660090963,0.5,0.5,-1.2217304763960306
6.172089387585399,4.097942863592337,0.17793701633203599,8.0,6.0,2.638006549866251,0.627337125828464,0.36048797784458136,0.5,0.4254952310909943,0.25,1.5707963267948966
3.961289076985998,-0.21867700424610348,-1.0322733698292623,8.0,6.0,7.4150609979157895,2.027082218226576,0.5,0.5,0.5,1.0,1.013541109113288
-0.9161418033355371,-0.4219247229784422,1.1448502136281362,8.0,6.0,10.988116390209434,-0.5206570988444019,0.5,0.5,0.5,1.0,-0.26032854942220096
1.1715173771784535,4.161934440393948,0.4336355655955748,8.0,6.0,7.071538724463419,-0.17069163987044422,0.5,0.5,0.5,1.0,-0.08534581993522211
0.842271871539829,4.551721859926251,1.6436962423810964,8.0,6.0,7.302779028011557,-1.4440539222226316,0.5,0.5,0.5,1.0,-0.7220269611113158
1.3754094775958041,3.6839039888234613,2.792860283060721,8.0,6.0,7.017798823172075,-2.4565231362884106,0.5,0.10262524043966081,0.5,0.5,-1.2217304763960306
3.1702166675448646,0.33399050163327093,3.0970704367364883,8.0,6.0,7.4451642476202915,-2.2321677028507763,0.5,0.5,0.5,1.0,-1.1160838514253881
5.566391552017069,1.3551518819760613,0.830722382108926,8.0,6.0,5.243764307976133,0.2574605132401097,0.28189389810175997,0.43426514252597126,0.5,0.25,-1.5707963267948966
6.59454039486322,2.9614504201847938,-2.4094156812205627,8.0,6.0,3.3478500938163887,-2.7362088266394764,0.5,0.5,0.5,1.0,-1.3681044133197382
1.9774639921434694,3.3463669362653565,2.018983710840073,8.0,6.0,6.5812391236661645,-1.6039598473286272,0.5,0.5,0.5,1.0,-0.8019799236643136
2.4772652377395668,1.665098755011618,-1.6556654546816159,8.0,6.0,7.0208238874139,2.32114298111569,0.5,0.5,0.5,1.0,1.160571490557845
-0.16851669376653644,-0.5071764114184694,2.505583388561842,8.0,6.0,10.443563080944335,-1.8329088716026352,0.5,0.5,0.5,1.0,-0.9164544358013176
5.560754962057969,3.8848128710519436,0.7709685742958724,8.0,6.0,3.228611612689322,-0.05660291062478391,0.5,0.5,0.5,1.0,-0.028301455312391956
-0.589005142832722,6.239340130238398,2.515438950215921,8.0,6.0,8.592339206615943,-2.5432976143279507,0.5,0.5,0.5,1.0,-1.2716488071639753
4.912591893119137,4.187491818110087,1.2562657474690175,8.0,6.0,3.5801221666098986,-0.7254118271290628,0.5,0.5,0.5,1.0,-0.3627059135645314
0.25013017191727194,0.8673175405260709,2.9217103920328302,8.0,6.0,9.295424228189823,-2.3367420132602175,0.5,0.5,0.5,1.0,-1.1683710066301087
0.9080144640132297,4.8012731962447095,3.0875746304371043,8.0,6.0,7.19257984263553,-2.9201316983467094,0.5,0.5,0.4272647115907896,0.5,1.2217304763960306
1.7078558435081783,-0.4337963048000022,-1.925521364327488,8.0,6.0,8.999156236988684,2.7220500448764295,0.5,0.5,0.5,1.0,1.3610250224382148
4.880528251451008,-0.273611021746202,1.3653923251748799,8.0,6.0,7.006375613837067,-0.2560307941015673,0.5,0.5,0.5,1.0,-0.12801539705078366
5.9970744373505775,-0.5659480165142368,-2.969372559857057,8.0,6.0,6.864647417390185,-2.0390974270244833,0.5,0.5,0.5,1.0,-1.0195487135122416
-0.49066325162141766,4.733881920291923,2.955553994464283,8.0,6.0,8.584545267176244,-2.807525902324384,0.5,0.5,0.5,1.0,-1.403762951162192
7.064991575935435,5.189657361002577,1.1678498395973445,8.0,6.0,1.2372937992445485,-0.4537579165293452,0.5,0.5,0.5,0.6186468996222743,-0.2268789582646726
3.7011780352322488,4.874825671137496,1.4194881246502589,8.0,6.0,4.443634498369645,-1.1634907886006087,0.5,0.017055802582334634,0.5,0.5,-1.2217304763960306
7.3466014471947485,6.606163155178814,-1.9171402027576665,8.0,6.0,0.8912706881213655,1.1692259297338048,0.5,0.5,0.16303583942763977,0.5,1.2217304763960306
0.05910394092478244,2.404335591389146,1.0695090922608872,8.0,6.0,8.717031189595868,-0.6443263378228461,0.5,0.5,0.4415689359378453,0.5,1.2217304763960306
7.677769425462335,4.938713694866133,-0.6679719057437697,8.0,6.0,1.1091263068882498,1.9439912163904063,0.5,0.5,0.5,0.5545631534441249,0.9719956081952031
1.8053025785049992,5.592772795665589,-1.5599251450990856,8.0,6.0,6.20806814877437,1.6255687244000059,0.5,0.5,0.5,1.0,0.8127843622000029
0.9989512406132921,1.5574258280138098,-2.868334974085239,8.0,6.0,8.291631263202008,-2.849407082814961,0.5,0.5,0.5,1.0,-1.4247035414074805
7.517681199003739,3.9813227787432286,-3.0060187261109865,8.0,6.0,2.0754973258030063,-1.9409015088103196,0.018296620348218495,0.03251152124864709,0.02224148208331983,0.25,-1.5707963267948966
1.6790067637050767,0.6328504969976239,-2.1611117374604287,8.0,6.0,8.292240305301386,2.865082535090898,0.5,0.5,0.5,1.0,1.432541267545449
5.875895741841247,3.2458300267882,0.703352145837622,8.0,6.0,3.478113158146186,0.21049243639820017,0.5,0.5,0.5,1.0,0.10524621819910009
-0.2841137226196099,-0.6233453669549398,1.0562082949223448,8.0,6.0,10.60637751634638,-0.3817578387495273,0.5,0.5,0.5,1.0,-0.19087891937476364
1.9103493141599608,2.274332514738676,-1.3078359664820236,8.0,6.0,7.138938554595179,1.8568890818897565,0.5,0.5,0.5,1.0,0.9284445409448783
3.757572095878494,1.7269413070467614,0.8470080990262572,8.0,6.0,6.02139727265126,-0.05801288261557395,0.5,0.5,0.5,1.0,-0.029006441307786974
2.5227444586640297,2.6997196812674993,0.6699380203607084,8.0,6.0,6.394699246040324,-0.127650988052333,0.5,0.5,0.5,1.0,-0.0638254940261665
0.06677427534527913,6.360208252806536,0.8008358872064651,8.0,6.0,7.941399145220781,-0.8462097406753395,0.5,0.5,0.5,1.0,-0.42310487033766975
0.5977214509362385,6.2747364653129045,1.2601420435467254,8.0,6.0,7.407375233056722,-1.297240136367783,0.5,0.5,0.5,1.0,-0.6486200681838915
0.9865857909496107,6.942179236405888,1.9336097825582026,8.0,6.0,7.076417213620483,-2.0671498709405722,0.5,0.5,0.5,1.0,-1.0335749354702861
6.076716068070573,5.009943790077339,0.7907649924999431,8.0,6.0,2.1631533421429787,-0.315368305600781,0.5,0.5,0.5,1.0,-0.1576841528003905
7.865391923126733,-0.6406062658315728,2.0309073714833246,8.0,6.0,6.641970408859186,-0.48037871899515205,0.5,0.5,0.5,1.0,-0.24018935949757603
-0.9983296424128112,5.023162540291932,-1.8193996690898127,8.0,6.0,9.051195930716228,1.9275338605651504,0.5,0.5,0.5,1.0,0.9637669302825752
2.1337929009677694,-0.06711848401066511,-0.16324765768451827,8.0,6.0,8.439331278469878,0.9654803910942406,0.5,0.5,0.5,1.0,0.4827401955471203
0.5858274808942314,4.899833971382161,1.193271598858108,8.0,6.0,7.495353189382601,-1.0459596335405503,0.26284713258597636,0.21805436302457493,0.5,0.25,-1.5707963267948966
-0.34783117120054263,-0.23747880699988055,-1.7823521860047156,8.0,6.0,10.42076902779445,2.4240572980599415,0.5,0.5,0.5,1.0,1.2120286490299708
6.247946791274757,-0.15853621083809166,1.6461567643852963,8.0,6.0,6.402910174788369,-0.3525295328904918,0.5,0.5,0.5,1.0,-0.1762647664452459
2.189225459156507,2.659973787361828,-2.205430986476949,8.0,6.0,6.7023037730040995,2.7271140433523113,0.5,0.5,0.5,1.0,1.3635570216761557
2.0967301195412666,4.613741011380114,-0.1307973413548064,8.0,6.0,6.063852675078831,0.3614472489919257,0.3560641177423499,0.2954559443277196,0.3360324446183225,0.25,-1.5707963267948966
2.7695099597695028,1.3376542069484465,1.0023647884528581,8.0,6.0,7.006817705273625,-0.27433347861255575,0.5,0.5,0.5,1.0,-0.13716673930627787
1.4877321212262085,-0.4825620625070277,0.49729330393354354,8.0,6.0,9.188756380444758,0.28581889153227985,0.5,0.5,0.5,1.0,0.14290944576613993
7.640748216577212,5.14557250162519,0.33659096071998645,8.0,6.0,0.9268808951917663,0.8361872134895749,0.5,0.5,0.5,0.46344044759588315,0.41809360674478746
0.8810595775451291,6.674024453761858,1.7476513014582522,8.0,6.0,7.150777699154891,-1.842050342041337,0.5,0.5,0.5,1.0,-0.9210251710206685
7.529668339154449,-0.7482794293452741,0.10904856588525359,8.0,6.0,6.764649815601566,1.3921637557280473,0.5,0.5,0.5,1.0,0.6960818778640236
0.9783087051698716,0.5593303768021496,-0.6318705626905333,8.0,6.0,8.8828505891229,1.2910790908078316,0.5,0.5,0.5,1.0,0.6455395454039158
2.205604129150574,4.833359751341825,2.4970571829938093,8.0,6.0,5.9106744943285525,-2.2983740608232694,0.5,0.5,0.5,1.0,-1.1491870304116347
6.364086326352204,2.8963154666365485,2.2478467414584644,8.0,6.0,3.5084285984279817,-1.162132551559604,0.5,0.5,0.5,1.0,-0.581066275779802
4.586574462538538,-0.31295633188282945,-2.4084946942670915,8.0,6.0,7.176690849413369,-2.799570586108505,0.5,0.5,0.5,1.0,-1.3997852930542525
0.8914075617162012,6.236847565458306,-1.1385109518524748,8.0,6.0,7.112537045449333,1.1052047829264187,0.5,0.5,0.44287027392485157,0.5,1.2217304763960306
-0.10719050727432988,6.632842452355304,0.48409715472152426,8.0,6.0,8.13185264812036,-0.56199858933005,0.5,0.5,0.5,1.0,-0.280999294665025
3.276077015155286,0.6241605560279551,-0.783597713574158,8.0,6.0,7.1564724616328865,1.633454158783796,0.5,0.5,0.5,1.0,0.816727079391898
1.749830487716629,-0.6601853666452007,0.6929518178694344,8.0,6.0,9.133602139920011,0.12419435651148192,0.5,0.5,0.5,1.0,0.06209717825574096
0.10303813674297335,2.9885794251210003,-2.2925711038907326,8.0,6.0,8.451666140385601,2.6568877531644284,0.5,0.5,0.5,1.0,1.3284438765822142
6.050872487364957,2.6432079687175847,-0.46360522384410996,8.0,6.0,3.8816427967797336,1.508330127298842,0.5,0.5,0.16206853918014325,0.5,1.2217304763960306
7.3961034211855665,2.804119572478731,0.9839277127123771,8.0,6.0,3.2524364382593713,0.40010971247323157,0.5,0.5,0.10089090446563725,0.5,1.2217304763960306
4.530059581798283,6.493109100507705,0.8132536889932505,8.0,6.0,3.5048028604863677,-0.9544172998146332,0.5,0.5,0.5,1.0,-0.4772086499073166
4.552227086887823,6.343677811390051,-0.907043985882823,8.0,6.0,3.4648596650415553,0.807691081657216,0.3641441421730296,0.5,0.5,0.1,0.8726646259971648
6.386086658348248,0.7908533270090556,-0.6779734395967925,8.0,6.0,5.453432436098769,1.9483256049680229,0.5,0.5,0.5,1.0,0.9741628024840114
-0.7856462639335924,4.916628046737856,-2.0983597829166873,8.0,6.0,8.852190410519045,2.221051992642095,0.5,0.5,0.5,1.0,1.1105259963210474
0.44372112800413377,6.996785930631948,0.4624391873971212,8.0,6.0,7.62174078428786,-0.5935968250365519,0.5,0.5,0.5,1.0,-0.29679841251827593
5.147369273007182,2.496201341190072,-1.2835090379442144,8.0,6.0,4.518197329252213,2.1709934901086414,0.5,0.48690891346771414,0.5,0.5,-1.2217304763960306
0.8044545117752913,-0.2956123544797764,2.3724780198625726,8.0,6.0,9.560889592030092,-1.653686586028144,0.5,0.5,0.5,1.0,-0.826843293014072
3.0739209553491094,0.4913057286790474,0.379988483033534,8.0,6.0,7.389991023609765,0.4611857779319202,0.5,0.5,0.5,1.0,0.2305928889659601
0.8157230241522353,4.037000243155217,0.06603985763166946,8.0,6.0,7.4476307448120025,0.20068520453203093,0.5,0.5,0.5,1.0,0.10034260226601546
1.834786908490449,4.43918263160857,-0.32913450327106303,8.0,6.0,6.359717235946352,0.5770899467589142,0.4253948142676026,0.5,0.5,0.1,0.8726646259971648
-0.8990950509753933,0.6750234328248865,2.365290309505704,8.0,6.0,10.370596326502097,-1.8260681268734738,0.5,0.5,0.5,1.0,-0.9130340634367369
0.9891219171574124,6.827604664210572,1.0718386648812301,8.0,6.0,7.059556712195579,-1.189340682119972,0.5,0.5,0.5,1.0,-0.594670341059986
-0.5733371166979485,6.890115231524696,0.1372789283598507,8.0,6.0,8.619420771835133,-0.24073193134604173,0.5,0.5,0.5,1.0,-0.12036596567302087
3.1375503623129877,2.0674523099512356,-2.3778884712164428,8.0,6.0,6.253666749479895,3.0579472186945402,0.5,0.5,0.5,1.0,1.5289736093472701
7.04474244471729,1.15763556460454,1.7892401971575302,8.0,6.0,4.935687421434576,-0.4132139167299974,0.5,0.5,0.5,1.0,-0.2066069583649987
-0.4546155013931552,3.5048568735597803,1.4853886307712738,8.0,6.0,8.815115569169771,-1.1984130421956416,0.5,0.5,0.5,1.0,-0.5992065210978208
1.4280610169840227,6.45140789825448,-2.6119121233962286,8.0,6.0,6.587423706358321,2.5433326677757986,0.5,0.5,0.5,1.0,1.2716663338878993
1.431296521779915,5.27786690250383,1.894900015910822,8.0,6.0,6.608278262549184,-1.7854043092771745,0.5,0.5,0.5,1.0,-0.8927021546385873
1.1826305605979734,5.325318625101741,-0.34663052100914993,8.0,6.0,6.8506730348869604,0.44527437567564293,0.5,0.5,0.5,1.0,0.22263718783782147
0.4661203665069684,-0.2000336784519412,-1.8193687480388105,8.0,6.0,9.757036432539309,2.507949951410419,0.5,0.5,0.5,1.0,1.2539749757052094
4.573963865607089,4.6587852323015895,-1.2277602480291234,8.0,6.0,3.679209242114156,1.6008977935640114,0.5,0.5,0.5,1.0,0.8004488967820057
4.372789121875624,2.0151254704690276,-1.5674603889060712,8.0,6.0,5.388495501574488,2.3998103105042037,0.3312912371660698,0.5,0.5,0.1,0.8726646259971648
2.3318563755796733,-0.5615491161977992,-2.9890478455643175,8.0,6.0,8.670742698946436,-2.4358166724892603,0.5,0.5,0.5,1.0,-1.2179083362446301
1.1797664422915157,-0.8400634290327469,-3.0326313544742733,8.0,6.0,9.659298809690284,-2.4637041475599153,0.5,0.5,0.5,1.0,-1.2318520737799576
7.068764246918526,5.934604642614181,-0.5586387958480917,8.0,6.0,0.9335291000203682,0.6287479772965491,0.5,0.5,0.5,0.4667645500101841,0.31437398864827454
1.9029498877098088,1.4516638382614184,-0.38341720961390596,8.0,6.0,7.606666938413741,1.024346737489902,0.5,0.5,0.5,1.0,0.512173368744951
0.11062449541233121,3.236335765178735,-1.34347240290465,8.0,6.0,8.359430952835135,1.6804162637471558,0.5,0.2339626979768814,0.5,0.5,-1.2217304763960306
1.0038655326550625,5.644932607622786,1.280758288721754,8.0,6.0,7.005138852178549,-1.2300498570503091,0.5,0.5,0.5,1.0,-0.6150249285251546
3.228487077126247,-0.582774077757751,0.7921365723310289,8.0,6.0,8.13020603256465,0.1514509718150765,0.5,0.5,0.5,1.0,0.07572548590753825
4.976656727198849,0.7475087086008729,-0.4906868098466412,8.0,6.0,6.06046774691654,1.5391967299408567,0.5,0.5,0.5,1.0,0.7695983649704283
1.2885402455679724,-0.6025090039632417,-2.160892335795461,8.0,6.0,9.414712804051778,2.9381074907605518,0.5,0.5,0.5,1.0,1.4690537453802759
5.6771557107776145,0.6078987165199328,-1.449187552367006,8.0,6.0,5.871146552699944,2.613222264762881,0.5,0.5,0.5,1.0,1.3066111323814404
3.3515042493742255,2.569332056659843,-0.7055538741327966,8.0,6.0,5.777369235304913,1.341341517542349,0.5,0.09133982799081386,0.5,0.5,-1.2217304763960306
3.428837893707973,2.3832857075402547,-2.3927123156755994,8.0,6.0,5.828906010160291,3.06206578080182,0.5,0.5,0.5,1.0,1.53103289040091
5.4097786177101375,-0.5711743377819882,0.9617827063690523,8.0,6.0,7.063255551570831,0.23353507409539448,0.5,0.5,0.5,1.0,0.11676753704769724
0.4125129803997951,1.9278026255973613,-1.147966269277383,8.0,6.0,8.611199145803873,1.6405403308798536,0.5,0.5,0.5,1.0,0.8202701654399268
3.3922083273851813,-0.7954649982157456,0.007302280066095357,8.0,6.0,8.21036470811095,0.9676392570384573,0.5,0.5,0.5,1.0,0.48381962851922866
7.516951462877534,0.3156581454569629,-0.9269262451491054,8.0,6.0,5.704829375934563,2.4129474475645516,0.5,0.5,0.5,1.0,1.2064737237822758
3.2185392190319284,1.135209015808222,-2.0598271525612044,8.0,6.0,6.821184539345744,2.853863710693764,0.5,0.5,0.5,1.0,1.426931855346882
6.170137949711201,1.31950678353334,1.3743836543213253,8.0,6.0,5.025476283147453,-0.1762720219387451,0.2339566200853047,0.21984656064445285,0.5,0.25,-1.5707963267948966
1.9736229379702723,3.2047218787254756,-0.1367803410730277,8.0,6.0,6.643101705456125,0.5710842823648404,0.5,0.5,0.5,1.0,0.2855421411824202
4.834833875467429,-0.4522900818314399,-2.7118970444784036,8.0,6.0,7.1868159776071145,-2.456550408825938,0.5,0.5,0.5,1.0,-1.228275204412969
6.036191188029882,0.05540206305373996,1.943371502745154,8.0,6.0,6.260574229407173,-0.6916399822690861,0.5,0.5,0.5,1.0,-0.34581999113454304
5.328082441674592,0.719744969146932,-1.4718426483775535,8.0,6.0,5.917789843289194,2.5741865338049807,0.5,0.5,0.5,1.0,1.2870932669024904
-0.9535304880645921,-0.9664165530414977,1.7476475518518142,8.0,6.0,11.344455376579024,-1.08642629138834,0.5,0.5,0.5,1.0,-0.54321314569417
5.809585734126369,6.168595238829607,2.5857939107563843,8.0,6.0,2.196893035789119,-2.662612019028066,0.5,0.5,0.5,1.0,-1.331306009514033
0.11216399405070399,4.338454289788265,0.012529216485549086,8.0,6.0,8.060936112131962,0.1950821711957679,0.5,0.5,0.5,1.0,0.09754108559788395
7.563728825160805,4.822371378699029,-0.8496921766996288,8.0,6.0,1.2558430266967275,2.0656989018686747,0.5,0.5,0.5,0.6279215133483638,1.0328494509343373
1.0805615225658345,0.24128742585861396,-2.263005524516624,8.0,6.0,9.00229967033816,2.9571049611109053,0.5,0.5,0.5,1.0,1.4785524805554526
-0.3142774222216993,2.084786501911016,-1.1224844914751981,8.0,6.0,9.190000314977343,1.5625842789176272,0.5,0.5,0.5,1.0,0.7812921394588136
1.4117306455053464,3.804610187715646,2.189810800283855,8.0,6.0,6.944424347291525,-1.8681558696901985,0.5,0.5,0.5,1.0,-0.9340779348450993
1.2441911951874038,5.200286692177383,-0.8991629789324517,8.0,6.0,6.802976847078931,1.0169888546017427,0.5,0.5,0.5,1.0,0.5084944273008714
0.7501799440472405,4.192504563673006,1.4606666425250086,8.0,6.0,7.4717421392897245,-1.2163319386401445,0.5,0.5,0.5,1.0,-0.6081659693200723
2.811693627459354,2.5239080130556095,-0.9792626842929052,8.0,6.0,6.245137189609599,1.5695596826782947,0.5,0.5,0.5,1.0,0.7847798413391474
5.027544007373436,3.839592809016607,-2.076304630662928,8.0,6.0,3.6746229546654616,2.7047974205449608,0.5,0.5,0.5,1.0,1.3523987102724804
5.754826585999983,3.0293267563762463,1.7611024574132614,8.0,6.0,3.723667973828301,-0.8374957573639337,0.5,0.5,0.5,1.0,-0.41874787868196683
5.652594619177307,5.920314374210793,-0.21459178739750367,8.0,6.0,2.348757505761876,0.248525013866386,0.5,0.3269126854626253,0.5,0.5,-1.2217304763960306
0.6444351227026606,3.847646908482111,-1.374087434706112,8.0,6.0,7.664004077158157,1.658755865352709,0.2251479485633867,0.2842904767230312,0.5,0.25,-1.5707963267948966
5.406151647845149,4.048129900470229,-2.840385741932085,8.0,6.0,3.246204885618712,-2.7977005688528536,0.5,0.5,0.5,1.0,-1.3988502844264268
4.402307710388616,-0.42274834541323436,1.4587938916535526,8.0,6.0,7.36173119036804,-0.3985988611331999,0.5,0.5,0.5,1.0,-0.19929943056659996
6.656392643219547,-0.4452366330969628,-1.5634182171194055,8.0,6.0,6.583794953202115,2.928692804491432,0.5,0.5,0.5,1.0,1.464346402245716
5.765828448035457,1.0266578672392717,0.6224137541352532,8.0,6.0,5.452123851592211,0.5261696545822104,0.5,0.5,0.5,1.0,0.2630848272911052
5.008997921223129,1.302784479647153,-1.7040378493207478,8.0,6.0,5.568655769563354,2.7078224183795663,0.07418147684378744,0.5,0.021531691219403182,0.25,1.5707963267948966
1.3859132091435629,3.742098988863881,1.9870013116424972,8.0,6.0,6.988866936283099,-1.6580284811498138,0.5,0.5,0.5,1.0,-0.8290142405749069
2.149998669588383,6.991933686957054,-2.2420245153135263,8.0,6.0,5.933502170315428,2.074060790598786,0.015397391332922172,0.015629006321059236,0.03907330566259648,0.25,-1.5707963267948966
1.949942375865997,2.5771702586040366,1.342376262712728,8.0,6.0,6.9511841217109716,-0.8275201813525253,0.5,0.47341179641975206,0.5,0.5,-1.2217304763960306
5.913547068716806,2.8723514025959913,2.5724622376290327,8.0,6.0,3.759716955211322,-1.589968133986835,0.5,0.5,0.5,1.0,-0.7949840669934175
4.029343150063679,1.4828043231837613,-2.4998580316637797,8.0,6.0,6.014247467688168,-2.933627175639096,0.5,0.5,0.5,1.0,-1.466813587819548
5.740355766112245,4.058599055675066,-1.0652000540643292,8.0,6.0,2.9790988050697353,1.7749892655004496,0.5,0.5,0.5,1.0,0.8874946327502248
6.433235142035689,2.8791661202262153,3.025051592662888,8.0,6.0,3.4920418418592614,-1.9195287869550255,0.5,0.5,0.5,1.0,-0.9597643934775127
-0.4921363977293465,1.269018367773043,-2.1815031700356116,8.0,6.0,9.721037383021855,2.6897822076426614,0.5,0.5,0.5,1.0,1.3448911038213307
0.29274970205779605,6.164626464995007,2.683568077613506,8.0,6.0,7.709008303803216,-2.704924777952275,0.5,0.5,0.5,1.0,-1.3524623889761376
0.48225244016214264,4.489488742374498,2.882569358430556,8.0,6.0,7.6679966505510055,-2.684283532912327,0.5,0.5,0.5,1.0,-1.3421417664561635
2.921369285651067,6.380706938443595,1.5859682361385663,8.0,6.0,5.092880099286399,-1.6607908098559987,0.5,0.5,0.5,1.0,-0.8303954049279993
5.597708581128527,6.077214099386371,0.29279711667524494,8.0,6.0,2.4035320006872305,-0.3249279086848018,0.3009673058159209,0.4305960929961832,0.5,0.25,-1.5707963267948966
5.433150330522721,1.466852346413897,1.734983191926847,8.0,6.0,5.209428459524981,-0.6794128767531908,0.5,0.5,0.2866935884962898,0.5,1.2217304763960306
5.6047621076520615,0.11453754062552512,-2.7662385761784227,8.0,6.0,6.35419805495907,-2.332655476511676,0.5,0.5,0.5,1.0,-1.166327738255838
3.721996823289408,-0.3117724251868017,0.5680726910714375,8.0,6.0,7.624944742573181,0.40706550525372037,0.5,0.5,0.5,1.0,0.20353275262686019
5.146969098087175,6.17065114397928,0.6932034928987686,8.0,6.0,2.8581300075767975,-0.752946296958124,0.5,0.5,0.5,1.0,-0.376473148479062
-0.6184145706789744,2.270019921115579,2.085433040098064,8.0,6.0,9.390943568191977,-1.6769811323610904,0.5,0.5,0.5,1.0,-0.8384905661805452
7.160929755701078,-0.48288620186230435,-0.9851163553739462,8.0,6.0,6.536960484901566,2.427199720146947,0.5,0.5,0.5,1.0,1.2135998600734734
-0.37129729780971443,3.8843578024596486,1.0033518470874125,8.0,6.0,8.634498268940101,-0.755809443485328,0.5,0.5,0.5,1.0,-0.377904721742664
1.5057223693432022,0.7029604605717612,2.113901734532813,8.0,6.0,8.380588871094643,-1.4296923561073829,0.5,0.5,0.5,1.0,-0.7148461780536914
6.67926168275738,1.4699525012503747,2.828108627598575,8.0,6.0,4.718652354598779,-1.5409994906926696,0.40572579041112333,0.5,0.4381783253768937,0.25,1.5707963267948966
-0.0692696390525328,0.26476100135963865,2.9236741055209334,8.0,6.0,9.899801961618236,-2.3057692919294515,0.5,0.5,0.5,1.0,-1.1528846459647257
2.563541457019745,5.880061353893249,2.166925089359681,8.0,6.0,5.437781419694333,-2.144866760084656,0.3435964944922904,0.5,0.5,0.1,0.8726646259971648
0.26583487008630957,1.1815134274448509,-0.4904351138246419,8.0,6.0,9.11236100616449,1.0476044064004246,0.5,0.5,0.5,1.0,0.5238022032002123
-0.47313758177644427,2.9198996377265045,1.3739128593905339,8.0,6.0,9.015601961122158,-1.0252503263234605,0.5,0.5,0.5,1.0,-0.5126251631617302
0.24630138050171424,-0.037893027417156055,1.6365820943229636,8.0,6.0,9.82730860879734,-0.9749575086716455,0.5,0.5,0.5,1.0,-0.4874787543358228
3.0064535064510913,0.7427159752033115,-1.5977450366195975,8.0,6.0,7.25083042834523,2.4088659314692706,0.5,0.5,0.5,1.0,1.2044329657346353
7.465150120701532,-0.1049750454608116,-0.9339440339233155,8.0,6.0,6.128359054354177,2.417354619942341,0.5,0.5,0.5,1.0,1.2086773099711705
-0.5386802959925858,3.127697594089712,1.1331943092433718,8.0,6.0,9.008839121006105,-0.8086978343725627,0.5,0.5,0.5,1.0,-0.40434891718628135
0.3967030356340895,1.0586872996788115,-2.981545536482936,8.0,6.0,9.067893687659298,-2.725341324491228,0.5,0.5,0.5,1.0,-1.362670662245614
-0.23904996184331406,0.9980064974378662,-0.7186688108366412,8.0,6.0,9.638562303239219,1.264298427969122,0.5,0.5,0.5,1.0,0.632149213984561
4.419867008306604,3.596468184999652,0.4230974073566085,8.0,6.0,4.312112872355079,0.16814233443599985,0.5,0.5,0.5,1.0,0.08407116721799993
-0.037015263557176326,1.8583277917651673,0.8520462973881174,8.0,6.0,9.04140824358218,-0.3762142510731259,0.5,0.5,0.5,1.0,-0.18810712553656295
0.03474898160086726,-0.3297986902510255,2.787669719422819,8.0,6.0,10.17406385104851,-2.1161831852099406,0.5,0.5,0.5,1.0,-1.0580915926049703
4.360746054275637,6.000511029699589,-0.40687558937013313,8.0,6.0,3.639253981604155,0.40673516781564667,0.22185700276471843,0.5,0.26235463484772936,0.25,1.5707963267948966
4.208598047744804,5.879944941406584,-1.3014288908016711,8.0,6.0,3.793302252742112,1.3330833971624463,0.5,0.27883687626631426,0.5,0.5,-1.2217304763960306
1.4311565315762347,4.446802242681099,-0.890194043813935,8.0,6.0,6.749972428535839,1.1223789129474318,0.5,0.5,0.5,1.0,0.5611894564737159
7.3548028086499535,0.4265616130572001,0.752999951068735,8.0,6.0,5.6106590405026,0.7025465072387032,0.5,0.5,0.5,1.0,0.3512732536193516
1.4790484429313477,3.566394887039956,1.2508125328920578,8.0,6.0,6.96026170883404,-0.8936227634908979,0.5,0.5,0.5,1.0,-0.44681138174544893
1.4732619548733181,6.986640664031903,0.38619508251961093,8.0,6.0,6.600891554148225,-0.536228139918068,0.5,0.5,0.23784886094705565,0.5,1.2217304763960306
2.5034886041815456,4.467314595928551,-1.6887595050122213,8.0,6.0,5.70620382322747,1.9606986595926126,0.06781107934517944,0.09149123591978581,0.1280863129540865,0.25,-1.5707963267948966
3.086617965640139,1.9273853896661493,-1.3285671858348909,8.0,6.0,6.381811089328403,2.0206727704798353,0.5,0.5,0.5,1.0,1.0103363852399176
-0.547471245016346,5.058630392645694,-3.0616445074626073,8.0,6.0,8.599153529390652,-3.1118485983979003,0.5,0.5,0.5,1.0,-1.5559242991989501
3.8035869865040217,1.5043368162105057,0.23618160649778544,8.0,6.0,6.149867449134062,0.5836308919272276,0.4072140295762514,0.5,0.26379128219129455,0.25,1.5707963267948966
3.9875224442368538,1.5814427155831057,-1.3265607787622218,8.0,6.0,5.968552974647758,2.1600866224899153,0.2008735864553352,0.13972131923747422,0.5,0.25,-1.5707963267948966
0.3129676068285385,2.5747896011993614,3.102488407445566,8.0,6.0,8.41561247264389,-2.683313787505171,0.5,0.5,0.5,1.0,-1.3416568937525855
3.025092811357224,1.5698885041485697,-1.5009775334227975,8.0,6.0,6.661500536762312,2.228514293897664,0.5,0.5,0.5,1.0,1.114257146948832
5.244321924188464,2.1107350289851734,-1.742187279191839,8.0,6.0,4.766565185987844,2.6965527827130544,0.5,0.5,0.5,1.0,1.3482763913565272
5.874649297261318,2.982775853403516,1.4748139001621512,8.0,6.0,3.690630997598743,-0.5176944481067944,0.5,0.5,0.5,1.0,-0.2588472240533972
1.3209795422571906,4.376808105666465,1.979904100005627,8.0,6.0,6.873431908499353,-1.7414975953815812,0.5,0.5,0.5,1.0,-0.8707487976907906
1.1059944140696656,1.736698257439934,-2.5853207181896374,8.0,6.0,8.105742086135875,3.139164990675596,0.5,0.5,0.5,1.0,1.569582495337798
0.5416187344554233,4.131806728879057,2.6919751455604297,8.0,6.0,7.688796863000602,-2.446542506475569,0.5,0.5,0.5,1.0,-1.2232712532377845
-0.4655376271319198,6.121755152798305,1.4419926296806935,8.0,6.0,8.466413150420859,-1.4563740858846272,0.5,0.5,0.5,1.0,-0.7281870429423136
6.514684289532293,0.264408599911266,3.1187003070517623,8.0,6.0,5.924792947313351,-1.8013020500139487,0.5,0.5,0.5,1.0,-0.9006510250069744
-0.4661184190530663,4.459495840616482,0.6411492105770011,8.0,6.0,8.605133011784739,-0.4611573764254718,0.5,0.5,0.5,1.0,-0.2305786882127359
0.1609651372222105,3.5490452274141058,3.0368414568571525,8.0,6.0,8.213260429154014,-2.733810582200054,0.5,0.5,0.5,1.0,-1.366905291100027
4.501452381357601,-0.7932120194264298,0.2775675439498265,8.0,6.0,7.641175628186288,0.817648257327289,0.5,0.5,0.5,1.0,0.4088241286636445
5.987614207239239,2.9194976090837033,-2.6953792142782063,8.0,6.0,3.679564044740406,-2.595677136454134,0.5,0.4768269566141695,0.5,0.5,-1.2217304763960306
6.461461694504091,0.4350615215342657,2.146532434576991,8.0,6.0,5.7737024851118495,-0.8454684123669743,0.5,0.5,0.5,1.0,-0.42273420618348717
-0.8767379917541632,0.042060839268497574,1.7297640357554886,8.0,6.0,10.690814581556905,-1.1386394268234759,0.5,0.5,0.5,1.0,-0.5693197134117379
4.848038078126047,2.5008786622781205,0.571580375691515,8.0,6.0,4.709428212962154,0.26596638485723834,0.5,0.5,0.5,1.0,0.13298319242861917
2.6916702031172104,-0.07967393134685619,-2.1304182082398273,8.0,6.0,8.070985091299093,2.9834461167058786,0.5,0.5,0.5,1.0,1.4917230583529393
1.4820807093388693,5.458649579509352,-1.1655717843907978,8.0,6.0,6.540361775722953,1.2484373021885593,0.5,0.5,0.5,1.0,0.6242186510942797
1.6925757540560005,0.3464845259273064,-0.32917405919678316,8.0,6.0,8.47029148458904,1.0599562413118935,0.5,0.5,0.5,1.0,0.5299781206559467
1.7683838096327298,1.7676063122092076,2.9988516139098294,8.0,6.0,7.533007146717626,-2.4022353861897963,0.5,0.5,0.5,1.0,-1.2011176930948981
0.8743295867826866,6.496973885345456,-0.5768161147894476,8.0,6.0,7.1429799020098015,0.5071847118678172,0.5,0.5,0.5,1.0,0.2535923559339086
3.9772428318045945,4.856121037053404,-2.4348336391665697,8.0,6.0,4.182228391197604,2.7118733545891054,0.5,0.5,0.28870713301201,0.5,1.2217304763960306
1.4725952650895526,5.490823432794704,-0.8647929784681332,8.0,6.0,6.54723402284677,0.9426413077588385,0.5,0.5,0.5,1.0,0.47132065387941924
5.272748477920725,4.5771401564636705,-2.5406922586496097,8.0,6.0,3.076106467440935,3.0215639768593725,0.5,0.5,0.5,1.0,1.5107819884296863
4.379030772726288,5.585569084153024,-0.19741420420493425,8.0,6.0,3.644608501454299,0.31137137120066594,0.026888537870384255,0.036504651430553536,0.041699061164606865,0.25,-1.5707963267948966
4.242084370211698,1.9862804883092684,-1.5851162407838968,8.0,6.0,5.4983519530068365,2.4034175909380737,0.3611289184986612,0.3997841497547462,0.5,0.25,-1.5707963267948966
0.6796281771839712,1.5609563053536073,-2.1581165467573755,8.0,6.0,8.56113033116882,2.703225670910113,0.5,0.5,0.5,1.0,1.3516128354550565
7.63263357631568,0.053335556704656284,1.755347789743164,8.0,6.0,5.958001014636011,-0.2462499423724197,0.5,0.5,0.5,1.0,-0.12312497118620985
0.0755650703728914,1.4602423651993037,1.3414157711046275,8.0,6.0,9.132692283036006,-0.8211754885729978,0.5,0.5,0.5,1.0,-0.4105877442864989
7.055733710474648,1.4162355027808102,0.00958552922962596,8.0,6.0,4.680014507616517,1.358050458989894,0.5,0.5,0.5,1.0,0.679025229494947
2.6440302263251545,6.691924226697793,2.0003761732570906,8.0,6.0,5.400478807662327,-2.128852075773253,0.5,0.2425901116314555,0.5,0.5,-1.2217304763960306
-0.5203359626075468,3.8411881447323877,3.001329412107558,8.0,6.0,8.789573001127385,-2.7531799272467863,0.5,0.5,0.5,1.0,-1.3765899636233931
-0.8133177719425485,3.4277752305653637,-1.081251339997745,8.0,6.0,9.1810081371128,1.3652204629406806,0.5,0.5,0.5,1.0,0.6826102314703403
6.309361196993557,-0.3365256299036137,1.8639505759719146,8.0,6.0,6.55818699189467,-0.5538890391877233,0.5,0.5,0.5,1.0,-0.2769445195938616
7.232391401928339,2.664841489537107,-2.911611079297628,8.0,6.0,3.4223537587085593,-2.0269949747315708,0.5,0.5,0.5,1.0,-1.0134974873657854
7.8368535425908945,6.325197140073161,2.8041288892341076,8.0,6.0,0.3638268083537885,2.3732546198959272,0.5,0.5,0.5,0.18191340417689425,1.1866273099479636
1.2291795008579376,2.2904827086798765,-1.0725580252645457,8.0,6.0,7.72039693061214,1.5737630702428083,0.5,0.5,0.5,1.0,0.7868815351214041
5.0633602599017555,0.05144068761232745,1.8437981672027859,8.0,6.0,6.633943838782356,-0.7315745935237565,0.5,0.5,0.5,1.0,-0.36578729676187827
5.873911340535617,3.9997380052690943,-2.7871496759710084,8.0,6.0,2.9191267590613323,-2.7411214709958474,0.5,0.5,0.5,1.0,-1.3705607354979237
-0.40066675864209944,4.328559887129287,-1.8069124984055804,8.0,6.0,8.565332103349386,2.0033128343298294,0.5,0.5,0.5,1.0,1.0016564171649147
6.213533978278009,0.5773607362151809,-1.209104415109412,8.0,6.0,5.7093324856683525,2.461652989964111,0.5,0.5,0.5,1.0,1.2308264949820555
6.972726133217277,1.7413247059761696,-0.975805781471139,8.0,6.0,4.380822623355537,2.309904732603097,0.5,0.5,0.5,1.0,1.1549523663015484
0.15152680944589392,-0.8684421325671288,1.2878775227082642,8.0,6.0,10.429478834115818,-0.5689733374812573,0.5,0.5,0.5,1.0,-0.28448666874062867
6.604983689947738,1.6558186772170727,1.1080497733452366,8.0,6.0,4.562672667475485,0.15202530247796375,0.5,0.3335410320240536,0.5,0.5,-1.2217304763960306
-0.8086773286784347,1.9555586139236327,2.4960063826611667,8.0,6.0,9.692796418277895,-2.0655753088911255,0.5,0.5,0.5,1.0,-1.0327876544455628
-0.8511877036336932,2.0214731200156653,-0.8732645951086104,8.0,6.0,9.704236183219892,1.2956949366081354,0.5,0.5,0.5,1.0,0.6478474683040677
1.8892037836271656,4.002083987573913,-2.6778375310380325,8.0,6.0,6.4291133751665255,2.9938308236615967,0.5,0.5,0.5,1.0,1.4969154118307983
7.521996608555526,6.989578754445397,-1.2035002829075765,8.0,6.0,1.0989783225715246,0.08268950384259113,0.5,0.5,0.5,0.5494891612857623,0.04134475192129557
2.0953410538318025,5.399117254948364,1.8447496896229763,8.0,6.0,5.93515436563068,-1.7433346362435187,0.5,0.5,0.5,1.0,-0.8716673181217593
5.495912966741402,-0.35415225728222044,0.7637068934780128,8.0,6.0,6.829765938804828,0.43169108101569587,0.5,0.5,0.5,1.0,0.21584554050784793
5.637703946361172,2.3833912062670555,-2.7823136485675954,8.0,6.0,4.3197571473341005,-2.5086827132494243,0.5,0.09213895297744766,0.5,0.5,-1.2217304763960306
2.0271457984420787,4.752857344461586,2.6780904929343916,8.0,6.0,6.101667978211492,-2.4722461745510036,0.5,0.5,0.5,1.0,-1.2361230872755018
4.98551999711759,0.4644598110560052,2.7828190163342397,8.0,6.0,6.303117869054335,-1.7106861675932392,0.5,0.5,0.38983685274913427,0.5,1.2217304763960306
2.9520904639571293,2.4591500688420886,2.4499236031771194,8.0,6.0,6.165955637129864,-1.838225972108095,0.5,0.5,0.5,1.0,-0.9191129860540475
2.554757976376039,5.693015657240618,-1.980655976560791,8.0,6.0,5.4538885286133025,2.036972982931948,0.31179458008715,0.12656140971016006,0.5,0.25,-1.5707963267948966
6.038133626663091,3.1887689530015972,-2.9934805586344013,8.0,6.0,3.428110217953596,-2.328201645855125,0.5,0.5,0.5,1.0,-1.1641008229275625
4.1146789358949665,2.0545537596733228,-1.9780942955620704,8.0,6.0,5.537351876708413,2.7711703776629046,0.5,0.4382596368881033,0.5,0.5,-1.2217304763960306
2.322874311585434,3.350138957193491,2.5519143380540794,8.0,6.0,6.265103321433747,-2.1152096915960827,0.5,0.5,0.3385735285550051,0.5,1.2217304763960306
3.258402906691815,1.8054728476219246,-0.1725155748943218,8.0,6.0,6.330624063021398,0.8967700024489991,0.5,0.5,0.5,1.0,0.44838500122449954
3.0113839916332976,0.9060503017758581,1.6688895427309751,8.0,6.0,7.12983963402897,-0.8730446477119655,0.5,0.5,0.5,1.0,-0.4365223238559828
0.2062461476249977,0.49801939631573244,-0.7135822437283197,8.0,6.0,9.54014620824692,1.328288637818218,0.5,0.5,0.5,1.0,0.664144318909109
3.687740052307502,1.4635631895086814,3.113726406456306,8.0,6.0,6.258981130507868,-2.3029992114606843,0.5,0.5,0.5,1.0,-1.1514996057303422
7.2172746107327175,2.4055323935790316,-3.0105370308796915,8.0,6.0,3.678703087857636,-1.916263102959539,0.5,0.5,0.5,1.0,-0.9581315514797695
-0.7338139983614207,1.3628110063818522,-0.3320401855423625,8.0,6.0,9.888530159761217,0.820137500260091,0.5,0.5,0.5,1.0,0.4100687501300455
3.9529360776857176,6.368223785668376,1.5507934186052794,8.0,6.0,4.063780893162156,-1.6415290025836933,0.5,0.5,0.5,1.0,-0.8207645012918466
3.285007724132906,2.5658484038062035,3.044035186695389,8.0,6.0,5.833056604142185,-2.414536472033012,0.5,0.5,0.5,1.0,-1.207268236016506
5.281162864114417,1.0061379790633067,2.3370636800610716,8.0,6.0,5.686012069598906,-1.2648285710842333,0.42354735905472246,0.31782286514601576,0.5,0.25,-1.5707963267948966
1.3893124535509869,-0.006149711182439788,0.5013204083791766,8.0,6.0,8.931686525506422,0.2361992087677833,0.5,0.5,0.5,1.0,0.11809960438389165
4.513277695446255,-0.34853292536334113,-2.00839455091127,8.0,6.0,7.243003709338757,3.0769490054394555,0.5,0.5,0.5,1.0,1.5384745027197277
4.086243657862724,4.139623473449392,1.4341059473741646,8.0,6.0,4.333415457368501,-0.9903778231205969,0.5,0.5,0.5,1.0,-0.49518891156029843
-0.2764758033824768,1.4200420081783234,1.1342236483403723,8.0,6.0,9.459178977629447,-0.6287963644099703,0.5,0.5,0.5,1.0,-0.31439818220498517
-0.7323212816467267,6.601662189941509,-2.804400439471805,8.0,6.0,8.753024183486845,2.7356085587760006,0.5,0.5,0.5,1.0,1.3678042793880003
7.517529985641575,4.674057005705053,0.9047967415067838,8.0,6.0,1.410993316382069,0.31702282156743866,0.5,0.5,0.5,0.7054966581910345,0.15851141078371933
3.3804801041568666,3.500578076397437,0.5048550732209462,8.0,6.0,5.252339861459433,-0.008904083351262625,0.5,0.5,0.1060261050555874,0.5,1.2217304763960306
7.385136434468535,6.143098993092274,1.7049191611529597,8.0,6.0,0.631295910047015,-1.9335816069455525,0.5,0.2675258184561027,0.5,0.5,-1.2217304763960306
1.548887280341721,6.7567150741943935,0.19070788721344328,8.0,6.0,6.495342410162059,-0.30747422871216995,0.025429030498919758,0.5,0.019101944232185197,0.25,1.5707963267948966
2.975966763019237,-0.12098123215797951,-1.6811245980594622,8.0,6.0,7.918795439378241,2.5646317612653933,0.5,0.5,0.5,1.0,1.2823158806326966
-0.36098905915565793,0.15500322828807267,0.48354887410170455,8.0,6.0,10.20147662393261,0.12655909575827162,0.5,0.5,0.5,1.0,0.06327954787913581
-0.910471012322261,4.772280005209808,-2.3809484641691716,8.0,6.0,8.994653414503693,2.5178703084313283,0.5,0.5,0.5,1.0,1.2589351542156642
2.988023796065445,2.5913107439970133,-0.8742816524809086,8.0,6.0,6.061276096070565,1.4715327233828004,0.5,0.4786670689600414,0.5,0.5,-1.2217304763960306
7.5858738029329125,4.706459892785833,1.1792221869714747,8.0,6.0,1.3582144587909841,0.08173560302615734,0.5,0.5,0.5,0.6791072293954921,0.04086780151307867
1.292141696578632,5.625539578191012,-1.646627551661433,8.0,6.0,6.718302138656787,1.702393811064277,0.5,0.5,0.5,1.0,0.8511969055321384
6.3325190745881415,2.603122056963289,0.20344625922682927,8.0,6.0,3.78408144686418,0.9110199451802532,0.5,0.5,0.5,1.0,0.4555099725901266
6.824563805344459,0.850773397044331,-0.24310041795568854,8.0,6.0,5.281683903481226,1.5894679526477014,0.5,0.5,0.5,1.0,0.7947339763238507
-0.2506330085492725,3.7924291087918984,-2.0247058310667003,8.0,6.0,8.540861448441378,2.2861456275451255,0.5,0.5,0.5,1.0,1.1430728137725628
3.7572872741519534,1.2215372627931584,2.5184923754833517,8.0,6.0,6.390173503508905,-1.673775834975137,0.5,0.5,0.5,1.0,-0.8368879174875685
3.7276485965132737,-0.32892897634083695,2.8558652269512703,8.0,6.0,7.6359890323678234,-1.8788537728465882,0.5,0.5,0.5,1.0,-0.9394268864232941
-0.12403822549272969,1.906112903174411,1.0873939659410485,8.0,6.0,9.097247311732385,-0.6206131412385075,0.5,0.5,0.5,1.0,-0.31030657061925376
-0.7060529474962278,0.5991308265075945,1.8657704003528421,8.0,6.0,10.245230390468938,-1.3105161536037302,0.5,0.5,0.5,1.0,-0.6552580768018651
3.1572396147346753,4.203806446066122,-2.946055489370523,8.0,6.0,5.165136922898441,-2.9819560125372555,0.2908877916925708,0.5,0.17316212081288812,0.25,1.5707963267948966
1.4437319788901481,6.891524973947616,1.1066266032073158,8.0,6.0,6.6166054094074545,-1.2417782113839955,0.5,0.5,0.5,1.0,-0.6208891056919977
6.232370635063962,0.278995733190313,-2.261521751218468,8.0,6.0,5.9878546569400655,-2.75053463396886,0.5,0.5,0.5,1.0,-1.37526731698443
4.2974584052570695,5.895756794544633,-0.5567966789332439,8.0,6.0,3.704008761691194,0.5849437428327138,0.20660859488040462,0.3429113619236378,0.4642012314543675,0.25,-1.5707963267948966
1.6665380165042452,4.448200406563523,0.5311331069194628,8.0,6.0,6.52079923587405,-0.29085072947318613,0.5,0.5,0.5,1.0,-0.14542536473659307
0.6095629462961201,-0.16890195780833217,-0.7928877931744369,8.0,6.0,9.626728998461044,1.4884403904268557,0.5,0.5,0.5,1.0,0.7442201952134279
7.406857361322356,1.9836665415479722,0.18748147093544026,8.0,6.0,4.059895643892673,1.2366920636681216,0.22887109191664945,0.19481510688318382,0.5,0.25,-1.5707963267948966
5.921081001747895,5.914136031586609,-2.403480366989564,8.0,6.0,2.080691428916174,2.4447591248664464,0.4484066645244934,0.5,0.5,0.1,0.8726646259971648
1.8890059036841662,3.451488157847069,2.745308508821011,8.0,6.0,6.621114819635791,-2.3502017134330284,0.5,0.29847068247325237,0.5,0.5,-1.2217304763960306
0.8693761048031425,5.802613072238365,0.34133918201482294,8.0,6.0,7.133355362941312,-0.31366467041320484,0.5,0.5,0.5,1.0,-0.15683233520660242
3.706088841676719,5.542413709334641,2.1679130780616283,8.0,6.0,4.318223969293171,-2.0617474385877608,0.5,0.3734722654522139,0.5,0.5,-1.2217304763960306
-0.900174325620812,4.763863246250631,-0.7405808670725846,8.0,6.0,8.985607219348612,0.8785870484426879,0.5,0.5,0.5,1.0,0.43929352422134393
3.545567522703804,6.959005605251689,0.4998192139278157,8.0,6.0,4.556496510005827,-0.7118748695873142,0.5,0.5,0.5,1.0,-0.3559374347936571
4.589866159984459,5.996120741006007,1.734747840268459,8.0,6.0,3.4101360464751957,-1.7336102727996574,0.5,0.5,0.5,1.0,-0.8668051363998287
1.3639298268790103,2.355932821678099,3.0794079802830265,8.0,6.0,7.57077624439588,-2.577232733578582,0.0786835475896715,0.5,0.040711168260212816,0.25,1.5707963267948966
3.1105969577143684,0.838240914416188,1.4872186446202875,8.0,6.0,7.109853653031054,-0.674730139785296,0.5,0.5,0.5,1.0,-0.337365069892648
2.743697835419791,5.886319718796059,-0.6471525707705764,8.0,6.0,5.257531326745015,0.6687766247418194,0.30914112356848056,0.5,0.2256875692471515,0.25,1.5707963267948966
2.3118887602615192,2.9058107454868622,2.5801526046094723,8.0,6.0,6.475231008881752,-2.0819470221402985,0.5,0.5,0.5,1.0,-1.0409735110701492
0.695487512031677,-0.47656187421986473,-0.7833320534345507,8.0,6.0,9.762261848438788,1.508723530040053,0.5,0.5,0.5,1.0,0.7543617650200265
3.303051810724103,3.9593845233069462,2.3596435039498997,8.0,6.0,5.121077407778694,-1.9497912104207071,0.48509012905258414,0.4052667310734177,0.4089435554301395,0.25,-1.5707963267948966
6.020033389115523,2.5343990443940134,-0.07600849463265974,8.0,6.0,3.991322808758331,1.1277406718235767,0.5,0.5,0.04889288516643048,0.5,1.2217304763960306
5.92534212015664,4.12775925876099,0.0024872510341637675,8.0,6.0,2.7945466021434218,0.7316706920760572,0.5,0.5,0.5,1.0,0.3658353460380286
5.9510997790848155,3.133429837795209,1.854900526970265,8.0,6.0,3.5235233233383165,-0.9046654836374669,0.5,0.5,0.5,1.0,-0.45233274181873345
3.660144017920456,1.9947213900643943,-3.061101150962469,8.0,6.0,5.90564193702931,-2.4767570394365985,0.5,0.5,0.5,1.0,-1.2383785197182993
3.1913378544560285,2.1898723668267515,2.6823201642652506,8.0,6.0,6.135169452513755,-2.0122633149998084,0.5,0.5,0.5,1.0,-1.0061316574999042
6.4858086133891115,1.1447878701539453,1.293178714749077,8.0,6.0,5.085849032471458,-0.024692523691108133,0.5,0.4836008245273092,0.5,0.5,-1.2217304763960306
-0.25298452279024053,4.064916441370622,1.2030070415974894,8.0,6.0,8.476809654126546,-0.9726966819888087,0.5,0.5,0.5,1.0,-0.4863483409944043
-0.2696084252574119,0.14141234780298806,1.7646521862368114,8.0,6.0,10.134568209132723,-1.1482788886450777,0.5,0.5,0.5,1.0,-0.5741394443225388
0.6212153425410929,6.753554099098354,0.9331353796112524,8.0,6.0,7.4171629887322075,-1.0349069722273696,0.5,0.5,0.5,1.0,-0.5174534861136848
4.604250595496113,4.407226995689463,-0.9417692933102532,8.0,6.0,3.750738575460694,1.3803509961543188,0.5,0.5,0.5,1.0,0.6901754980771594
-0.8264463840830713,0.1403873168427161,1.6031042481895195,8.0,6.0,10.594395526301199,-1.017040320266293,0.5,0.5,0.5,1.0,-0.5085201601331465
5.534018086555286,5.986767940269117,1.2994607768102617,8.0,6.0,2.4660174137343747,-1.2940949901970336,0.5,0.5,0.3940624559931418,0.5,1.2217304763960306
-0.6106367681890543,6.163012279603069,-0.8541128014715865,8.0,6.0,8.61217966353412,0.8351835615617026,0.5,0.5,0.5,1.0,0.4175917807808513
0.5811454930807658,1.8772766631027809,1.082043243269893,8.0,6.0,8.487417151727184,-0.5748275826636922,0.5,0.5,0.5,1.0,-0.2874137913318461
7.256615732429207,-0.004686217294580963,2.2604441982771397,8.0,6.0,6.050526980143074,-0.8128218283556222,0.5,0.5,0.5,1.0,-0.4064109141778111
2.12563301833619,1.4097710348752015,0.12925828719067264,8.0,6.0,7.455091507656539,0.5340376987234704,0.5,0.5,0.5,1.0,0.2670188493617352
3.4651065134716363,2.1817599740999407,2.3268902418647457,8.0,6.0,5.928255715599882,-1.6270770659211906,0.5,0.5,0.3548165457545352,0.5,1.2217304763960306
1.0326153636613098,4.241671216158876,-2.844439120054789,8.0,6.0,7.185831112875714,3.091643066205452,0.5,0.5,0.5,1.0,1.545821533102726
3.87577993583204,0.3083202314642133,-3.1215855135267065,8.0,6.0,7.02882705188036,-2.217852751570561,0.5,0.5,0.5,1.0,-1.1089263757852805
3.5870468169511325,4.340019986322246,-2.4690872997251914,8.0,6.0,4.7148371596048495,2.8288752718563184,0.5,0.5,0.28040891600926093,0.5,1.2217304763960306
5.855054673397847,5.545430162902916,-0.41195948855342457,8.0,6.0,2.192583907382084,0.6207956859075089,0.5,0.5,0.5,1.0,0.31039784295375444
1.4974080684650044,2.3888157956803697,-2.2895710824361832,8.0,6.0,7.438034228584299,2.7965089451540637,0.5,0.5,0.1788040728195136,0.5,1.2217304763960306
-0.4696343253820082,1.4257143536274022,-0.478867567892458,8.0,6.0,9.625943838413953,0.9740632743558522,0.5,0.5,0.5,1.0,0.4870316371779261
0.022041100468713992,0.21524376277909507,-0.34388644942675645,8.0,6.0,9.854503180103837,0.9712551116888123,0.5,0.5,0.5,1.0,0.48562755584440614
-0.07585804378939742,5.74649258553005,-2.645358264102587,8.0,6.0,8.079835960750017,2.6767387310697486,0.5,0.5,0.5,1.0,1.3383693655348743
1.3158537690550807,4.430354861208114,-3.059281641584594,8.0,6.0,6.8659738346711,-2.993251810596408,0.5,0.5,0.5,1.0,-1.496625905298204
1.0690323114464855,5.1436731846404715,-2.3949944984887077,8.0,6.0,6.983667282629996,2.517922365058436,0.5,0.5,0.36230440519358764,0.5,1.2217304763960306
1.9165834121715468,3.4363078129544657,0.5227821344660636,8.0,6.0,6.601550954963894,-0.12394506282491659,0.43887410255675335,0.5,0.5,0.1,0.8726646259971648
1.683594088871737,5.59587359665589,-2.8645397410686373,8.0,6.0,6.329320799581573,2.9284330895137427,0.5,0.5,0.5,1.0,1.4642165447568714
5.056730797772438,0.24658679843455467,-3.0251244833366866,8.0,6.0,6.4625534477270525,-2.160124601272992,0.5,0.5,0.5,1.0,-1.080062300636496
4.159900664598165,-0.5500911735026675,-1.8927725830212918,8.0,6.0,7.592763481562637,2.933308743415162,0.5,0.5,0.5,1.0,1.466654371707581
7.331832190900359,5.276469338919141,-0.9356496175873829,8.0,6.0,0.9848577758443697,1.760807597328829,0.5,0.5,0.5,0.49242888792218487,0.8804037986644145
5.417349313641046,4.791958733638238,-3.0838019373447447,8.0,6.0,2.8512187339773325,-2.7618649451691675,0.5,0.5,0.2376725951591785,0.5,1.2217304763960306
5.503395548088457,2.949720577938572,-1.0505591123648812,8.0,6.0,3.9417303740814056,1.9354450336150246,0.5,0.5,0.5,1.0,0.9677225168075123
-0.037203824149118825,0.9116980449609411,-0.9209217261456901,8.0,6.0,9.512489794820887,1.4853199680690885,0.5,0.5,0.5,1.0,0.7426599840345443
0.07644886684995389,-0.31963709546208285,-2.3556378885950373,8.0,6.0,10.135111029386103,3.0288992552613627,0.5,0.5,0.5,1.0,1.5144496276306814
6.911039540208982,5.307684626271486,1.1066878013843768,8.0,6.0,1.2904012785521861,-0.5403897401810546,0.5,0.5,0.5,0.6452006392760931,-0.2701948700905273
7.078853203730757,5.9636516264345385,0.48145023839065604,8.0,6.0,0.9218636691712849,-0.44201078586826925,0.5,0.5,0.5,0.46093183458564246,-0.22100539293413463
6.48422290789615,3.786107620744205,-0.7717647733795244,8.0,6.0,2.6830765288887473,1.7422006372749645,0.5,0.06343439373781384,0.5,0.5,-1.2217304763960306
-0.6703493103076814,4.912618217101196,0.12170977714123413,8.0,6.0,8.738269640182379,0.003052667788421072,0.5,0.5,0.5,1.0,0.001526333894210536
0.2873063783325742,0.8033434324223627,-1.6322910619787696,8.0,6.0,9.300047439828314,2.2252019356011465,0.5,0.5,0.5,1.0,1.1126009678005733
5.166455011173997,1.61518961643724,-1.876468110677931,8.0,6.0,5.220683796544352,2.8735522564764935,0.5,0.5,0.28655340839837995,0.5,1.2217304763960306
1.6182477727273321,1.6735061733400958,-2.8014606799803157,8.0,6.0,7.710078490030171,-2.885952731561936,0.5,0.5,0.5,1.0,-1.442976365780968
5.8490393382462615,-0.4276721126485201,0.9807515883464593,8.0,6.0,6.778023351695652,0.26711802057134254,0.5,0.5,0.5,1.0,0.13355901028567127
2.2350714026567684,4.573574473658242,-1.4287810477880178,8.0,6.0,5.938778621456197,1.6713409394515408,0.24863191281981256,0.29144087425536863,0.5,0.25,-1.5707963267948966
7.37765037000492,0.06249826146125059,-0.40325660410497477,8.0,6.0,5.970028974561655,1.8696175293074957,0.5,0.5,0.5,1.0,0.9348087646537478
-0.7524136823827045,6.140383356957959,-2.58684137659672,8.0,6.0,8.753539441532823,2.570803364057863,0.5,0.5,0.5,1.0,1.2854016820289316
5.7502396785460235,-0.03134980506769747,2.936932835557379,8.0,6.0,6.437282188554332,-1.723162331621569,0.5,0.5,0.5,1.0,-0.8615811658107845
3.748622453822173,5.750583867162636,2.1726100009378526,8.0,6.0,4.258687526394082,-2.114010036552018,0.5,0.5,0.5,1.0,-1.057005018276009
5.602286083060956,3.781240785810411,0.8993495915455928,8.0,6.0,3.266791159231697,-0.1526964053997291,0.5,0.5,0.5,1.0,-0.07634820269986455
1.7633691162367193,4.509658550777649,-2.494172409978185,8.0,6.0,6.412229129996849,2.728739281078124,0.5,0.5,0.5,1.0,1.364369640539062
5.111773721144964,-0.26202960489151206,0.4260254496963551,8.0,6.0,6.896003611542453,0.7126186928978125,0.5,0.5,0.5,1.0,0.3563093464489063
1.6424869152572779,3.7714333320963354,-1.6238344760703314,8.0,6.0,6.736800577126071,1.9609908481687115,0.4449998738966442,0.5,0.3085356699604982,0.25,1.5707963267948966
-0.9259657218358637,5.937489197869109,-2.5574113733287747,8.0,6.0,8.926184608654017,2.5644145125015934,0.5,0.5,0.5,1.0,1.2822072562507967
-0.510105748747493,1.2038405994189443,2.864845443556439,8.0,6.0,9.768574350981169,-2.3516329140310757,0.5,0.5,0.5,1.0,-1.1758164570155378
6.327044390581828,4.239169693763184,2.26347641792703,8.0,6.0,2.4288482534826596,-1.4524926405197505,0.5,0.5,0.5,1.0,-0.7262463202598752
6.562819782886022,-0.464621156110983,-1.023222870613377,8.0,6.0,6.622447709759699,2.3752621415022057,0.5,0.5,0.5,1.0,1.1876310707511029
-0.277784401747882,-0.14348679023557054,2.407562221595282,8.0,6.0,10.308450152356537,-1.7690940156264041,0.5,0.5,0.5,1.0,-0.8845470078132021
-0.11794262874446293,3.396260212243998,-2.4910628099826204,8.0,6.0,8.525283186260163,2.80143585309222,0.5,0.5,0.5,1.0,1.40071792654611
2.804609255846245,1.7775504295487004,-1.3510585501373493,8.0,6.0,6.694861115769533,2.033513590135491,0.5,0.5,0.5,1.0,1.0167567950677454
4.908745653840445,0.8530625219783339,1.765913214101665,8.0,6.0,6.00390030191328,-0.7359779751237496,0.047275184912246804,0.03638414442523008,0.5,0.25,-1.5707963267948966
7.424583536719091,1.4612578320199932,-0.8480073695313053,8.0,6.0,4.57507208398016,2.2926976145433557,0.5,0.5,0.5,1.0,1.1463488072716779
5.6762919374198315,5.820790537953464,3.1131116648174206,8.0,6.0,2.3306083307555325,-3.0361418316006348,0.1724586904601249,0.15824899745139898,0.5,0.25,-1.5707963267948966
2.8792804463459585,6.328081302264578,1.2572727017596044,8.0,6.0,5.131218772189553,-1.3212546264191949,0.5,0.5,0.5,1.0,-0.6606273132095974
4.904065686252032,6.101133231516455,2.888026875651844,8.0,6.0,3.0975857059263205,-2.9206817291673124,0.5,0.02520706368255407,0.5,0.5,-1.2217304763960306
0.3737155077490386,2.0636451926711343,-0.44596034814851193,8.0,6.0,8.582255200466168,0.9224493014452957,0.5,0.5,0.5,1.0,0.46122465072264784
1.143761134221847,5.300813749137326,-2.2379225267450567,8.0,6.0,6.8917975012330634,2.339549313594082,0.5,0.5,0.3241143500950972,0.5,1.2217304763960306
-0.303115089412927,3.2067432342573845,0.43213706041342276,8.0,6.0,8.760365491656358,-0.10761943698551928,0.5,0.5,0.5,1.0,-0.05380971849275964
-0.13147602765836597,-0.4837155136122311,1.6380917560940353,8.0,6.0,10.399974483134013,-0.964962509859521,0.5,0.5,0.5,1.0,-0.4824812549297605
7.28543768897773,0.37143121903366705,2.509279867172939,8.0,6.0,5.67374530785462,-1.0647607827560526,0.5,0.5,0.5,1.0,-0.5323803913780263
-0.44390193527867927,2.4388697725855213,-1.9904492445898794,8.0,6.0,9.164121801307974,2.3895553075072398,0.5,0.5,0.5,1.0,1.1947776537536199
2.353288827923768,3.602683549837151,-2.3198629106366266,8.0,6.0,6.1345312146138715,2.7213531258567563,0.5,0.5,0.5,1.0,1.3606765629283781
4.326758495647461,6.295332715893779,-2.3428425015766923,8.0,6.0,3.685094919045546,2.2626139635171465,0.5,0.5,0.5,1.0,1.1313069817585732
-0.625108499466037,4.460535424560716,-2.227127953550318,8.0,6.0,8.761418139011157,2.403754408515827,0.5,0.5,0.5,1.0,1.2018772042579136
7.753796001899735,4.15896553259165,1.8238624356448767,8.0,6.0,1.8574241085078285,-0.3860086709407148,0.5,0.5,0.5,0.9287120542539142,-0.1930043354703574
4.714757801627433,-0.02909137942372908,0.3003097247712513,8.0,6.0,6.866058488201898,0.7715686083098399,0.5,0.5,0.5,1.0,0.38578430415491993
0.6750352411572136,0.26262510181795307,2.344118344352406,8.0,6.0,9.304438695621473,-1.679666447448524,0.5,0.5,0.5,1.0,-0.839833223724262
1.4331614678578082,1.9003791477647178,-0.9508304699032555,8.0,6.0,7.741463649679546,1.508920071348075,0.5,0.5,0.5,1.0,0.7544600356740375
7.583568524119009,3.9975556432858284,2.0601113900989927,8.0,6.0,2.0452869177308237,-0.6943541288242568,0.5,0.08793393974313485,0.5,0.5,-1.2217304763960306
7.32476009849888,6.163352908418955,-1.3177603993941653,8.0,6.0,0.694717998376445,1.08040235907397,0.5,0.5,0.5,0.3473589991882225,0.540201179536985
3.9311633574759863,-0.9072922029380948,3.136455622615977,8.0,6.0,8.016615071232714,-2.0979987539153746,0.5,0.5,0.5,1.0,-1.0489993769576873
7.274880510290588,0.09360019892499327,-0.5723579696217101,8.0,6.0,5.950744229463683,2.0209971302618173,0.5,0.5,0.5,1.0,1.0104985651309086
4.86968445083157,2.632853289605273,-0.6401811337602417,8.0,6.0,4.597450642115441,1.4620129618192739,0.5,0.5,0.5,1.0,0.7310064809096369
2.8021561011020344,6.2129143879192945,0.29082793971891924,8.0,6.0,5.202202777083363,-0.33176711170494694,0.5,0.5,0.5,1.0,-0.16588355585247347
2.868758215771736,1.4637629257843914,-2.8463640439955515,8.0,6.0,6.848875020154642,-2.7128926019698993,0.5,0.5,0.5,1.0,-1.3564463009849497
4.515234024655294,-0.12824873686483418,-0.7451401833762467,8.0,6.0,7.049753647029489,1.7988952458233316,0.5,0.5,0.5,1.0,0.8994476229116658
6.570242278348925,-0.616473200115772,-0.7865120238310193,8.0,6.0,6.769189371739508,2.144490001792936,0.5,0.5,0.5,1.0,1.072245000896468
2.3181506796613456,1.29710891540448,-2.2285272748776137,8.0,6.0,7.375675986145328,2.91993428560112,0.5,0.5,0.5,1.0,1.45996714280056
-0.03406391585424873,0.2365362285764352,0.8843533959515221,8.0,6.0,9.887552662238683,-0.26205905650485956,0.5,0.5,0.5,1.0,-0.13102952825242978
-0.8375703136866797,4.770424683891517,0.6489588754397208,8.0,6.0,8.922696033561794,-0.5107158498908468,0.5,0.5,0.5,1.0,-0.2553579249454234
5.583065539930311,-0.33179970004032455,-0.25800224906404207,8.0,6.0,6.777408031519358,1.4641549845936073,0.5,0.5,0.5,1.0,0.7320774922968036
1.5547876532128386,2.329188293162334,0.5381465342972378,8.0,6.0,7.41725156525206,-0.020424630110953645,0.5,0.5,0.5,1.0,-0.010212315055476822
-0.24761373284939558,0.7027999050543734,1.365963452972405,8.0,6.0,9.80221715389829,-0.7950410870545231,0.5,0.5,0.5,1.0,-0.39752054352726157
-0.16481759622371217,0.8911196396429268,-1.5498259934446155,8.0,6.0,9.631453935727802,2.10894207498823,0.5,0.5,0.5,1.0,1.054471037494115
5.628592481670836,3.037156976768702,-0.9952080490048028,8.0,6.0,3.794998339696404,1.8910302839995217,0.5,0.5,0.5,1.0,0.9455151419997608
