robot_x,robot_y,robot_theta,goal_x,goal_y,distance_to_goal,angle_error,front_sensor,left_sensor,right_sensor,v,omega
2.290503738365827,6.078029655187451,-0.10932078418899258,8.0,6.0,5.710029438514593,0.09565499055262756,2.225181525296173,3.0,0.5954184068269346,0.25,1.5707963267948966
4.665881652721772,4.758206105704086,-1.1287318843555425,8.0,6.0,3.557864138716923,1.4852654653693502,2.564476042281001,1.9583056507575927,1.1806310537768714,0.25,-1.5707963267948966
6.114002879514542,5.20698073942455,2.1575951881715625,8.0,6.0,2.0459385831747423,-1.759561408699577,3.0,0.5537232265725334,0.6547044757348321,0.1,0.0
2.6298024093028327,3.542738778446453,2.08870838844391,8.0,6.0,5.905688348878604,-1.6595740438556725,0.07802345338701389,3.0,0.09131606259311043,0.25,1.5707963267948966
1.4547788072519605,5.908863342305186,-0.8435137194908106,8.0,6.0,6.545855662354147,0.8574369721627071,1.2732274615041526,2.998101431597548,2.2910371563635685,0.25,-1.5707963267948966
1.2062290928278108,-0.9000835413538582,2.8508924425934925,8.0,6.0,9.683309145989384,-2.0577309063083487,3.0,3.0,3.0,1.0,-1.0288654531541743
0.5397065310576477,4.202829104368825,0.6694216901664352,8.0,6.0,7.673708482269031,-0.4330276485229233,3.0,0.9316220982830719,1.571400927638953,0.1,0.0
6.310211215334926,2.972771137183315,1.3396394268576286,8.0,6.0,3.4669151597133534,-0.2779574794760124,0.9133646825676057,2.2786946760792692,3.0,0.25,-1.5707963267948966
1.0465984556346086,4.494918682449068,-1.2407176269637483,8.0,6.0,7.114426386548944,1.4538817198291847,0.9402367386550627,1.1735175601693955,1.0297733934835551,0.25,-1.5707963267948966
5.76348677320528,6.357973366368939,-2.208976065687585,8.0,6.0,2.2649804291996087,2.050263583729173,0.5526934897202905,3.0,3.0,0.1,0.8726646259971648
1.3541685674828772,1.5474615196102652,-2.898933981470134,8.0,6.0,7.999510881846709,-2.7939620861821943,3.0,3.0,3.0,1.0,-1.3969810430910972
4.777828022155965,-0.589018360908339,2.693371224793405,8.0,6.0,7.334681671019578,-1.577401237999175,3.0,3.0,1.4042695292165643,0.5,1.2217304763960306
6.1730050028177,-0.3238423778647004,-2.9414575340901186,8.0,6.0,6.5824686204954,-2.052179293973283,3.0,3.0,1.8754358438524266,0.5,1.2217304763960306
7.868688556724264,0.6474065846953767,-2.9149890178710307,8.0,6.0,5.35420385909031,-1.8219273457910325,3.0,3.0,1.826554813900675,0.5,1.2217304763960306
6.373500910378544,5.195649520261917,-2.4051691578701266,8.0,6.0,1.8145189397728285,2.8644301544593134,2.5339175629006343,2.7594584267101063,0.8354356170490608,0.25,-1.5707963267948966
3.4155979462549517,0.2519482919987297,2.6678908717334266,8.0,6.0,7.352335726028711,-1.770344414687993,3.0,3.0,3.0,1.0,-0.8851722073439965
-0.24247261754787075,5.8689378569600645,-0.4115052409265765,8.0,6.0,8.243514550018375,0.4274047294706509,0.4301851385192102,1.8749000297740075,2.4330368969304486,0.25,-1.5707963267948966
4.532734948434267,4.386142800676361,-1.140506663447954,8.0,6.0,3.824455777966045,1.5761386984072043,2.412389884747806,2.3828992404254303,0.7851073154441598,0.25,-1.5707963267948966
1.7465496631696409,-0.8216983737808565,1.3044752197478335,8.0,6.0,9.254253606750147,-0.4756442290668704,3.0,3.0,3.0,1.0,-0.2378221145334352
1.4594339755737584,1.7186745286249367,-1.4339350340371595,8.0,6.0,7.81720869055725,2.013523391872325,3.0,3.0,3.0,1.0,1.0067616959361625
-0.2985651831825622,5.41346764011122,0.9636323418582262,8.0,6.0,8.319267053576686,-0.8930709144181224,3.0,3.0,0.405254723178087,0.5,1.2217304763960306
2.168726283785159,2.3369997633457054,-0.2233448529349487,8.0,6.0,6.886314245454346,0.784216663070687,3.0,1.3391141229389976,3.0,0.5,-1.2217304763960306
3.57439655495207,4.12310718965548,-0.2047471720774229,8.0,6.0,4.807150140607536,0.6058541899940776,3.0,1.4743046588003494,0.5226865489501757,0.1,0.0
0.462437742695748,6.8022281863702325,-1.401586481045227,8.0,6.0,7.580132904226973,1.295554915187673,0.9338991354753425,2.4124444992866003,3.0,0.25,-1.5707963267948966
6.845077700804768,2.0875802303866413,2.0231640876235475,8.0,6.0,4.079322734332238,-0.73940944221634,3.0,0.42202573539115334,1.7138585408109566,0.1,0.0
1.2862431658558542,0.43864361212734515,-2.923906320437273,8.0,6.0,8.717982318228755,-2.6674875053444476,3.0,3.0,3.0,1.0,-1.3337437526722238
3.0153325648914855,3.760170095425652,-2.962706622279866,8.0,6.0,5.464773320098175,-2.898170506166968,0.2350575536436164,3.0,0.1719843157652649,0.25,1.5707963267948966
2.094874059510241,0.261045927064802,0.5140830513241093,8.0,6.0,8.234446321660283,0.2570451493183903,2.2143502301663043,3.0,3.0,0.1,0.8726646259971648
3.1441020478699135,-0.20803120805813524,-1.958198350692697,8.0,6.0,7.881585906511767,2.8652044276863604,3.0,3.0,3.0,1.0,1.4326022138431802
0.11849441374490088,3.3976051456413696,-0.34277344250649167,8.0,6.0,8.300035498970026,0.6616923942506041,0.2682420740253364,2.6235881419136255,0.4241129526700135,0.25,-1.5707963267948966
5.379956188944096,-0.5140943486612866,-1.7592390919168548,8.0,6.0,7.021257348588874,2.947624011046289,3.0,3.0,3.0,1.0,1.4738120055231445
3.2590059201110266,6.600117540324792,0.3832822901587682,8.0,6.0,4.778824743359791,-0.50919319430745,3.0,3.0,1.5322339110300458,0.5,1.2217304763960306
-0.39431236649044643,6.288212682746744,-1.5078055382966233,8.0,6.0,8.399258696855961,1.473484738960618,3.0,0.7920880180098289,3.0,0.5,-1.2217304763960306
7.343124491141589,5.850843206920082,1.4886405910260927,8.0,6.0,0.673597196445978,-1.265356665268519,3.0,0.37695488950736533,3.0,0.5,-1.2217304763960306
-0.8031916809466955,-0.5957868570908795,-0.14145910315472818,8.0,6.0,11.000026728861249,0.7844797110156982,3.0,3.0,3.0,1.0,0.3922398555078491
7.935928803012025,1.5115177455334452,1.5664046303810635,8.0,6.0,4.488939525872969,-0.009881913705299467,0.39173451366692535,3.0,3.0,0.1,0.8726646259971648
4.890697826777939,0.7719436686663332,2.914977676418247,8.0,6.0,6.082789903325732,-1.880719697690488,0.10066406713168119,3.0,0.08108701596831552,0.25,1.5707963267948966
5.493477370537753,3.338178250289114,0.27787212102871417,8.0,6.0,3.656220824736966,0.5375651409259804,1.1828524390929456,3.0,2.245651895596456,0.25,1.5707963267948966
2.8160822417174196,1.1929319052632978,1.4627710632826265,8.0,6.0,7.069717603417625,-0.7150739940764332,3.0,1.905893586352366,1.839877397278862,0.1,0.0
6.870454232912121,5.425013048241888,0.29433096203402165,8.0,6.0,1.267471354563183,0.17652455696443234,3.0,3.0,3.0,0.6337356772815915,0.08826227848221617
4.595359553943326,2.3450858398445478,1.0032988065604367,8.0,6.0,4.994994903403788,-0.18246371311480034,3.0,0.2234655425595662,3.0,0.5,-1.2217304763960306
3.4857118034861267,4.456203736251983,-2.518240193404019,8.0,6.0,4.770964768801674,2.8477524549351676,0.7231732602918632,3.0,0.03797731855320319,0.25,1.5707963267948966
2.1558863251082387,4.585078255853307,0.7292990394042187,8.0,6.0,6.012958355677845,-0.49175938623804977,0.25324319452846544,1.4779328153281395,0.2932826025837324,0.25,-1.5707963267948966
2.9923554750339996,0.0859341252071264,2.79542865189035,8.0,6.0,7.749366352148514,-1.927227630730982,3.0,3.0,3.0,1.0,-0.963613815365491
2.5083666611156525,1.7871186779825976,-1.1360046174417628,8.0,6.0,6.921445352103067,1.7903887914623793,3.0,1.5900474748463305,3.0,0.5,-1.2217304763960306
2.8140678229061167,1.4055224175191308,2.1443622448161683,8.0,6.0,6.928428162385532,-1.4193639212650762,2.0863898627227924,3.0,3.0,0.1,0.8726646259971648
3.1270061177042914,0.4337212662371357,0.3665358832135715,8.0,6.0,7.397940816121207,0.48517612529608867,1.1090566971683296,2.044232905341013,3.0,0.25,-1.5707963267948966
1.890859835676503,1.8705844412163168,-2.831778165438457,8.0,6.0,7.37385017507647,-2.857011608693571,3.0,3.0,0.9422919613910099,0.5,1.2217304763960306
7.846418197607193,1.7768170554908647,-1.184171223201508,8.0,6.0,4.225974627564519,2.7186172063162495,3.0,3.0,3.0,1.0,1.3593086031581247
2.0355404955158765,3.098762394073998,-3.139011494115269,8.0,6.0,6.6326432760001675,-2.691448398313917,0.3424184236189258,0.5801806097097463,3.0,0.25,-1.5707963267948966
5.079716265490263,6.337656950020403,1.6522670737331018,8.0,6.0,2.9397396663546953,-1.7673806094102156,3.0,3.0,3.0,1.0,-0.8836903047051078
-0.7614219561314046,6.389764780876867,-1.368343579326167,8.0,6.0,8.770087301606148,1.3238864162268078,3.0,1.145835661521616,3.0,0.5,-1.2217304763960306
6.537386390142871,5.301555029502531,1.400348184565477,8.0,6.0,1.6208219978000404,-0.9548358979588125,0.5172125459810145,0.7696909288274054,3.0,0.25,-1.5707963267948966
4.85882294247052,3.2370528888721264,-2.818015641532332,8.0,6.0,4.183404121721857,-2.7437460724169274,0.1912966711497307,0.3710021379763159,0.29430926547395503,0.25,-1.5707963267948966
7.735111574895916,6.371527777717436,-0.14813389469295726,8.0,6.0,0.4562880311489426,-0.8032842309604483,3.0,3.0,3.0,0.2281440155744713,-0.40164211548022416
3.601749713702066,0.658196841660903,-1.4277651103657343,8.0,6.0,6.9194990110094965,2.3097354131926298,3.0,3.0,3.0,1.0,1.1548677065963149
2.9282570549661906,2.130363727915692,-2.8308235092849707,8.0,6.0,6.3793934961507714,-2.8006053825661255,3.0,3.0,1.420881300076596,0.5,1.2217304763960306
1.4447922091407954,5.472466564390059,-0.23232393216855962,8.0,6.0,6.576400284884402,0.3126263474992851,0.9296336396552352,3.0,1.4270830944159236,0.25,1.5707963267948966
7.26242068898247,0.21792240001636465,-2.267200254709073,8.0,6.0,5.828931687048117,-2.572066513170422,3.0,3.0,3.0,1.0,-1.286033256585211
-0.2988459018602414,3.825886235573437,1.4437553088402872,8.0,6.0,8.57890517277651,-1.1875355357850352,3.0,3.0,3.0,1.0,-0.5937677678925176
6.021882707253894,2.809999475116804,-1.1744460887525838,8.0,6.0,3.7535385135384245,2.1901749182306567,0.36568313630889826,1.5668477738254984,0.348335434242958,0.25,-1.5707963267948966
5.555503905717847,3.7177950354369607,3.0996827521672548,8.0,6.0,3.3442518827440137,-2.3486060739465646,2.695452452599816,1.167276773523492,3.0,0.25,-1.5707963267948966
0.8551352385851088,6.609947870180515,-1.6617404508677132,8.0,6.0,7.170852729156137,1.5765782250208284,0.8276783145417652,2.2806218173202284,3.0,0.25,-1.5707963267948966
2.115069790704781,1.3397281345958936,1.3081473306637827,8.0,6.0,7.506699502960841,-0.6383654208742797,2.4276320747822964,1.3088415128278985,1.9696392284027087,0.25,-1.5707963267948966
4.697283513755283,0.49737547643881186,0.6799150240857659,8.0,6.0,6.417695290040626,0.3503092458796982,1.6001349163868257,0.25722086211073214,3.0,0.25,-1.5707963267948966
-0.9794351226020807,-0.08424785397963497,-1.919956348026005,8.0,6.0,10.846581354033889,2.5154734446333267,3.0,3.0,3.0,1.0,1.2577367223166633
5.2414144917367445,3.1574669540537874,2.6607201021890248,8.0,6.0,3.9610337190809544,-1.8603354227902613,2.4736635117937986,0.567648276198768,1.9368122429614865,0.25,-1.5707963267948966
2.3445829684312334,-0.3198046485378656,2.733452536284484,8.0,6.0,8.480782546241763,-1.8926309980478695,3.0,3.0,2.882182595781593,0.5,1.2217304763960306
7.970153317811205,-0.7957685223118869,1.1037911145458292,8.0,6.0,6.795834064578296,0.46261328951266417,3.0,3.0,3.0,1.0,0.23130664475633209
5.3510246563363335,4.066840531173448,-1.651177591899937,8.0,6.0,3.27935601959467,2.281609411794983,3.0,3.0,1.0231463085074415,0.5,1.2217304763960306
4.4018734571730835,5.42660036686732,-3.0034645754161877,8.0,6.0,3.6435287507404506,-3.1216889639330745,0.7859554051602833,3.0,3.0,0.1,0.8726646259971648
5.036600397921132,3.229507636574282,-2.2761438089376957,8.0,6.0,4.056767819015702,3.027911323732047,0.564270908003131,3.0,0.3670030463427598,0.25,1.5707963267948966
-0.5897481308660606,2.629589544841309,1.5658953131891318,8.0,6.0,9.227320282073231,-1.191978634918084,3.0,3.0,3.0,1.0,-0.595989317459042
1.8303610450766312,-0.37729959767693,-3.12160335016918,8.0,6.0,8.873240388529899,-2.3596346024457007,3.0,3.0,3.0,1.0,-1.1798173012228503
4.907383579281505,2.036717786535518,-2.0121900313831462,8.0,6.0,5.02711470221852,2.9203630147545017,0.43067730818068084,3.0,3.0,0.1,0.8726646259971648
2.9314827830353885,0.054541068435448814,-2.1354042468488132,8.0,6.0,7.812704313205984,3.000255607114904,3.0,3.0,3.0,1.0,1.500127803557452
4.292854233289099,2.3350904134032424,-0.9086697416922863,8.0,6.0,5.212915883991546,1.688338740565279,3.0,1.2506672457532013,0.7392392080033223,0.1,0.0
-0.2642253218985118,0.6088222401892729,-0.10328978055616196,8.0,6.0,9.86722949003348,0.6813161289886545,3.0,3.0,3.0,1.0,0.34065806449432723
0.6835111074345619,0.07033605830132394,2.4993753935059466,8.0,6.0,9.41763899162178,-1.8182936214749428,3.0,3.0,3.0,1.0,-0.9091468107374714
2.7336037146148557,1.5373962794735023,1.1545253517568816,8.0,6.0,6.902880688609313,-0.45155818681206167,1.4390539996336027,3.0,3.0,0.1,0.8726646259971648
3.1816757317557496,3.090666961935173,2.6869510172800637,8.0,6.0,5.628540439610166,-2.1437376959429177,3.0,1.7732374280263952,0.8867182325051208,0.1,0.0
3.6896831614842096,6.1424576004038824,2.2546927417408167,8.0,6.0,4.312670334758454,-2.2877310935814914,3.0,1.2524970751717817,3.0,0.5,-1.2217304763960306
2.391516521245153,6.909990740692686,-1.079810439133963,8.0,6.0,5.681828057906407,0.9189596288482378,1.373310833816625,2.8101979907384806,0.07628824408189522,0.25,-1.5707963267948966
0.3629016732715391,-0.04855237845795912,0.49426429701907876,8.0,6.0,9.742189524283958,0.1755771512435667,3.0,2.4551409734987564,3.0,0.5,-1.2217304763960306
5.6704762178353825,-0.7226959613041464,3.0913877961260554,8.0,6.0,7.114866269987484,-1.8541594118338256,3.0,3.0,1.9421320098566912,0.5,1.2217304763960306
4.568168008911252,1.874041443866414,1.5057178517859882,8.0,6.0,5.3666567639445795,-0.6287340966626983,0.8035042154426624,0.5962647426659309,2.730126787768681,0.25,-1.5707963267948966
1.8962923870587298,5.823162794964464,1.92483746330632,8.0,6.0,6.1062687478821305,-1.8958734691015857,0.22497553715566815,3.0,0.1952065283139689,0.25,1.5707963267948966
6.407323799462146,4.0267570771079955,1.9782578052923214,8.0,6.0,2.5358046282202173,-1.086538764826123,3.0,2.9213735959314966,3.0,0.5,-1.2217304763960306
4.016075957472806,-0.550923626586342,-0.4391385702558412,8.0,6.0,7.667219257200968,1.4635465372440681,3.0,3.0,3.0,1.0,0.7317732686220341
7.01441865116378,1.3074188439589758,1.0788243642127424,8.0,6.0,4.794964911363287,0.2849513359602826,1.0002157554814728,3.0,3.0,0.1,0.8726646259971648
2.219192080281969,5.941259440307111,1.021997845521923,8.0,6.0,5.781106352423188,-1.0118368889674745,0.21723029319281587,0.10134206994861394,3.0,0.25,-1.5707963267948966
6.251553513103539,1.2950385763269043,-2.4219931929449676,8.0,6.0,5.019335326095732,-2.646197776113955,3.0,3.0,1.2877521479678173,0.5,1.2217304763960306
0.21801301794270467,2.7242056928094094,-1.8562823041237408,8.0,6.0,8.443349437985585,2.254713955541677,3.0,3.0,3.0,1.0,1.1273569777708385
3.6711631572065633,2.011368299118561,-2.3676819720784157,8.0,6.0,5.886256132449743,3.1122004365914835,3.0,3.0,3.0,1.0,1.5561002182957417
1.0932894082516453,6.0555328105075565,1.1368677137933134,8.0,6.0,6.906933841525614,-1.144907954240133,3.0,3.0,0.5154800339436605,0.5,1.2217304763960306
-0.6544178890252822,4.680282100835311,0.08410677656880704,8.0,6.0,8.754461966977553,0.06721813022542616,2.9684546050666185,1.1831719361513056,1.6823782179754116,0.25,-1.5707963267948966
6.788842411188998,2.251046922019694,1.7417220731502656,8.0,6.0,3.9397400784610768,-0.4834070080689615,3.0,3.0,3.0,1.0,-0.24170350403448074
7.837029341941726,-0.8741656606720429,-1.9782099592577647,8.0,6.0,6.876097219044438,-2.7578822810666987,3.0,3.0,3.0,1.0,-1.3789411405333494
6.656797604509068,2.5357348506828394,3.0583050929097957,8.0,6.0,3.715551870183759,-1.8573937322174763,2.0292380490388977,0.34767605831040443,3.0,0.25,-1.5707963267948966
6.74575835114005,2.8900429479095697,2.9257382160945142,8.0,6.0,3.3533498146751595,-1.7382887381882082,2.1967289094167373,0.748389041119492,2.542656824868961,0.25,-1.5707963267948966
0.45037966489103476,1.512593029826129,-2.342078756099306,8.0,6.0,8.782573001134454,2.8783618843324934,3.0,3.0,3.0,1.0,1.4391809421662467
0.4321048619971135,6.705371243117714,-1.8079736931883816,8.0,6.0,7.600696376676623,1.71503646048242,0.9606012289810613,3.0,3.0,0.1,0.8726646259971648
3.048871323904426,0.838421048324669,1.6870050997463433,8.0,6.0,7.152312384231671,-0.8807994621395124,2.8459782527641098,2.3912149850493036,1.9165725170111796,0.25,-1.5707963267948966
0.289253319308471,0.212250310145488,3.080041848330688,8.0,6.0,9.641247888432618,-2.436151604893549,3.0,3.0,3.0,1.0,-1.2180758024467746
1.9113934699875186,2.1935140381631832,2.138479519822732,8.0,6.0,7.1805615974637655,-1.579749485893489,0.5552877943132967,0.6883046016672162,1.5360780438255812,0.25,-1.5707963267948966
1.345915784264795,4.724391033235731,-2.6407257295977025,8.0,6.0,6.775250178863199,2.830130978927332,3.0,1.0688716602320207,3.0,0.5,-1.2217304763960306
7.128737898640724,5.138772100324819,2.143783441118649,8.0,6.0,1.2250759749680447,-1.3641769933918244,0.8168232271111181,1.5647242849660326,3.0,0.25,-1.5707963267948966
4.56708885893997,0.07353479263494656,-0.5159221343904496,8.0,6.0,6.848931942757395,1.5616952800314734,3.0,3.0,3.0,1.0,0.7808476400157367
0.48045330924406526,6.821643656396048,-2.2640077954022497,8.0,6.0,7.564303056630822,2.1551718600989416,3.0,0.9311079523809641,3.0,0.5,-1.2217304763960306
7.033881369348547,5.2701181066633165,-3.0547690479319467,8.0,6.0,1.2108314443854602,-2.581418094833042,1.563946189990527,3.0,0.8366573043092824,0.25,1.5707963267948966
7.861787835682762,6.29759949719865,1.5856433634467106,8.0,6.0,0.32812811994424473,-2.7216562284063537,3.0,3.0,3.0,0.16406405997212237,-1.3608281142031768
6.1705406388569255,4.286940806725468,-0.000530214849100507,8.0,6.0,2.50629075602501,0.7530821693360843,0.4198343826942137,3.0,0.4690301357339678,0.25,1.5707963267948966
1.3339647989126528,2.3339295134736258,1.7920917382696486,8.0,6.0,7.607634199560028,-1.2892771916302064,0.04656907088689055,0.05327941217862053,0.09705849184106452,0.25,-1.5707963267948966
5.755002951652782,3.0191875524389884,-1.34485995744777,8.0,6.0,3.73165574438779,2.270142617023455,0.548277944474113,3.0,1.7176354777772063,0.25,1.5707963267948966
1.806124140771101,-0.7737200983241213,0.7770849047907183,8.0,6.0,9.178637269768245,0.052998353165692326,3.0,3.0,3.0,1.0,0.026499176582846163
3.8280542213505226,6.119203580311329,-2.0762242415269205,8.0,6.0,4.173648412785897,2.047659355170596,0.7044373106138119,2.977063807137345,3.0,0.25,-1.5707963267948966
5.024211435612063,2.174491305817453,2.235504955095761,8.0,6.0,4.846631237179932,-1.325815789441179,0.6476282090232023,1.0432349009589723,2.8742911713921218,0.25,-1.5707963267948966
0.6094675980227933,6.9453988335508985,-2.707226555604549,8.0,6.0,7.450754870424499,2.5799972681691505,3.0,1.3272203747476974,3.0,0.5,-1.2217304763960306
1.4520216927624716,1.0020654217098022,1.3747387333976044,8.0,6.0,8.237437099057088,-0.7227930678574906,3.0,3.0,2.5727936955101587,0.5,1.2217304763960306
3.684328671465985,5.923469291853358,-1.1515043938268315,8.0,6.0,4.316349842774561,1.1692357458491278,3.0,0.7848537111422396,0.47884050239570064,0.1,0.0
5.386409535009545,3.899952543601164,1.7392606863367985,8.0,6.0,3.352768175376318,-1.0623828404220566,1.052857090559944,2.076589918431756,2.3977330770555,0.25,-1.5707963267948966
3.134407091567624,6.65832473724171,2.088149975687351,8.0,6.0,4.909927271381094,-2.2226353439514326,3.0,0.8405729842355403,3.0,0.5,-1.2217304763960306
-0.5439385437607747,6.570374394099116,2.82453114671258,8.0,6.0,8.562955844158306,-2.8911900229668817,3.0,3.0,3.0,1.0,-1.4455950114834408
3.232972083848715,2.5446975892846977,3.0287363202613826,8.0,6.0,5.8875860845392864,-2.401537150974146,1.599500989916899,3.0,1.3737996990558416,0.25,1.5707963267948966
-0.9425348425350022,0.6464410339386735,2.0996225956380754,8.0,6.0,10.422548777196878,-1.5601872385305027,3.0,3.0,3.0,1.0,-0.7800936192652513
1.428268909933359,2.158499205522749,2.9202418911500376,8.0,6.0,7.612146732303433,-2.3912606747090486,3.0,3.0,0.24565478391738305,0.5,1.2217304763960306
3.505101528824615,3.923588017144602,0.2309280076828118,8.0,6.0,4.951322953385317,0.20181781587288808,3.0,1.7204055352563894,0.4436177986106446,0.1,0.0
1.9116275861625969,5.349685310320669,1.0053890031512938,8.0,6.0,6.123004805256077,-0.8989798829575686,3.0,0.7341831074378816,0.5920907824119699,0.1,0.0
2.1572027042703636,6.022475315152393,0.9495512002692366,8.0,6.0,5.842840523133996,-0.9533978516523011,0.004656642376043296,0.002767918929353408,3.0,0.25,-1.5707963267948966
7.885610111520926,0.861556856956966,0.5764070759962825,8.0,6.0,5.139716235442598,0.9721313422190978,3.0,1.0715458739857984,3.0,0.5,-1.2217304763960306
1.6403263650458206,2.069951160029049,-2.049819353116888,8.0,6.0,7.476010475359724,2.603343007131119,3.0,3.0,3.0,1.0,1.3016715035655595
-0.803565445923801,3.5275138408369635,-0.448890701037148,8.0,6.0,9.144175871444968,0.722687940550684,1.2249324704267073,3.0,3.0,0.1,0.8726646259971648
7.184545889791062,0.6972677330153951,-0.8082874983212307,8.0,6.0,5.365066159999925,2.226499132290437,3.0,3.0,3.0,1.0,1.1132495661452184
0.32118384610707995,0.569399199104125,1.786949054641513,8.0,6.0,9.40508599556526,-1.1713948742642102,3.0,3.0,3.0,1.0,-0.5856974371321051
1.8644230881224741,-0.8460598717061423,-0.13543778306423265,8.0,6.0,9.193140910948209,0.975511243633723,3.0,2.837540425526683,3.0,0.5,-1.2217304763960306
1.9107119415287839,3.0268522704233822,-0.5956850478505266,8.0,6.0,6.776358644650292,1.0498955554481655,2.671865956424037,1.4870111825273307,3.0,0.25,-1.5707963267948966
3.3448684395814485,3.6310265480119996,-1.990551285969952,8.0,6.0,5.22324468707228,2.4612895943590254,3.0,0.2397308855844824,1.7613022868672612,0.1,0.0
2.0394893383075803,1.3583762166830295,2.3798707008383184,8.0,6.0,7.554624986986631,-1.7182349872410767,1.366959785952444,3.0,3.0,0.1,0.8726646259971648
3.3736889756209596,6.541776642472053,2.8456127797468653,8.0,6.0,4.657926107681329,-2.9621894952725363,1.0654626375127412,3.0,3.0,0.1,0.8726646259971648
-0.3153744010723408,3.0088273926425435,2.412143117263958,8.0,6.0,8.836999773509943,-2.0668390408930866,3.0,3.0,3.0,1.0,-1.0334195204465433
-0.29180436869726967,0.6062487689007039,0.4670558200838502,8.0,6.0,9.891742618554746,0.10966509301801688,3.0,2.166110939418082,3.0,0.5,-1.2217304763960306
-0.7058919120115698,3.8167298429576997,0.4361145335438259,8.0,6.0,8.975478960047758,-0.1904011761583252,3.0,3.0,1.2069032079720525,0.5,1.2217304763960306
1.321819717696604,0.6276299132113214,2.854270045252379,8.0,6.0,8.570907316752857,-2.1768117579066617,3.0,3.0,3.0,1.0,-1.0884058789533309
-0.37563046888802176,1.3139273710791928,-1.8609199191400188,8.0,6.0,9.597419571681034,2.3710191047704714,3.0,3.0,3.0,1.0,1.1855095523852357
7.348444135042364,4.372174252652767,0.39511392603244105,8.0,6.0,1.7533800811253872,0.7949506714081933,3.0,3.0,3.0,0.8766900405626936,0.39747533570409666
-0.365077735452083,2.383596882408419,-1.6328107966832595,8.0,6.0,9.113336218371527,2.0408664568099266,3.0,3.0,3.0,1.0,1.0204332284049633
2.4025443399036828,0.41608469240697943,2.2365264087339822,8.0,6.0,7.906429031434858,-1.452339219010839,2.4013386479537653,3.0,3.0,0.1,0.8726646259971648
4.5608576764502295,-0.7116600381128233,-0.4268804718949661,8.0,6.0,7.5414905946259685,1.5241481188126855,3.0,3.0,3.0,1.0,0.7620740594063428
5.666564706414141,3.8092505028451313,1.7007430872040834,8.0,6.0,3.2006723713364407,-0.9468729277719169,1.3569574495294827,2.679142110435871,3.0,0.25,-1.5707963267948966
0.16600275729727132,4.42709149082729,1.328394793465997,8.0,6.0,7.990341292892431,-1.1302495250437155,0.7273120881621375,3.0,3.0,0.1,0.8726646259971648
0.22075741961717954,1.7347966259156244,-2.399362418986674,8.0,6.0,8.871785330289608,2.9008841583759333,3.0,3.0,3.0,1.0,1.4504420791879666
7.50157107901607,0.9826772694563175,2.820669654588278,8.0,6.0,5.042019314887987,-1.3488900671937782,1.6552169845309883,3.0,3.0,0.1,0.8726646259971648
6.772088831216491,-0.7781355817501003,-2.2949879448469503,8.0,6.0,6.888460481341971,-2.596615074192174,3.0,3.0,3.0,1.0,-1.298307537096087
3.6790244944394033,4.589671661488352,1.3521489443397983,8.0,6.0,4.5453113580989895,-1.036659276227616,3.0,0.10600270742527274,1.0060760942145064,0.1,0.0
3.954464963776595,5.058379344281562,-3.019777526000881,8.0,6.0,4.153673457144498,-3.034723886368883,0.2568958514689821,3.0,0.41899682241313646,0.25,1.5707963267948966
7.725972897290683,5.415898896667925,0.4074482751465504,8.0,6.0,0.645185982436855,0.7246891142830315,3.0,3.0,3.0,0.3225929912184275,0.36234455714151576
1.7171977380434682,6.039920461956496,0.7345923406330008,8.0,6.0,6.282929086511237,-0.7409461813360954,0.04187513599280518,0.0462014183641285,0.09948460359151307,0.25,-1.5707963267948966
1.0817568848726968,1.194602069019714,-0.7775593830920999,8.0,6.0,8.423415997983,1.384650645450516,3.0,2.918638442512618,3.0,0.5,-1.2217304763960306
7.172644704983677,4.994427289114979,-1.382651372462854,8.0,6.0,1.3021878747201563,2.264975855410255,0.5930852660674522,3.0,0.6427031486196793,0.25,1.5707963267948966
2.2031515516387716,5.645869005995704,3.0074569819399586,8.0,6.0,5.807655352565478,-2.9464425463101214,1.522152902928473,3.0,0.451564655546083,0.25,1.5707963267948966
4.092101823440803,4.540522626545198,0.9293561378505837,8.0,6.0,4.17153956735175,-0.5719287150687344,0.7319317601696238,3.0,3.0,0.1,0.8726646259971648
5.8817406390724,5.142132778406124,1.8212424212839833,8.0,6.0,2.2853793755179033,-1.4364444273887307,3.0,0.35795400565921287,0.8019669852445647,0.1,0.0
6.107714390113543,5.153737531349178,0.07624722979563546,8.0,6.0,2.072897729081284,0.3442900196590775,3.0,0.8836991556604137,1.0244347379062517,0.1,0.0
4.896448595314246,4.59949538405364,2.4582760305786744,8.0,6.0,3.4049147567617575,-2.034375849979557,3.0,1.4717047645630954,0.31775966645091736,0.1,0.0
6.834698554229758,-0.5140353071813042,-2.8874055098206206,8.0,6.0,6.617445386455323,-2.0020018798158437,3.0,3.0,2.4776455198421767,0.5,1.2217304763960306
3.315482253981341,2.456274162441588,2.4656791298157663,8.0,6.0,5.873899839505506,-1.8180461678830064,3.0,3.0,1.8638752960455451,0.5,1.2217304763960306
5.441037745418541,6.401800124413723,-2.926139777428308,8.0,6.0,2.5903148766803445,2.770394574889905,3.0,0.40840865088238076,3.0,0.5,-1.2217304763960306
0.7733431270877187,0.3891450786064521,1.3959866669618266,8.0,6.0,9.14911266231521,-0.7357957536107089,1.9496560504282299,3.0,3.0,0.1,0.8726646259971648
-0.8437030570512953,5.148436897845913,0.4737520044558201,8.0,6.0,8.884607108828657,-0.3777576237351127,1.091747538059757,3.0,3.0,0.1,0.8726646259971648
2.817744942118753,3.5181045534739175,0.378968220440534,8.0,6.0,5.74591789816237,0.06767516838890365,3.0,0.8720571719639508,0.5908216551844896,0.1,0.0
3.1469560035802147,1.776287580922368,0.8967615412380641,8.0,6.0,6.433644583768732,-0.18058700726194285,0.7953128873175475,2.2241589913223367,2.369290767655114,0.25,-1.5707963267948966
5.277991459245505,2.379696880641963,3.07754999978836,8.0,6.0,4.529450868700747,-2.151452490392726,0.8663257500236146,1.0292546666498525,0.8767796416706012,0.25,-1.5707963267948966
6.517039101579345,5.283268379045118,-1.379852354272778,8.0,6.0,1.6470814317213367,1.8300600137130592,0.9079760089262425,3.0,3.0,0.1,0.8726646259971648
7.923625730182287,5.501706388389286,-2.4526443211326776,8.0,6.0,0.5041126386654458,-2.41183269084603,3.0,2.5042565050900234,2.3809381180158455,0.1,0.0
0.19874579644165213,0.012584076659518217,-0.7274411911057678,8.0,6.0,9.834059008751572,1.3820447815387114,3.0,3.0,3.0,1.0,0.6910223907693557
0.35494216103263554,0.33261614334163436,1.5370590616652935,8.0,6.0,9.51662488174606,-0.8991405932173346,2.2606719151940773,3.0,3.0,0.1,0.8726646259971648
7.54726903063645,6.351309739064175,-0.9576510407599961,8.0,6.0,0.573047871806709,0.29772960665170933,3.0,3.0,1.9292099988616447,0.5,1.2217304763960306
3.643355581600444,4.193524254061996,-0.6049893033825217,8.0,6.0,4.716323272320746,0.9980595063895074,2.9992512837660015,3.0,0.5516247275437696,0.25,1.5707963267948966
6.164782292823738,0.6613542140915332,0.26043782570939256,8.0,6.0,5.645277925853742,0.9792526717635716,3.0,3.0,3.0,1.0,0.4896263358817858
5.742629652040813,1.2824622741639269,-0.529712671185925,8.0,6.0,5.229807174507676,1.6542039280568837,3.0,3.0,3.0,1.0,0.8271019640284418
6.6832073791478575,5.432954421161275,2.1946957867604415,8.0,6.0,1.4336957469460523,-1.7880692521818298,0.45858261503397935,1.108004679493411,0.4188764565811536,0.25,-1.5707963267948966
5.83296570465316,3.6269805899766627,-1.7802052333544514,8.0,6.0,3.213605258515252,2.6109429373411204,3.0,3.0,1.3622749002632097,0.5,1.2217304763960306
6.755781328923317,-0.6785501744711429,-2.5847853558120826,8.0,6.0,6.793461012943576,-2.3117927685644615,3.0,3.0,3.0,1.0,-1.1558963842822307
4.695344466477281,4.484807887782425,-0.4482838785087311,8.0,6.0,3.6354580635964817,0.8781857698735162,3.0,3.0,2.489344747746657,0.5,1.2217304763960306
6.3809865911479,4.644520305658607,-2.96086810441801,8.0,6.0,2.1115230568986774,-2.6252861633927216,3.0,3.0,1.0279875380838503,0.5,1.2217304763960306
6.06336152398943,1.0554109777873837,0.7004029990649745,8.0,6.0,5.310322888991785,0.49709007351207857,1.8292585743962277,0.45678150930229733,3.0,0.25,-1.5707963267948966
7.357717576122349,2.216592471820597,-0.4149282012171567,8.0,6.0,3.8375381739217564,1.8175647713486494,0.17123007429163456,0.10215175965920731,3.0,0.25,-1.5707963267948966
3.202630626005143,2.131287263779119,0.04935140061510904,8.0,6.0,6.162928779885539,0.6292942241376418,2.3660945972066476,0.47919491842678474,1.1205837921501764,0.25,-1.5707963267948966
6.009975736402423,-0.033118311741874074,0.7718475042212682,8.0,6.0,6.352850787889024,0.48033650920255144,2.7716702527114156,1.5342065240771943,3.0,0.25,-1.5707963267948966
-0.7426235990999706,4.283649177304021,0.20899530599563962,8.0,6.0,8.909507704812253,-0.015140813594158012,3.0,1.5689457538222824,1.4721936981275596,0.1,0.0
2.9813897425072846,6.22286368979792,-2.624677886470458,8.0,6.0,5.023556224512815,2.5802995916598963,3.0,0.56353628203207,0.5197938516331919,0.1,0.0
2.5872471992661357,-0.36394949137332233,-2.2998953110838194,8.0,6.0,8.35450453411829,-3.1172974278603043,3.0,3.0,3.0,1.0,-1.5586487139301521
3.8951318290864307,5.964463439830561,-2.829330098368998,8.0,6.0,4.105021991133298,2.837987056631109,0.8710594536641831,0.6644662047064953,1.6142195158710895,0.25,-1.5707963267948966
7.248198336835163,2.2803056614787067,-1.4508749722062602,8.0,6.0,3.7949086567089827,2.8222440405552587,3.0,3.0,3.0,1.0,1.4111220202776293
3.8604553546433698,-0.5903707347525717,-1.4044648617180682,8.0,6.0,7.782597014646454,2.4144213165113064,3.0,3.0,3.0,1.0,1.2072106582556532
3.661796769296787,5.681333852757963,1.6505877722563624,8.0,6.0,4.349891422125601,-1.5772636722112463,3.0,1.5874599495232666,3.0,0.5,-1.2217304763960306
1.8076301236083747,-0.032916938638909876,-2.7379919004613713,8.0,6.0,8.645318471552029,-2.7728373828810877,3.0,3.0,3.0,1.0,-1.3864186914405439
0.22704845295958842,0.6535143476910088,-1.0340510292906024,8.0,6.0,9.43417641254306,1.636563857148085,3.0,3.0,3.0,1.0,0.8182819285740425
4.400373318864644,-0.13762179835823218,0.71778912687644,8.0,6.0,7.115315424014853,0.3225840427101165,3.0,0.8413779689786609,3.0,0.5,-1.2217304763960306
-0.10531907113547279,2.910896184794429,-1.8482012176563631,8.0,6.0,8.67402787786793,2.2123270389545393,3.0,3.0,3.0,1.0,1.1061635194772697
7.097674214475914,-0.3026758900207396,-0.1530359801612485,8.0,6.0,6.366939233090761,1.5816330691262739,3.0,3.0,3.0,1.0,0.7908165345631369
7.59603330961148,5.044072459419897,1.9250450079362849,8.0,6.0,1.0377796248640554,-0.7540773954240804,1.2803884747359053,3.0,3.0,0.1,0.8726646259971648
-0.009103507806164757,-0.5792937215001208,2.8495226901577597,8.0,6.0,10.364981662913058,-2.161822562610097,3.0,3.0,3.0,1.0,-1.0809112813050485
2.365228256367218,2.701226931707377,1.4688531167965306,8.0,6.0,6.529361098831581,-0.9392146007387527,0.9057500073247484,3.0,3.0,0.1,0.8726646259971648
1.4803619436488153,5.639793229484898,-1.6878767243622141,8.0,6.0,6.529581097080238,1.743070114838185,1.9984686816122834,1.582087826391434,3.0,0.25,-1.5707963267948966
3.1792576324260464,0.48027784837835164,-0.9353816320521141,8.0,6.0,7.3284984550469305,1.7882736761352178,3.0,3.0,3.0,1.0,0.8941368380676089
4.6287899532143815,2.073247688641681,2.9133698197263933,8.0,6.0,5.175368672307915,-2.051995255534687,3.0,3.0,0.42044234288220905,0.5,1.2217304763960306
-0.8943753643719301,2.05370964763397,0.9695045808587982,8.0,6.0,9.730525199983992,-0.5519155992261269,3.0,3.0,1.648906034958832,0.5,1.2217304763960306
0.4357826572508521,6.163148721717792,-2.1880323037730336,8.0,6.0,7.565976573697881,2.166467160615776,3.0,0.2673943873648341,3.0,0.5,-1.2217304763960306
-0.44882243255325904,4.141151188728136,1.1576061214693274,8.0,6.0,8.650891248881932,-0.9410436377936062,1.390012125412527,3.0,2.9923758666866505,0.25,1.5707963267948966
6.7791027679196585,-0.81057959356046,-1.0866696854328632,8.0,6.0,6.919146222730345,2.480085286084999,3.0,3.0,3.0,1.0,1.2400426430424996
5.85416481576215,0.0908362892506549,2.7464958833882656,8.0,6.0,6.286718094391545,-1.524029326324603,3.0,3.0,3.0,1.0,-0.7620146631623015
1.2055626358529477,0.04844780207710819,1.7624921315169624,8.0,6.0,9.032461052222608,-1.0431272644294476,2.3366452217723657,3.0,3.0,0.1,0.8726646259971648
5.71631487452291,-0.478437877953235,-0.7901758039347148,8.0,6.0,6.869161163550069,2.022066966651452,3.0,3.0,3.0,1.0,1.011033483325726
1.826009697429452,4.88474069286101,2.748062065462688,8.0,6.0,6.273911027293526,-2.5693508974617165,1.065063602586139,3.0,3.0,0.1,0.8726646259971648
3.164641979226272,2.1941239246170863,-0.22812107201295415,8.0,6.0,6.153485182417593,0.8949421449448971,2.5922799600432813,0.47839161125657403,3.0,0.25,-1.5707963267948966
7.657401169981281,4.01022535896344,-1.5864839888645814,8.0,6.0,2.0190535110398553,2.98677243403006,1.029415038683223,3.0,0.2615906762928889,0.25,1.5707963267948966
7.011116403413144,4.650376042509126,-2.7751464323940165,8.0,6.0,1.6731334657557613,-2.5695862178065187,2.8765707154030173,0.16822047028003967,1.584287064532481,0.25,-1.5707963267948966
4.187837650019855,4.635543737374992,-1.5783862152464794,8.0,6.0,4.048990327874685,1.9221008710020162,0.959258458750664,3.0,3.0,0.1,0.8726646259971648
3.019975173103435,6.257568289710004,-3.035209564130485,8.0,6.0,4.986681130809378,2.9835353250317467,0.630773866366009,3.0,0.7320407194264106,0.25,1.5707963267948966
7.7700162277173686,-0.6229220878821309,-2.199700917440014,8.0,6.0,6.626914026729964,-2.547399538286829,3.0,3.0,3.0,1.0,-1.2736997691434144
5.967909280580645,0.5422944946296573,-1.173776755456807,8.0,6.0,5.823739526738814,2.3881415482907347,3.0,3.0,3.0,1.0,1.1940707741453673
2.080744356001705,-0.23340715226966324,0.8538633726011491,8.0,6.0,8.596100982711421,-0.0426205391995935,3.0,3.0,3.0,1.0,-0.02131026959979675
4.130019379895489,-0.35019215366759227,2.6468692814882795,8.0,6.0,7.43651063258071,-1.6233954912677249,3.0,3.0,3.0,1.0,-0.8116977456338624
7.497994373098118,3.706697586057156,-0.07276072775629532,8.0,6.0,2.3476042279816305,1.428055490042656,3.0,3.0,0.8023951729642738,0.5,1.2217304763960306
3.6067062055932047,0.29915544489469426,-1.2610837336343264,8.0,6.0,7.197267467966372,2.1753002399695838,3.0,3.0,3.0,1.0,1.0876501199847919
-0.430345268084081,6.984560189070011,-0.720632513770559,8.0,6.0,8.487642788490172,0.6043715325722692,3.0,3.0,3.0,1.0,0.3021857662861346
2.9310552137584036,3.2794495805039006,-3.010018041618388,8.0,6.0,5.752877178506966,-2.780585183142852,1.251427633203429,3.0,0.5273448662171416,0.25,1.5707963267948966
3.136078256497762,0.02773592952349979,-0.9470337253204022,8.0,6.0,7.702316070794446,1.834359028307263,3.0,3.0,3.0,1.0,0.9171795141536315
4.243398601054584,6.26406554899819,3.1321404915932356,8.0,6.0,3.7658710393116723,3.0808665156982977,1.7939803952655278,1.0735309229705399,3.0,0.25,-1.5707963267948966
2.615671213973071,1.1220297135643227,1.873512891236656,8.0,6.0,7.265369267379848,-1.137416367670827,3.0,3.0,1.7023674525066816,0.5,1.2217304763960306
0.2383534013093982,0.9292122272240162,1.7308762095820096,8.0,6.0,9.271248381933244,-1.152175231064228,3.0,3.0,1.7554224446065465,0.5,1.2217304763960306
6.133412894539129,1.150769607213448,-2.172254457238124,8.0,6.0,5.196073789371896,-2.9075775239919817,3.0,3.0,1.2370192672846092,0.5,1.2217304763960306
0.2428954805290615,2.665137671009245,0.8672638540343383,8.0,6.0,8.44357609543007,-0.46124115282664824,0.14522969902910277,3.0,0.13688696492515207,0.25,1.5707963267948966
7.63576487400384,5.208794288142118,1.8319378487646756,8.0,6.0,0.8710187744738778,-0.6925728284266115,3.0,1.1956180876106608,3.0,0.5,-1.2217304763960306
4.6433643750653175,1.7011994485878663,1.4009644661122855,8.0,6.0,5.45405252077773,-0.493110727314486,3.0,0.7689318274860798,3.0,0.5,-1.2217304763960306
-0.4892913737071456,3.8433774525173767,0.5428571602647512,8.0,6.0,8.758943363215051,-0.2940794452076984,3.0,3.0,1.1215004740439856,0.5,1.2217304763960306
6.845675272711665,5.62182015840676,-0.005468432258475262,8.0,6.0,1.2146956691355977,0.3220681836893287,3.0,3.0,3.0,0.6073478345677988,0.16103409184466436
2.0207833241169784,-0.02815055906063435,0.11854848211279108,8.0,6.0,8.490561301813953,0.6709249803340538,3.0,2.979880498358536,3.0,0.5,-1.2217304763960306
2.926623755293189,3.7263962990065567,-1.5388612327617963,8.0,6.0,5.559534180983733,1.9601707309662504,3.0,0.6103823315503705,3.0,0.5,-1.2217304763960306
4.857470413926594,-0.5654798898597031,-2.997772289271826,8.0,6.0,7.278806109761331,-2.1610342543046297,3.0,3.0,3.0,1.0,-1.0805171271523148
1.7603966991998292,2.047354708989795,1.1628401538278872,8.0,6.0,7.386207020379373,-0.5981682164744541,1.6974596183218396,0.5629853975101983,1.735643162814481,0.25,-1.5707963267948966
5.2109747968504125,-0.015292966378340545,-2.158975322216228,8.0,6.0,6.630415601993915,-2.9875655031873714,3.0,3.0,3.0,1.0,-1.4937827515936857
3.3542018202816903,6.134139077483211,-1.94308803586766,8.0,6.0,4.647734288745648,1.914222851590649,0.4901788015018804,2.9165651869686755,3.0,0.25,-1.5707963267948966
2.5750461963073326,-0.7689796432861504,-1.792913264532917,8.0,6.0,8.674630204419197,2.6880891696775784,3.0,3.0,3.0,1.0,1.3440445848387892
4.648608307343658,2.057529065043793,0.5517049746159439,8.0,6.0,5.174447154100658,0.3145543794783481,2.7521804920090736,3.0,0.899072344919716,0.25,1.5707963267948966
2.643032043581721,1.3081253239902573,0.9963591043061754,8.0,6.0,7.121151147214456,-0.2770506072893313,1.493078612221058,3.0,1.719714149164251,0.25,1.5707963267948966
2.247742542960327,2.043248599162898,0.030411629030191338,8.0,6.0,6.98171522622449,0.5721205554870343,3.0,1.5735511762155032,3.0,0.5,-1.2217304763960306
2.616420803710785,0.47073598934887073,-0.2225853346375761,8.0,6.0,7.7172330185241815,1.0213325545502987,3.0,1.6670865412255087,3.0,0.5,-1.2217304763960306
2.1790536939059533,5.87355323737253,1.661145330749037,8.0,6.0,5.822319527663257,-1.6394260307369504,0.1551094881239753,0.19854533581104006,3.0,0.25,-1.5707963267948966
7.532995794194225,5.943481803963508,-2.0026794302192896,8.0,6.0,0.4704117714550756,2.1231165979024196,1.6120169396723365,3.0,2.1456932671917355,0.25,1.5707963267948966
3.165099145540351,2.3380175776690235,-0.965495217648371,8.0,6.0,6.065177782548149,1.6137192764872523,1.4778401095505762,2.381316554185278,3.0,0.25,-1.5707963267948966
1.9357280019094238,3.6727340740266303,2.905902291577732,8.0,6.0,6.49550317966377,-2.5394679466620187,3.0,0.4544870355755929,2.012635527751775,0.1,0.0
7.453775921674847,5.7234714905675865,-1.8832829496360923,8.0,6.0,0.6122326030775194,2.351921793306682,1.2892156032863058,3.0,3.0,0.1,0.8726646259971648
7.532322830579938,4.706578489418278,-0.2739450591796155,8.0,6.0,1.3753767261489724,1.4977865408855617,3.0,3.0,3.0,0.6876883630744862,0.7488932704427809
1.2612668872641577,2.14465833380663,1.429124388369791,8.0,6.0,7.763644976927343,-0.9094596942566342,0.2216312047716631,0.21060608285949556,3.0,0.25,-1.5707963267948966
4.6853217945700365,2.822059693347234,1.5969386141475845,8.0,6.0,4.591992617393966,-0.832597854232991,0.0314573504811578,0.00921059652836087,3.0,0.25,-1.5707963267948966
0.7906146561524987,4.40275591948412,0.15760767016369726,8.0,6.0,7.384201086700319,0.06042122539956994,1.6192979809282386,1.9764583092643881,3.0,0.25,-1.5707963267948966
4.97784885345068,4.762294142963817,0.22112357115715808,8.0,6.0,3.265779132325247,0.1675837831792518,3.0,0.16746571797195164,1.8739824869890356,0.1,0.0
3.356561460548904,2.339817784324385,0.2355309259261478,8.0,6.0,5.912567574379829,0.43200311363622607,0.28160654347712866,0.22937436555561252,1.2389835515138763,0.25,-1.5707963267948966
3.4542601018450654,0.48571122110009046,-0.49370098216865493,8.0,6.0,7.146406926475646,1.3750802676297242,3.0,0.8860157168696212,3.0,0.5,-1.2217304763960306
5.062733238761158,3.993163709282568,-1.5516091330644388,8.0,6.0,3.557376550833355,2.150992919073032,3.0,3.0,0.756783513640901,0.5,1.2217304763960306
0.23981153125807797,5.81495779672343,0.27601096479735204,8.0,6.0,7.762394326970806,-0.2521704169668248,0.02249942272575517,3.0,0.009166935294694645,0.25,1.5707963267948966
1.5419697055880803,-0.8573981882547237,2.603350770006953,8.0,6.0,9.419663751738767,-1.7879687269660494,3.0,3.0,3.0,1.0,-0.8939843634830247
0.06376487054700108,4.906671615811436,2.430123209008002,8.0,6.0,8.011191857996927,-2.2932208446035363,3.0,3.0,3.0,1.0,-1.1466104223017681
0.344484174242107,6.851278620775197,1.962406371356831,8.0,6.0,7.702700685384216,-2.0731494947828217,3.0,3.0,3.0,1.0,-1.0365747473914109
5.251672503021021,2.586534766546283,0.7401802776061025,8.0,6.0,4.382356549922425,0.15274701449087083,1.7628480066789145,2.437347119662644,2.150620798548159,0.25,-1.5707963267948966
0.8859409226511397,1.5057115077719914,-2.9454870825830373,8.0,6.0,8.414776622548148,-2.774261536904085,3.0,3.0,3.0,1.0,-1.3871307684520424
6.68546141175239,1.2991017723634801,-0.5104020625792709,8.0,6.0,4.881235073891463,1.8085276081438508,3.0,3.0,3.0,1.0,0.9042638040719254
3.83938377464119,0.25265235823003973,2.492639472282033,8.0,6.0,7.095261255942428,-1.5484426477141022,3.0,3.0,2.2459841436986636,0.5,1.2217304763960306
5.901591923940266,0.09780875498738073,-1.3857021076130085,8.0,6.0,6.264118289621958,2.614905327111823,3.0,3.0,3.0,1.0,1.3074526635559116
2.1800505487485244,1.5737128932604492,2.8295060848863995,8.0,6.0,7.311896413818452,-2.1792953100944983,3.0,3.0,1.2330559519005138,0.5,1.2217304763960306
5.51354824850139,4.590682765964276,1.483679141615812,8.0,6.0,2.8580793163732543,-0.9680303162840305,0.7560552460070075,0.4579481426332366,3.0,0.25,-1.5707963267948966
7.65795001440031,6.244149682034243,1.8398109474069362,8.0,6.0,0.42024666552653334,-2.4597278964539497,3.0,0.5266293871306758,3.0,0.5,-1.2217304763960306
-0.7487530191953055,6.131572832202953,2.6784734731816227,8.0,6.0,8.749742327694735,-2.693511377882676,3.0,3.0,3.0,1.0,-1.346755688941338
0.3178046864029418,2.1497869534082925,-2.104051168305087,8.0,6.0,8.59303586285997,2.568647575127869,3.0,3.0,3.0,1.0,1.2843237875639344
0.28191918122699633,0.8828833403258027,1.5535929603636975,8.0,6.0,9.260326907503156,-0.9681304990101747,1.9695221547223027,3.0,3.0,0.1,0.8726646259971648
2.6543789980547627,-0.6492289428439619,2.0436343038654448,8.0,6.0,8.531583055376759,-1.1499803888024414,3.0,3.0,3.0,1.0,-0.5749901944012207
6.797126651979622,2.1351031127306,-0.15834154070057452,8.0,6.0,4.047756445316646,1.427410076339044,0.8905014078113179,0.7503846753967877,3.0,0.25,-1.5707963267948966
6.938997938742296,-0.1677094179151455,0.6909324581688311,8.0,6.0,6.2583036709504825,0.7095059598834877,3.0,3.0,3.0,1.0,0.3547529799417439
-0.8652703422701059,0.3910162086342792,-0.10622673406796468,8.0,6.0,10.490649046333468,0.6703381154986905,3.0,3.0,3.0,1.0,0.33516905774934524
3.9789188571622427,4.190558564230855,0.2215441274642733,8.0,6.0,4.4094412193342265,0.2013004759316853,3.0,1.0750756514081807,3.0,0.5,-1.2217304763960306
2.4327169671213142,0.032722774955149525,-2.3627581661874046,8.0,6.0,8.16106842568532,-3.1003649799778032,3.0,3.0,3.0,1.0,-1.5501824899889016
5.645361933681912,6.083280610724633,-0.3555941093030422,8.0,6.0,2.3561103716670098,0.3202400940223886,0.528047352318821,0.2509184873783854,2.1147831571691,0.25,-1.5707963267948966
0.7633882352286276,6.149746329611006,0.7545381689384052,8.0,6.0,7.238160940270629,-0.7752280948889394,3.0,3.0,0.9101482164563952,0.5,1.2217304763960306
3.761680199255557,-0.37986776320867843,-1.4197400189043334,8.0,6.0,7.6593777429639625,2.404155109878049,3.0,3.0,3.0,1.0,1.2020775549390246
2.19064680189594,5.631249223694667,2.077990910555963,8.0,6.0,5.8210447271385615,-2.0146005966297116,0.42209473565781247,3.0,0.5146623053332509,0.25,1.5707963267948966
7.134707291639092,1.8509252910964458,1.2597420387096931,8.0,6.0,4.238343120985566,0.10545051998442283,3.0,3.0,0.49455436852204615,0.5,1.2217304763960306
2.5247811163459177,-0.13917365131284587,-0.7213711077993862,8.0,6.0,8.226024248985421,1.5638736706964813,3.0,3.0,3.0,1.0,0.7819368353482407
0.16711476188305996,5.247925737989823,2.1510570387746366,8.0,6.0,7.868907602017477,-2.055335494773946,3.0,3.0,0.023706437038832018,0.5,1.2217304763960306
3.9272208701637874,0.48333665631778366,-1.626458694415435,8.0,6.0,6.857193616047054,2.561304405692895,3.0,3.0,3.0,1.0,1.2806522028464475
-0.9678801154828277,6.0026556161153675,-1.8700665688995421,8.0,6.0,8.967880508680368,1.8697704436164717,3.0,2.9606809763361275,3.0,0.5,-1.2217304763960306
3.619122519818209,1.2388180228766252,2.2578371997677777,8.0,6.0,6.470003192862304,-1.430863573831674,3.0,3.0,1.1210972674317417,0.5,1.2217304763960306
3.3938556105753275,0.4401561305380399,-1.216724202766535,8.0,6.0,7.220002076801788,2.0956613663404653,3.0,3.0,3.0,1.0,1.0478306831702326
2.9387391332351434,-0.4100672438179398,-3.080387807243314,8.0,6.0,8.16733271219638,-2.300356080812991,3.0,3.0,3.0,1.0,-1.1501780404064954
-0.36683091619183605,4.262546707635045,1.0680142179269838,8.0,6.0,8.54532641408702,-0.8632645624956823,1.1368472678143617,3.0,2.778029563391451,0.25,1.5707963267948966
4.981125076460595,-0.5145588396653897,-1.400549473947938,8.0,6.0,7.180047540193415,2.537400895031084,3.0,3.0,3.0,1.0,1.268700447515542
1.5024141701789793,-0.6111310874625886,-1.5054664910926818,8.0,6.0,9.269610340866826,2.2995262511080274,3.0,3.0,3.0,1.0,1.1497631255540137
-0.9835593568678597,-0.20217414020545643,-1.733342193497333,8.0,6.0,10.916560941239753,2.3375904336139683,3.0,3.0,3.0,1.0,1.1687952168069842
6.507563026655368,3.213356660383421,-3.1337916714381304,8.0,6.0,3.1611310035548237,-2.0702928055347134,1.8365101451044732,1.1191057671367919,2.4967645223898702,0.25,-1.5707963267948966
0.6532024956891085,4.996975526505886,-3.075147012580428,8.0,6.0,7.414950550325799,-3.072351772771647,3.0,3.0,0.1586089050244262,0.5,1.2217304763960306
2.508881151150213,3.073797550280683,-0.8136059626042532,8.0,6.0,6.222141672200718,1.3032237609213413,2.25577448401082,0.7933257697057199,3.0,0.25,-1.5707963267948966
6.249135103051858,4.444422557360889,-2.883753479563038,8.0,6.0,2.3420822076547325,-2.673027842211129,3.0,3.0,1.0817534037655923,0.5,1.2217304763960306
3.102132658492443,1.6439193978955293,2.764227709920925,8.0,6.0,6.554734373491969,-2.0373093418998387,1.950197151964642,3.0,2.2836012967738055,0.25,1.5707963267948966
1.3896608195809819,0.20853943359264715,-0.809673680828125,8.0,6.0,8.788492451634362,1.5291385380340095,3.0,3.0,3.0,1.0,0.7645692690170047
2.6327960331203015,5.839415078651802,-3.0973612915922573,8.0,6.0,5.369605752665048,3.1272720291501113,1.8293573607334883,3.0,0.4164165682214783,0.25,1.5707963267948966
6.175081036461434,4.551366691527585,1.250592336320303,8.0,6.0,2.3299930656331163,-0.5796390847283825,1.3217737584310625,3.0,3.0,0.1,0.8726646259971648
6.582083051160347,0.2171234554768917,-0.09562639530608227,8.0,6.0,5.954170773751982,1.4259740223830115,3.0,3.0,3.0,1.0,0.7129870111915058
5.635949639057327,0.18015066327691187,-0.9655354377828897,8.0,6.0,6.281670192809341,2.1504879480690815,3.0,3.0,3.0,1.0,1.0752439740345408
1.9321623331112097,-0.29509726036072337,0.41696614329212317,8.0,6.0,8.743391988760168,0.38681228354766195,2.5751278514869447,3.0,3.0,0.1,0.8726646259971648
-0.3229534684458365,4.089481459571506,-0.34520569253423206,8.0,6.0,8.53941658026095,0.5708448866102318,1.2180334585854193,3.0,3.0,0.1,0.8726646259971648
3.701899913444782,0.928520758135182,-0.8698413235415255,8.0,6.0,6.647824159430793,1.7375942974970324,3.0,0.40374854581880165,3.0,0.5,-1.2217304763960306
0.020798115633521075,3.403011479092517,-0.8345716474464561,8.0,6.0,8.391186572184104,1.1492283242109786,0.4241908990892479,0.39416755388896596,3.0,0.25,-1.5707963267948966
5.487707245876169,4.006523544510771,-2.1074985807894677,8.0,6.0,3.207111357750617,2.778256721232106,3.0,1.5708941523547542,1.3452046415663905,0.1,0.0
2.151890516916407,0.35732380088668503,-1.949191961605985,8.0,6.0,8.126510888085498,2.716713940852803,3.0,3.0,3.0,1.0,1.3583569704264016
-0.42736679311949444,1.6865895891623914,2.346287177465573,8.0,6.0,9.467102008434019,-1.8732174799566195,3.0,3.0,3.0,1.0,-0.9366087399783097
-0.07117619540166487,0.5998543102242815,-0.1732511559793024,8.0,6.0,9.711099765115264,0.7629126652189148,3.0,3.0,3.0,1.0,0.3814563326094574
0.6219192534034126,6.759380043462383,1.6113942098027474,8.0,6.0,7.417056933427719,-1.713956859384625,3.0,3.0,3.0,1.0,-0.8569784296923125
4.588977543715539,3.8600084709119624,-0.5379541780780907,8.0,6.0,4.026740361861618,1.098259812630439,3.0,2.1641228054348214,3.0,0.5,-1.2217304763960306
3.008453073655547,-0.37011494183664073,0.38790036231803543,8.0,6.0,8.092830474568784,0.5182426344529948,3.0,2.910155768421218,3.0,0.5,-1.2217304763960306
1.5748169899374664,4.736152396422044,1.4596684440994332,8.0,6.0,6.548304168093139,-1.2654458518962253,1.3545941983978356,1.0990939112461349,1.1277232081721291,0.25,-1.5707963267948966
7.824083100350867,3.510312184845353,-1.2967736409144812,8.0,6.0,2.4958950644030855,2.7970289896377882,0.429311461048587,3.0,3.0,0.1,0.8726646259971648
4.649904065815849,6.653732045521055,0.26170154240472565,8.0,6.0,3.413284101210786,-0.4544180559638996,1.4364152538388297,3.0,3.0,0.1,0.8726646259971648
-0.5084929359663035,3.6853833823118842,-1.9352218914457238,8.0,6.0,8.817703903413092,2.2008304379133476,3.0,3.0,3.0,1.0,1.1004152189566738
7.164703878376914,1.9220458681936545,-0.7631104247061674,8.0,6.0,4.162622912529432,2.1318692383583016,3.0,0.6304817642483902,3.0,0.5,-1.2217304763960306
0.9323364801596732,-0.7905065809557748,-0.42507232143250695,8.0,6.0,9.801165606992132,1.1904736170473023,3.0,3.0,3.0,1.0,0.5952368085236511
5.258290276856047,-0.37525873831709156,2.732429168360786,8.0,6.0,6.939805198020368,-1.567777028652647,3.0,3.0,1.259947151676967,0.5,1.2217304763960306
6.348702725807434,-0.15650243208690728,-2.126864147495228,8.0,6.0,6.374112085933836,-2.8475768995519077,3.0,3.0,3.0,1.0,-1.4237884497759539
4.105717930878376,4.872874137902136,0.3127279084698168,8.0,6.0,4.054114643530946,-0.0309954473390415,0.5373015017643619,0.6505967796400836,3.0,0.25,-1.5707963267948966
7.459606869174255,5.982831963475274,-0.609797287228112,8.0,6.0,0.5406657722861369,0.6415561367089362,3.0,3.0,2.9285584616540516,0.5,1.2217304763960306
-0.7623839074638555,0.9006829808096164,1.4550530239782475,8.0,6.0,10.138165800774134,-0.9280072544435961,3.0,3.0,2.254392018911168,0.5,1.2217304763960306
7.89967718223606,0.10431396748872857,0.333510574418172,8.0,6.0,5.896539532786377,1.2202710850574918,3.0,3.0,3.0,1.0,0.6101355425287459
3.2237187041151802,4.209643893798768,0.8522895135361445,8.0,6.0,5.1008075835529425,-0.4936564030776105,0.3222943759613426,0.1245965128324491,3.0,0.25,-1.5707963267948966
0.928855273042696,0.10363769501942244,-0.42074711983995056,8.0,6.0,9.20696346148783,1.1157976002712875,3.0,3.0,3.0,1.0,0.5578988001356437
7.465613860240957,-0.0784636857120784,-1.4723861720588045,8.0,6.0,6.101908662450384,2.9554932796890623,3.0,3.0,3.0,1.0,1.4777466398445311
7.047802915830378,-0.1252121555218686,-1.1556748873664666,8.0,6.0,6.1987823995728375,2.5722502643355405,3.0,3.0,3.0,1.0,1.2861251321677702
-0.5699498804515113,2.876711388076525,-2.386435959637148,8.0,6.0,9.121347088386766,2.735922337276038,3.0,3.0,3.0,1.0,1.367961168638019
5.366224957482879,2.4499497716404752,-3.088834688695886,8.0,6.0,4.420365097869358,-2.261849901295664,1.0129080536660262,1.0469415426340527,0.8986769630359803,0.25,-1.5707963267948966
0.2592316126637355,6.833510343930697,0.44990805541547,8.0,6.0,7.785514415876702,-0.5571727527631599,3.0,3.0,1.3253473347915343,0.5,1.2217304763960306
2.101698056998028,1.156935731260412,-1.4393890669921334,8.0,6.0,7.631856741446536,2.126860913980375,3.0,3.0,3.0,1.0,1.0634304569901876
1.5876259369894248,4.272601238070678,1.7732536291979422,8.0,6.0,6.640967369795285,-1.5101148962728974,3.0,3.0,3.0,1.0,-0.7550574481364487
-0.9262820652738976,3.983104094474805,-2.4056395871090612,8.0,6.0,9.151304857918062,2.62785833253647,3.0,3.0,3.0,1.0,1.313929166268235
6.04697132394858,4.7185353243787755,-1.3159815059063749,8.0,6.0,2.335909399857831,1.8966625574697598,3.0,0.7048754360898636,3.0,0.5,-1.2217304763960306
4.133150229755938,4.374514656899235,2.4749629689542076,8.0,6.0,4.194607221930554,-2.077025399905874,0.6092767756218994,1.3079907287500405,3.0,0.25,-1.5707963267948966
1.884924422441002,2.549213634989977,-1.8925681226065056,8.0,6.0,7.021543694672674,2.4063299947299335,3.0,3.0,3.0,1.0,1.2031649973649667
3.72785673303261,5.550470171058982,0.7968222276389139,8.0,6.0,4.295728711243594,-0.6919845211813376,3.0,3.0,0.675014874609285,0.5,1.2217304763960306
3.62570384406893,-0.7331211469867851,-1.8128993412410643,8.0,6.0,8.029283108708645,2.807553581648444,3.0,3.0,3.0,1.0,1.403776790824222
3.781945332740058,0.39431212255095094,0.12607444931467346,8.0,6.0,7.01539177490271,0.7996483672818478,3.0,0.5821958408998948,3.0,0.5,-1.2217304763960306
1.2588004079359876,-0.5654205690331189,2.7570254893079214,8.0,6.0,9.410022273529812,-1.984836450197447,3.0,3.0,3.0,1.0,-0.9924182250987235
7.405879971209766,2.2916989873440574,0.47701556338316786,8.0,6.0,3.755592497739178,0.9349172993436737,0.02988358191606255,0.05150565819067349,0.03756332909460092,0.25,-1.5707963267948966
0.30093463508892304,4.020434954770997,-0.9004986473303397,8.0,6.0,7.949483332988744,1.1521649083491687,0.5392386443267482,1.8611968675188058,3.0,0.25,-1.5707963267948966
-0.15797843366575404,3.8893795856476574,2.463558869134724,8.0,6.0,8.426584756450053,-2.2103914865735845,3.0,3.0,3.0,1.0,-1.1051957432867923
0.677696338038055,6.318992118290134,0.5461618008045045,8.0,6.0,7.32924872613234,-0.5896987205465462,3.0,3.0,1.1383287326528655,0.5,1.2217304763960306
4.683851366554474,4.567047246248189,-1.933003922230253,8.0,6.0,3.6125054122571956,2.3408843474323007,1.012772038231072,2.402834371028441,2.0986280771152552,0.25,-1.5707963267948966
4.006166152587038,0.4460004493676806,-2.200150362479043,8.0,6.0,6.8408785845946305,-3.1356630834724935,3.0,3.0,3.0,1.0,-1.5678315417362467
7.987721531573426,-0.17995323373448446,-0.23815475704291922,8.0,6.0,6.1799654312894186,1.8069642642283532,3.0,3.0,3.0,1.0,0.9034821321141766
3.9420586973012046,-0.62541084528912,-1.2586049593197735,8.0,6.0,7.769360107822489,2.279854755344355,3.0,3.0,3.0,1.0,1.1399273776721774
6.938056382217657,0.6889543053558302,-0.8429852788815562,8.0,6.0,5.416173060191764,2.2164341175743623,3.0,3.0,3.0,1.0,1.1082170587871811
4.5504631352526745,4.350164271927566,0.6264399784210073,8.0,6.0,3.8237759493562256,-0.18032092792208995,2.4769882856420207,0.6666556474784645,1.9758482452561505,0.25,-1.5707963267948966
5.041265049470408,1.3266656168217175,-1.449893423505805,8.0,6.0,5.531199396557828,2.456279736545353,3.0,3.0,0.074460915687939,0.5,1.2217304763960306
-0.17026455506889093,5.415667537286923,1.5374621672558109,8.0,6.0,8.191133458001731,-1.4660643301963976,3.0,3.0,0.4928361795959485,0.5,1.2217304763960306
6.653854926013543,3.551854287537755,0.16273561256840044,8.0,6.0,2.7938367865115667,0.9053225888205209,0.09654186077262633,0.0663065714370158,1.1109783174275527,0.25,-1.5707963267948966
7.318659709937847,2.369871895082449,-0.04726987028617053,8.0,6.0,3.6935152157496614,1.4325342948327797,0.09676402108702409,0.11324226713128088,0.26199999928759754,0.25,-1.5707963267948966
1.4903010082028736,4.17513767815332,2.1600662175481777,8.0,6.0,6.760643716207812,-1.8867517591704441,1.2613564829059185,3.0,1.881819760451037,0.25,1.5707963267948966
0.839072182882024,6.47707823038337,1.250215352293119,8.0,6.0,7.176802271198486,-1.3167394497282545,3.0,3.0,1.038386493515576,0.5,1.2217304763960306
4.680616405664838,0.0011164458476615735,0.3292932203767542,8.0,6.0,6.856012787518764,0.7361041434038336,3.0,1.9787780315760606,3.0,0.5,-1.2217304763960306
-0.09693933160626078,5.550025642175577,-2.4863276505360634,8.0,6.0,8.109432992658116,2.5418439341690386,3.0,3.0,3.0,1.0,1.2709219670845193
-0.7005655924580354,4.857034785177348,1.9230488669817458,8.0,6.0,8.775318291148146,-1.7924300413002852,3.0,3.0,3.0,1.0,-0.8962150206501426
1.9179431468340038,2.9746436740698137,0.8993405343428283,8.0,6.0,6.792951969798495,-0.43775647046564287,0.8087868982257591,3.0,1.4041643712520304,0.25,1.5707963267948966
0.3821896960894615,2.2671570114888517,-1.631700899818932,8.0,6.0,8.483227605295193,2.0873288257919773,3.0,3.0,3.0,1.0,1.0436644128959887
1.332324737557407,6.14310300067141,1.0389183114560065,8.0,6.0,6.669210738474986,-1.06037722011332,0.3389319764190641,3.0,0.2686152298197672,0.25,1.5707963267948966
2.5230123748642117,1.492204684363717,-2.8650284909567763,8.0,6.0,7.0934908228292635,-2.729522448407916,3.0,3.0,1.6651373241005065,0.5,1.2217304763960306
7.733648079674671,1.6724466729435266,-2.306882848602836,8.0,6.0,4.335742282929019,-2.466976513741614,3.0,3.0,1.4329886889603352,0.5,1.2217304763960306
1.1455844834696718,2.0599623871419084,0.5042177536377636,8.0,6.0,7.906131067974286,0.017479320281556916,2.5280379903486074,0.2887671846392631,2.972382770334467,0.25,-1.5707963267948966
6.728512435191243,4.654307574031233,1.0272967857434305,8.0,6.0,1.8513694209349485,-0.21355323273448965,3.0,1.1822537082292481,3.0,0.5,-1.2217304763960306
4.777444436533417,3.258632404327951,-1.1491830497849658,8.0,6.0,4.230834510380922,1.854072481953889,3.0,2.8711463053935287,0.2227687986477606,0.1,0.0
1.8002834556408995,1.5994615095586386,2.610516797922153,8.0,6.0,7.602711637057917,-1.9932460673334063,3.0,3.0,0.9984739252639009,0.5,1.2217304763960306
1.7631320111062916,4.311668366426832,3.0904338121420167,8.0,6.0,6.461345526731324,-2.826067942016639,3.0,0.919807511917813,1.3543247399283076,0.1,0.0
2.656039189169057,6.826494190377378,2.6357339447577717,8.0,6.0,5.407495704522054,-2.7891776950203653,3.0,0.23861877035625428,3.0,0.5,-1.2217304763960306
3.8186366154333697,2.0613049458224237,-2.5870444658731513,8.0,6.0,5.7443118372523445,-2.940618833018869,3.0,3.0,2.3123409123837835,0.5,1.2217304763960306
0.7662958061576932,6.95513965151754,-3.0443289567320493,8.0,6.0,7.2964901231971,2.913048198054297,3.0,3.0,3.0,1.0,1.4565240990271484
0.7120721830140606,1.413721414846406,2.470672886457035,8.0,6.0,8.61091418644013,-1.9089888247515507,3.0,3.0,1.021771495690345,0.5,1.2217304763960306
7.881810537555609,4.762096214279052,-1.7437389263692167,8.0,6.0,1.243533084294563,-3.063837009498871,1.8850961279995113,3.0,0.6734401855263463,0.25,1.5707963267948966
6.222522008770576,1.363269973820315,-2.2255762048996948,8.0,6.0,4.965752042237032,-2.852881478874726,3.0,3.0,1.2330326657658912,0.5,1.2217304763960306
5.544276330668184,6.323167775351701,-1.7019767422204632,8.0,6.0,2.476896475661081,1.5711308371933177,0.47082781447494326,2.301413000122782,0.42654313809340083,0.25,-1.5707963267948966
2.891592028455202,2.1380299582086737,-2.7023653861803285,8.0,6.0,6.403955387683157,-2.9334881623941045,3.0,3.0,1.3925582419205456,0.5,1.2217304763960306
3.7767401347579668,0.6640354472521901,-0.10523748624742935,8.0,6.0,6.805030609596498,1.0065153144304964,3.0,0.4008511626320193,3.0,0.5,-1.2217304763960306
0.05915252591990061,3.4660305749549742,2.349168970741154,8.0,6.0,8.335350001869587,-2.0402774971982525,3.0,3.0,3.0,1.0,-1.0201387485991262
7.644208453969615,0.8719725837397592,3.0823725675077114,8.0,6.0,5.140355319055617,-1.5808469863726982,2.678510151548738,3.0,1.796518836148201,0.25,1.5707963267948966
4.214580017265962,6.2962942364917165,-2.465950823806841,8.0,6.0,3.7969981196019016,2.3878375993561933,1.1053423933340696,2.615739908827217,1.7251779387938557,0.25,-1.5707963267948966
4.4681911249407955,2.387433795415687,0.6534917506367401,8.0,6.0,5.052158797232296,0.1432095553564323,2.562811956016969,0.10599433789518203,1.1039936501187948,0.25,-1.5707963267948966
3.1767072292060012,0.9018359143052832,2.0665294479097867,8.0,6.0,7.018221298695353,-1.2534336363529937,3.0,3.0,1.572104319001257,0.5,1.2217304763960306
4.992727094377542,-0.7666523363795683,-3.128974271199155,8.0,6.0,7.404814256301235,-2.0016232261866858,3.0,3.0,3.0,1.0,-1.0008116130933429
1.487062146328519,2.4962851051222863,-1.4087245491791616,8.0,6.0,7.3955647215324145,1.9022787973397022,3.0,3.0,3.0,1.0,0.9511393986698511
-0.006008395355459717,0.6764664597369325,-2.0532404410277967,8.0,6.0,9.614373603142742,2.6400482936744587,3.0,3.0,3.0,1.0,1.3200241468372294
0.27879466770684225,0.3723413399382931,-2.6276282852698087,8.0,6.0,9.55445203963052,-3.025724968935555,3.0,3.0,3.0,1.0,-1.5128624844677776
6.282555853017348,0.2977462539261655,-3.10051730871278,8.0,6.0,5.955275995503319,-1.9044170121327415,3.0,3.0,2.966229325674065,0.5,1.2217304763960306
1.8102278234858002,1.6033777220892844,0.7218930416293997,8.0,6.0,7.592336073421023,-0.10428481319140755,1.991135376511343,3.0,2.2669613018781605,0.25,1.5707963267948966
7.744852428640327,6.795827389644779,-0.15988544268582697,8.0,6.0,0.8357281359865552,-1.100657716668133,3.0,3.0,3.0,0.4178640679932776,-0.5503288583340665
7.234196935108972,2.7251098108510527,0.45604171096006707,8.0,6.0,3.363236549096795,0.8850414364894257,0.32555546264979146,3.0,0.19845276242700682,0.25,1.5707963267948966
7.228346428841487,6.709108120009573,2.9841041453002908,8.0,6.0,1.047990247924663,2.5558966074260496,0.06434871847899393,0.06179884048028994,3.0,0.25,-1.5707963267948966
5.76513096171307,1.1931984844969872,-1.9956481861493127,8.0,6.0,5.3009414661676475,3.131237073688048,3.0,3.0,0.9690750592133737,0.5,1.2217304763960306
5.95117965016555,0.17924622602245144,-2.4915056501734423,8.0,6.0,6.170805403119566,-2.5593257846764574,3.0,3.0,3.0,1.0,-1.2796628923382287
5.013923974836021,2.24890126176623,0.19833038849618348,8.0,6.0,4.7945168444837165,0.7001359137044137,0.6771148638441256,3.0,0.5913001692804454,0.25,1.5707963267948966
3.44408281047469,4.215648237642765,2.9195986478856804,8.0,6.0,4.8928818348330845,-2.5463061079489724,0.3945194304853598,0.6758729513211883,0.20164383122286234,0.25,-1.5707963267948966
1.0715920870695705,5.326059372604984,1.3660948868940126,8.0,6.0,6.9611085451392425,-1.2691278714675682,3.0,0.341896105008639,1.2557937745007797,0.1,0.0
1.210844753446004,1.370356699528612,-0.28977946787909875,8.0,6.0,8.217434274237382,0.8882661104487892,3.0,2.5368101348025878,3.0,0.5,-1.2217304763960306
5.032851480657266,3.2445446740116095,-2.5967088559460887,8.0,6.0,4.049259733501367,-2.938053887578517,0.39069222475501875,1.6135510769332853,0.4387125544443551,0.25,-1.5707963267948966
7.831567042160275,0.18624215799390598,2.5924491567579655,8.0,6.0,5.816197203222566,-1.0506161720398126,3.0,3.0,3.0,1.0,-0.5253080860199063
2.6546461180736713,3.325505324302422,-0.6017956392180678,8.0,6.0,5.977100458697308,1.0657152582685239,0.7966507832481082,0.8509668073082266,3.0,0.25,-1.5707963267948966
-0.4301632904739042,2.2405095372848693,-2.157841492565329,8.0,6.0,9.230461615937735,2.5773281877729777,3.0,3.0,3.0,1.0,1.2886640938864888
2.9239517826043913,5.744902035025783,-2.245384723139906,8.0,6.0,5.082454178549879,2.2955977080151335,0.0708281410900532,0.04877605962750664,2.0369275619923917,0.25,-1.5707963267948966
0.6925145408098898,-0.0841679691419488,2.9197128936551677,8.0,6.0,9.508756154882075,-2.225411150825517,3.0,3.0,3.0,1.0,-1.1127055754127586
4.790545533559891,2.586294799389771,-1.4246494569123913,8.0,6.0,4.6855075678976,2.2408767157033505,1.2264635764659135,0.8880013978112602,3.0,0.25,-1.5707963267948966
4.837882537304532,-0.9995616669438316,-1.2801208236287693,8.0,6.0,7.6806803329674604,2.4266011070383833,3.0,3.0,3.0,1.0,1.2133005535191916
0.12240068161256734,5.878254030239169,-0.19592126952240665,8.0,6.0,7.878540036213001,0.2113747437734763,0.17663837305140184,3.0,0.1379807798071746,0.25,1.5707963267948966
3.84385930904663,1.7526883799565924,1.0809974185108142,8.0,6.0,5.9424878157850785,-0.2847504576361173,0.6371011159492105,0.6711651933006613,1.8236922919953684,0.25,-1.5707963267948966
3.530528402155947,2.280471743505057,0.8217508586378123,8.0,6.0,5.814728438611642,-0.12767731430357834,0.1620462855839485,0.20735326662299042,2.121385449656209,0.25,-1.5707963267948966
2.50794353407799,0.9043242104215556,-2.10835471089163,8.0,6.0,7.491902026679985,2.856332618897529,3.0,3.0,3.0,1.0,1.4281663094487644
0.9167666596804831,6.10638585343227,2.3393648992287277,8.0,6.0,7.084032220651208,-2.3543831613446073,3.0,3.0,3.0,1.0,-1.1771915806723037
3.62899116879644,1.3076901677519261,3.0093680272415066,8.0,6.0,6.412759917872449,-2.1885340024567874,3.0,3.0,3.0,1.0,-1.0942670012283937
-0.7501126587764176,0.46931607978366685,2.9175400402626,8.0,6.0,10.351470241787823,-2.353872809578566,3.0,3.0,3.0,1.0,-1.176936404789283
-0.4010901463343799,-0.8811989659044643,0.4804316487222964,8.0,6.0,10.859521852052293,0.20583807079358687,3.0,3.0,3.0,1.0,0.10291903539679344
3.540637119188043,3.592410281572322,-1.0438510760403228,8.0,6.0,5.06778112738131,1.5389033879781682,0.05011416221303178,0.06384387150424109,0.08741580638892316,0.25,-1.5707963267948966
4.253641600856198,-0.45421493745910624,2.2327438062380014,8.0,6.0,7.462713428355371,-1.1878690150352647,3.0,3.0,1.1736281102969113,0.5,1.2217304763960306
5.121847442210356,0.38180280371986175,0.7001052106719402,8.0,6.0,6.312519455985943,0.39725902644033795,3.0,3.0,3.0,1.0,0.19862951322016897
0.1793362437579198,4.420293533156085,1.8632600246617252,8.0,6.0,7.978612292221435,-1.6639504359899462,3.0,3.0,0.7745574863960474,0.5,1.2217304763960306
0.01923814678619218,-0.017059968746224285,-2.24541182362966,8.0,6.0,9.994877209110726,2.8914333125348484,3.0,3.0,3.0,1.0,1.4457166562674242
7.317123848717717,-0.399239502715818,-0.896213403734103,8.0,6.0,6.435571928827204,2.360699966409483,3.0,3.0,3.0,1.0,1.1803499832047415
4.964252786215173,-0.1364921579472016,-0.18429218863806138,8.0,6.0,6.846334577753986,1.2956866755665402,3.0,3.0,3.0,1.0,0.6478433377832701
3.487761155420558,5.585230255696853,2.572595927844575,8.0,6.0,4.5312617813718195,-2.480932465598607,1.2471771475710938,0.08045845800495122,3.0,0.25,-1.5707963267948966
1.1431919288553463,6.193779592217878,0.5166650614696154,8.0,6.0,6.859545717820867,-0.5449184449253456,0.4215260419712255,3.0,1.868112103466057,0.25,1.5707963267948966
3.862239849568015,0.9030962506793578,-2.3781355206808628,8.0,6.0,6.565019946073412,-3.01615930244633,3.0,3.0,3.0,1.0,-1.508079651223165
4.309557125881125,5.3114045702271735,-0.24677292553982588,8.0,6.0,3.7541353562490003,0.43124050892716503,0.13722756504002537,0.1210696145604917,3.0,0.25,-1.5707963267948966
0.38520877949489396,0.20300577741420955,-0.8379568936659142,8.0,6.0,9.570276242020116,1.4886386976238895,3.0,3.0,3.0,1.0,0.7443193488119447
3.054119639708138,-0.5782541913874137,-0.3416005644773822,8.0,6.0,8.230137346656301,1.2677108963377142,3.0,3.0,3.0,1.0,0.6338554481688571
4.025838829935917,4.138575074468,0.9784357617240386,8.0,6.0,4.388491740796254,-0.5404010818364127,1.0752960274292747,3.0,3.0,0.1,0.8726646259971648
-0.5558488160794594,-0.4783494764746852,1.5641686244505635,8.0,6.0,10.731801382011694,-0.9160857626210043,3.0,3.0,3.0,1.0,-0.45804288131050214
0.24090157666699774,3.012868102393914,-1.974843360760988,8.0,6.0,8.31423870938671,2.342338621909369,3.0,0.27681713689590287,3.0,0.5,-1.2217304763960306
0.4708548228267384,2.2608990502085398,2.273745327970843,8.0,6.0,8.406479822832074,-1.812807837201035,3.0,3.0,0.25825088640080474,0.5,1.2217304763960306
1.6260024723902236,3.7678239342203748,1.2544379971824726,8.0,6.0,6.753551248833086,-0.9175847172989603,2.639410349326743,1.7209541407076085,0.531476954833525,0.25,-1.5707963267948966
3.532589695828599,0.9441567886668896,1.6040390496197017,8.0,6.0,6.746799641563392,-0.756930278608525,1.5883288513761993,2.5924718822327386,3.0,0.25,-1.5707963267948966
2.1267774883291803,4.245454172280182,-1.4893836662759687,8.0,6.0,6.129696055528847,1.7796808666560695,0.08505011514753569,0.04709479528287164,0.9806816816808189,0.25,-1.5707963267948966
2.5098421200151035,0.7540434285678712,-2.4815517676805823,8.0,6.0,7.593542908057621,-3.038977235694906,3.0,3.0,3.0,1.0,-1.519488617847453
-0.21055104069646702,0.7022284821762499,-1.2028991010607282,8.0,6.0,9.771362824445033,1.7759204373024828,3.0,3.0,3.0,1.0,0.8879602186512414
3.377045703904656,1.1914105054022608,-2.717694634092479,8.0,6.0,6.670400239216694,-2.7604126739437693,3.0,3.0,3.0,1.0,-1.3802063369718847
0.30019612544259466,4.81949348355334,3.077971543323256,8.0,6.0,7.78977376706296,-2.92583972249949,3.0,3.0,3.0,1.0,-1.462919861249745
6.324957944403589,5.425286684846263,-2.514635874021183,8.0,6.0,1.7708927925291384,2.845153935411286,2.9451493613748774,2.984436287559649,0.7355982227392098,0.25,-1.5707963267948966
5.151613839358146,3.35627687741803,2.4411045278396464,8.0,6.0,3.8862032459729385,-1.6929540537323706,2.0167198658047933,0.5266941223511283,1.5496458594510674,0.25,-1.5707963267948966
5.827423530272342,3.8156338091260924,1.7452749300107429,8.0,6.0,3.080834979781825,-0.9571708112475508,1.5074181225844758,2.7399426280034955,3.0,0.25,-1.5707963267948966
4.914435180812998,-0.6715729974081146,-1.0112043738724614,8.0,6.0,7.350550762572123,2.1488051863607307,3.0,3.0,3.0,1.0,1.0744025931803654
2.337707263960044,2.7229752852260303,-0.047439684785976766,8.0,6.0,6.542205286434404,0.572084022966089,1.0443014532649941,3.0,3.0,0.1,0.8726646259971648
7.889619380902047,1.096306198204835,1.3697957181701268,8.0,6.0,4.9049359611351475,0.17849472093065025,0.8226795247894909,3.0,3.0,0.1,0.8726646259971648
4.382485953230006,4.517577102386875,1.7483091089091296,8.0,6.0,3.9094738170175676,-1.3593912403182735,3.0,0.8314798455783249,0.5615652133726662,0.1,0.0
7.768893434203106,1.6420422226583682,1.875939371263031,8.0,6.0,4.364081373421771,-0.3581243483212487,0.38648661728404693,1.7191331231830198,0.2990288327928893,0.25,-1.5707963267948966
0.3529562251589129,1.1453810651940266,0.23785824239701706,8.0,6.0,9.057847619413373,0.3277829286182888,3.0,1.3551800114237604,3.0,0.5,-1.2217304763960306
1.6080088140498363,0.709336906831509,-3.1361783908681597,8.0,6.0,8.297509703922001,-2.455601341233784,3.0,3.0,3.0,1.0,-1.227800670616892
-0.9499023774807008,4.573681903996594,2.8342653241355587,8.0,6.0,9.062843697064485,-2.676227431064701,3.0,3.0,3.0,1.0,-1.3381137155323506
-0.8191105724366721,2.9571402521857406,1.2466512731495825,8.0,6.0,9.329292938574314,-0.9144107082069177,3.0,3.0,3.0,1.0,-0.45720535410345886
5.069921073981626,4.110603451997629,2.821570886771134,8.0,6.0,3.4864282336368637,-2.248840208373232,1.5717733203609208,0.9775718127330383,1.0602780597607069,0.25,-1.5707963267948966
-0.19726412216145306,3.6350224366482395,0.12840537148865386,8.0,6.0,8.531603481388045,0.15247538988273615,2.322138687809527,3.0,0.6741697325342482,0.25,1.5707963267948966
0.2297080518226262,1.4708137637470884,-0.21538143150447378,8.0,6.0,8.993940455805394,0.7431212698113007,3.0,3.0,3.0,1.0,0.37156063490565033
5.239038022295572,0.12379447305338243,-1.7222622134507775,8.0,6.0,6.492511258153314,2.853816782723251,3.0,3.0,3.0,1.0,1.4269083913616254
1.0446446963997356,3.9624678055835485,-2.2399642748189432,8.0,6.0,7.247655127184505,2.5249355128299307,0.36532130716478367,0.2683915096204327,3.0,0.25,-1.5707963267948966
4.339894452133346,0.21510841473024733,-2.315591030130846,8.0,6.0,6.845534549971174,-2.960915765330488,3.0,3.0,3.0,1.0,-1.480457882665244
4.090893264777104,4.192441414527037,2.601608063717892,8.0,6.0,4.306783429345157,-2.168492883873916,0.6633821594338968,1.2434802469186765,3.0,0.25,-1.5707963267948966
-0.35966829829981495,-0.9523798078925045,-0.2871772806066377,8.0,6.0,10.87288549791592,0.9809256521055499,3.0,3.0,3.0,1.0,0.49046282605277497
7.900653303712165,3.3856729692208987,1.9357131458212629,8.0,6.0,2.6162139801487148,-0.4028994108938624,2.7374081987233607,0.6117888744048121,3.0,0.25,-1.5707963267948966
6.871991493540901,4.927664144554147,-1.2608377949449863,8.0,6.0,1.5563763611411205,2.020939565489206,0.449148607973224,3.0,3.0,0.1,0.8726646259971648
5.104430549023582,3.698834249552853,1.4655467603791206,8.0,6.0,3.6986059882689393,-0.7940338875323846,1.2566753323405497,3.0,3.0,0.1,0.8726646259971648
-0.6024063507826759,5.959941686757325,2.46212629602831,8.0,6.0,8.602499618857648,-2.457469689252544,3.0,3.0,3.0,1.0,-1.228734844626272
5.314767720502731,2.6934497710283045,-3.110229925579174,8.0,6.0,4.259547723827833,-2.284231493804643,0.6969270656723676,1.3887176415979328,0.9888226857381931,0.25,-1.5707963267948966
1.4318702789872977,0.6303408554910472,0.25163545423209616,8.0,6.0,8.483723673025839,0.4337049514014234,2.6606091365671087,3.0,3.0,0.1,0.8726646259971648
3.898016063660407,0.3598921884211359,0.9933275106112852,8.0,6.0,6.9740295626145,-0.05133759923150531,0.5346055148432733,2.289721495087126,3.0,0.25,-1.5707963267948966
2.5615152441964018,6.009282407210493,-1.160204734486515,8.0,6.0,5.438492677405362,1.1584979358811003,0.4004182115389431,2.0259714432934453,2.7666463585250463,0.25,-1.5707963267948966
5.986031547401666,-0.04997967808140835,0.9808412475014018,8.0,6.0,6.376387929953709,0.2686049591807386,2.696212506517334,1.7246693809100582,3.0,0.25,-1.5707963267948966
5.074085376346805,6.157634199690792,-1.6601989592429731,8.0,6.0,2.930157832919547,1.606375805791843,0.06181175162795427,0.09518277802571457,0.08992542731931624,0.25,-1.5707963267948966
0.1631772895018464,-0.13452703107300223,0.9211455358273941,8.0,6.0,9.952296824891476,-0.25699164569140326,3.0,3.0,3.0,1.0,-0.12849582284570163
2.9846208487301773,3.2375745648180096,0.9458697658584545,8.0,6.0,5.725820667461776,-0.4424195043361848,2.500734029610076,0.6487995242567397,0.38767652904755523,0.25,-1.5707963267948966
3.7862758192486936,-0.18614773299670961,2.357278701754953,8.0,6.0,7.4849111715442955,-1.3844482653872763,3.0,3.0,2.5204567813958834,0.5,1.2217304763960306
5.874160889273762,3.8854040601693214,-2.8098190709262534,8.0,6.0,2.9984509189649433,-2.690619485839467,1.3980643762757332,2.5194270064421427,2.4210735552904463,0.25,-1.5707963267948966
-0.2014488334416834,4.235316860060266,2.5413500858879847,8.0,6.0,8.389151897060245,-2.329414076922296,3.0,3.0,3.0,1.0,-1.164707038461148
4.01753364823897,0.046944512528090954,0.09831931089966614,8.0,6.0,7.162325591581844,0.8828755939380258,3.0,0.8487748578082406,3.0,0.5,-1.2217304763960306
-0.3988981783228618,4.022303350883307,-2.6754579666722114,8.0,6.0,8.628602125823306,2.9067161962611667,3.0,3.0,3.0,1.0,1.4533580981305834
2.269828654408906,0.09272637973455389,1.6182891119324576,8.0,6.0,8.22986909218593,-0.8176738106690266,3.0,3.0,3.0,1.0,-0.4088369053345133
4.209160281099209,6.760700826404303,-1.384180228015639,8.0,6.0,3.866410676801938,1.1861422904843733,1.1307301194511366,1.2914721598676826,1.435935382167894,0.25,-1.5707963267948966
2.9229724991525936,2.413348548986816,-0.6762754045455098,8.0,6.0,6.21613037792933,1.2913152016491192,1.4910273886771614,0.6120480356735447,3.0,0.25,-1.5707963267948966
4.510154686949325,-0.22703229516523393,-2.733722264623931,8.0,6.0,7.1382737068602635,-2.4894859401681972,3.0,3.0,3.0,1.0,-1.2447429700840986
6.615955463376798,0.781457689859014,2.910686900394936,8.0,6.0,5.398959448087025,-1.5991387679788804,1.6615211610481782,3.0,0.8743752500333729,0.25,1.5707963267948966
-0.4560217317566505,1.2074307380043532,0.963923190711936,8.0,6.0,9.719723435312666,-0.44830046073830115,1.6247506556861964,3.0,3.0,0.1,0.8726646259971648
3.8134588544766084,6.882621469221592,2.2913210623831324,8.0,6.0,4.278568384529011,-2.499101891871096,3.0,1.7599354615939484,3.0,0.5,-1.2217304763960306
1.777121651642318,2.876668922115755,1.7203767075151026,8.0,6.0,6.96271584660299,-1.255201469583552,3.0,0.09952286715363601,0.9423228259524569,0.1,0.0
5.393552922894342,2.2390425532213323,0.04132453289877764,8.0,6.0,4.57584607282987,0.9234406790166071,0.17136480807929982,1.8837118412077498,0.16667333822787223,0.25,-1.5707963267948966
4.513686620162076,3.8787827004996833,-0.9227913689070145,8.0,6.0,4.080924382310501,1.469394652720367,1.8976753992556783,2.2517456472579145,0.3585524084466034,0.25,-1.5707963267948966
1.1078092701280218,-0.09186168058386102,-3.079427517240401,8.0,6.0,9.198536394030262,-2.4799211278784354,3.0,3.0,3.0,1.0,-1.2399605639392177
4.370970270258397,-0.4198375854753751,0.02994944071589624,8.0,6.0,7.374562455036279,1.026345298476428,3.0,2.7169525874792373,3.0,0.5,-1.2217304763960306
0.8187675331339692,5.095618359178864,-2.973403844507036,8.0,6.0,7.237955919693426,3.098681148095493,3.0,3.0,0.1213105746611276,0.5,1.2217304763960306
7.230526139846825,6.277547251430636,0.21434120649402147,8.0,6.0,0.8179990820506636,-0.5605140718039671,3.0,3.0,3.0,0.4089995410253318,-0.28025703590198353
3.052594646529397,6.041036754321706,-2.264986346876398,8.0,6.0,4.947575542298959,2.256691935904674,0.5197027017399237,0.34757023367875073,2.3339996395667226,0.25,-1.5707963267948966
3.7919852229542492,6.801060149185956,0.07064885203970923,8.0,6.0,4.283583281138494,-0.25876338232693696,2.1815508426607004,3.0,1.1962823130069862,0.25,1.5707963267948966
1.7799304990630365,1.2295537110952912,-0.9227608454300007,8.0,6.0,7.838776842837849,1.5770183462158391,3.0,2.3348702885008956,3.0,0.5,-1.2217304763960306
5.003170148075832,-0.6589106868055365,-0.29295175275003854,8.0,6.0,7.302196977364882,1.4408541854449395,3.0,3.0,3.0,1.0,0.7204270927224697
6.062007321985346,0.8623679677865876,1.754871109473335,8.0,6.0,5.4909997740360295,-0.5447860933973573,0.6519426550907493,2.542697792525983,3.0,0.25,-1.5707963267948966
4.772635866796878,3.367477396731914,0.32596128187244244,8.0,6.0,4.164859482023772,0.3582726563027682,1.8258010763368504,2.892006252156036,3.0,0.25,-1.5707963267948966
0.4206607223209584,1.9199992837365762,2.4341398318589307,8.0,6.0,8.607716870975619,-1.9403193651433144,3.0,3.0,0.8031707332123945,0.5,1.2217304763960306
1.8033114097577085,-0.5120037799447061,-2.7226860507850894,8.0,6.0,8.98916807688304,-2.750295196111445,3.0,3.0,3.0,1.0,-1.3751475980557224
2.9571095960023683,0.984461025638887,-1.4754716007935789,8.0,6.0,7.112409917184661,2.258150516364884,3.0,3.0,3.0,1.0,1.129075258182442
6.745829422100728,3.42551468910977,2.043210753685961,8.0,6.0,2.8637245772695668,-0.9257324491348033,0.2858808504622813,3.0,0.12907018366203227,0.25,1.5707963267948966
6.9672197010370365,4.963346608502397,1.6522282178216479,8.0,6.0,1.4633131585650112,-0.864958485390455,0.9580602583520172,3.0,3.0,0.1,0.8726646259971648
7.8451035822712445,5.480143037450834,-2.791071366499957,8.0,6.0,0.5424427727751986,-2.210901511822763,3.0,1.219258839027958,1.0481833391478035,0.1,0.0
4.224541443376099,3.853874506690298,-1.7715328666684094,8.0,6.0,4.342803466174637,2.2884239245290026,0.18327237620051084,0.35071255949587266,0.27888318644982907,0.25,-1.5707963267948966
3.1917495050192306,-0.21155906766072707,-1.4771979068089864,8.0,6.0,7.855109093674066,2.3892585070608376,3.0,3.0,3.0,1.0,1.1946292535304188
-0.9230115073506895,2.9243433034384756,-1.5090467793069728,8.0,6.0,9.438209495207053,1.8409816599920843,3.0,3.0,3.0,1.0,0.9204908299960421
0.969776053289988,-0.7598038978539492,1.915077010060729,8.0,6.0,9.75289687622792,-1.1492861597870268,3.0,3.0,3.0,1.0,-0.5746430798935134
1.4472622645227378,1.3391664820071822,0.9742654508702565,8.0,6.0,8.041252446751873,-0.3560088408336129,3.0,1.0269799870082474,3.0,0.5,-1.2217304763960306
1.2688814170804168,-0.04856017600382323,2.089141256093274,8.0,6.0,9.049477199267631,-1.357102062665254,3.0,3.0,3.0,1.0,-0.678551031332627
0.5189860509574511,1.1309264024517702,1.7358456788090464,8.0,6.0,8.925998398168714,-1.1588679236466224,3.0,3.0,1.7180878809095588,0.5,1.2217304763960306
-0.827363345007557,0.4076715328264475,1.1833729664400108,8.0,6.0,10.449712020411983,-0.6186689626775883,3.0,3.0,3.0,1.0,-0.30933448133879415
1.678032972545748,0.892220005440973,0.1503300134691853,8.0,6.0,8.127526288424798,0.5292346280006355,2.3504362253296884,2.747153718276097,3.0,0.25,-1.5707963267948966
1.5309262235242858,5.500355029166075,1.7242253144503925,8.0,6.0,6.488340359627058,-1.6471424114940805,3.0,3.0,0.6308677203434032,0.5,1.2217304763960306
6.772903919435516,0.3691117645386397,-2.2650000976272024,8.0,6.0,5.763043216148381,-2.661956538259326,3.0,3.0,3.0,1.0,-1.330978269129663
0.8008779358924165,1.6022265803243396,2.018680514322839,8.0,6.0,8.43609919007158,-1.4703020559113813,3.0,3.0,0.7411192504431456,0.5,1.2217304763960306
7.345397652645305,1.6830538748604384,2.751800559678338,8.0,6.0,4.366294548071597,-1.331493320769061,0.9149778546387539,3.0,3.0,0.1,0.8726646259971648
0.9900341385919806,5.933887383371984,-1.177555510990384,8.0,6.0,7.010277616199182,1.1869864636999283,3.0,1.5207500420973337,0.309618818112925,0.1,0.0
6.8713029207662455,5.173369942724691,1.9095199097369262,8.0,6.0,1.3990262142868475,-1.2773942453641274,0.6805176174179406,1.5188811171938532,3.0,0.25,-1.5707963267948966
7.339775815252702,1.9215765374882192,2.690392660737726,8.0,6.0,4.131517144305687,-1.2800862790347665,2.9718010711651095,2.4862336325052956,1.7286961212427037,0.25,-1.5707963267948966
1.1073648056292136,4.605027971353621,-0.4375732204982798,8.0,6.0,7.032379887590303,0.6372618381141073,1.1200220750159195,1.2696906704229884,1.2075982389392583,0.25,-1.5707963267948966
7.49048829281257,-0.7777093926770036,0.9323766144312615,8.0,6.0,6.796833585673782,0.5633862267223085,3.0,3.0,3.0,1.0,0.28169311336115427
-0.5067414844482993,-0.02701136183457109,-2.317280399636659,8.0,6.0,10.425426448779765,2.933687138545039,3.0,3.0,3.0,1.0,1.4668435692725195
3.6778279024127745,0.4788971731695453,-0.7342648718568688,8.0,6.0,7.0116865350354045,1.6408680160710756,3.0,3.0,3.0,1.0,0.8204340080355378
6.649972785883099,1.9809231119823423,-0.03677052326303117,8.0,6.0,4.23975854390954,1.2835037646914413,1.137752691320754,1.0779304349650756,3.0,0.25,-1.5707963267948966
4.0100056150811785,0.8631619589968089,1.0535934521388852,8.0,6.0,6.504395456241973,-0.14319417978078489,0.10758513355049226,1.638598709875516,0.10130890101312734,0.25,-1.5707963267948966
7.360873773034539,5.964392161641202,0.3842435167367224,8.0,6.0,0.640117373727422,-0.32858774265545987,3.0,3.0,3.0,0.320058686863711,-0.16429387132772993
-0.7341615549801817,3.7741230076363568,-1.6798882305204605,8.0,6.0,9.013329376741295,1.92942377589496,3.0,3.0,3.0,1.0,0.96471188794748
5.429637858172891,3.754835828253861,1.4541678547176886,8.0,6.0,3.4128468612333855,-0.7361984513428045,3.0,3.0,3.0,1.0,-0.36809922567140224
0.6651723094938706,6.389639976486167,-1.3376729563618157,8.0,6.0,7.345169607346833,1.2846009416966435,0.6665508659108319,2.0180096218966153,0.6124053124243145,0.25,-1.5707963267948966
4.852747448252875,6.528199489935776,-1.7521645005169277,8.0,6.0,3.191268294212695,1.585885352211651,0.4838724513497047,0.5480184908606331,1.7237151456901967,0.25,-1.5707963267948966
2.685017906941601,0.44850176225569083,2.0262068335772856,8.0,6.0,7.685581782351263,-1.2190464437066693,2.45199078013802,3.0,2.2778928068457795,0.25,1.5707963267948966
0.07153489547808523,-0.7493250490214685,-0.46727619083821936,8.0,6.0,10.412201857963106,1.1725115224198648,3.0,3.0,3.0,1.0,0.5862557612099324
7.045570081099276,0.34489968079136357,0.3241440897779345,8.0,6.0,5.735075944606702,1.079454569235817,3.0,1.7638390799087158,3.0,0.5,-1.2217304763960306
-0.7238813117722465,1.6726502483914576,0.9858485765222569,8.0,6.0,9.73817544587463,-0.5253780613793885,3.0,3.0,3.0,1.0,-0.26268903068969424
1.6423854915672313,1.9492410141315588,-3.09831403112926,8.0,6.0,7.538428921163133,-2.6175820035952664,3.0,3.0,0.5718993482918147,0.5,1.2217304763960306
7.195535502289877,-0.5526892114602342,-0.02657630642864409,8.0,6.0,6.60188602068101,1.4752153069102494,3.0,3.0,3.0,1.0,0.7376076534551247
5.545620619812064,6.875553530829591,1.7912793016466015,8.0,6.0,2.6058726229882914,-2.1339380431758976,3.0,3.0,3.0,1.0,-1.0669690215879488
0.363844000075364,6.332042565676104,2.4233416039393205,8.0,6.0,7.643371685362801,-2.466797176494098,3.0,3.0,3.0,1.0,-1.233398588247049
3.548137700569135,0.9888793664654552,2.2122352749371976,8.0,6.0,6.703014839378586,-1.3678061927797571,3.0,3.0,1.3733619778784376,0.5,1.2217304763960306
0.22627044007857844,4.9772070628576035,-1.2025554801993765,8.0,6.0,7.840725518921349,1.3333745033721278,1.4232553460945787,2.075641799575582,3.0,0.25,-1.5707963267948966
2.843099548571138,0.1399546154557374,1.4080811507339066,8.0,6.0,7.806007569485551,-0.5589454944175876,2.8367289693863618,2.7193576864664917,1.4753647502349987,0.25,-1.5707963267948966
0.05607207963022498,2.208023828965426,-2.6172562054649036,8.0,6.0,8.802560655043765,3.062614255949196,3.0,3.0,3.0,1.0,1.531307127974598
7.58743711385655,0.7404278465749945,0.33768980575022867,8.0,6.0,5.275728136675236,1.1548264191181026,3.0,1.3086349950659262,3.0,0.5,-1.2217304763960306
0.47824948091569053,4.402819743675619,-2.873367612109991,8.0,6.0,7.689454833896711,3.0826014078072004,3.0,3.0,3.0,1.0,1.5413007039036002
4.991839378347736,2.230609969371514,-0.3793554340305521,8.0,6.0,4.822585564680088,1.2766011515613103,0.5478819380309335,3.0,3.0,0.1,0.8726646259971648
1.194874482970933,4.3981408204407915,3.038615452168191,8.0,6.0,6.991114799061608,-2.8074338392053075,3.0,3.0,0.9248639951161748,0.5,1.2217304763960306
0.08066612653255256,4.687238493661904,2.6908825586293164,8.0,6.0,8.027402554498684,-2.5266096933456357,3.0,3.0,3.0,1.0,-1.2633048466728178
4.297845777714641,-0.0314562581366582,0.12671410881722792,8.0,6.0,7.07703401711488,0.8935718203858853,3.0,2.158972534147373,3.0,0.5,-1.2217304763960306
7.868308493792455,3.1190871957894197,-1.8498492904522945,8.0,6.0,2.8839211567363767,-2.9082196199114443,0.03759876861645883,0.0345332344733017,1.6819122097740125,0.25,-1.5707963267948966
2.6866199128110093,3.580991480672971,2.621204665412807,8.0,6.0,5.838117005294878,-2.193979044391828,0.07581732065677899,1.090093202730377,0.05949672345433116,0.25,-1.5707963267948966
7.702594538012065,-0.6248972074373871,-0.5154352486362747,8.0,6.0,6.631569423442082,2.041369608990181,3.0,3.0,3.0,1.0,1.0206848044950905
3.727846616175447,0.13117621792253686,-0.942985224920896,8.0,6.0,7.25908996500261,1.8845487709143427,3.0,3.0,3.0,1.0,0.9422743854571713
2.339495419922754,5.435448139545654,1.5458146642614028,8.0,6.0,5.68858777766661,-1.4464081436690754,0.7150666849689902,0.8952324308261769,3.0,0.25,-1.5707963267948966
7.6758629657382915,4.4549585542822845,0.6020474430594243,8.0,6.0,1.5786759914451935,0.7619560989113513,3.0,3.0,3.0,0.7893379957225968,0.38097804945567565
5.552982622390626,4.7347536876582295,1.550637798707563,8.0,6.0,2.7547671911101137,-1.073438261180195,0.5614857940446957,0.34950139674019154,1.575402922948519,0.25,-1.5707963267948966
1.59376815739446,5.8752410942032265,3.1366105759874072,8.0,6.0,6.407446543342268,-3.1171384213103974,0.969090835801146,3.0,3.0,0.1,0.8726646259971648
4.350069409314525,0.39137420289998026,-1.8950489470263745,8.0,6.0,6.69168713021742,2.888928294247784,3.0,3.0,3.0,1.0,1.444464147123892
6.355032057771053,3.7184534814068275,3.01314044860381,8.0,6.0,2.8127164889952136,-2.067017635929689,3.0,3.0,1.638444558066975,0.5,1.2217304763960306
-0.9493660221587756,6.140715370818749,-0.04136934572366365,8.0,6.0,8.95047222296984,0.02564713971412382,2.7953029951575665,3.0,3.0,0.1,0.8726646259971648
4.966731824363886,-0.532007441324458,-0.6612364928919826,8.0,6.0,7.201932868254531,1.7972932829388486,3.0,3.0,3.0,1.0,0.8986466414694243
6.215056049405497,5.313484761412167,-0.7347948512227409,8.0,6.0,1.912414201886511,1.101967872207135,1.2416096287066927,3.0,2.976210709082908,0.25,1.5707963267948966
6.976512689434863,5.598822312836968,-0.315078325693939,8.0,6.0,1.099304239765015,0.6886443362985976,3.0,3.0,2.882669794917569,0.5,1.2217304763960306
5.361632603157647,3.484636978965929,-3.064836917040579,8.0,6.0,3.645275524333702,-2.4568127530852166,0.806133971216749,3.0,2.195590186371858,0.25,1.5707963267948966
2.9425589208465164,1.5022528126492203,2.8716916528596426,8.0,6.0,6.768119386537962,-2.1448015046514786,3.0,3.0,3.0,1.0,-1.0724007523257393
3.7263857313689694,5.298695144071458,-1.7346451528551712,8.0,6.0,4.330774459377409,1.897296581660553,0.20374550064193708,3.0,0.08803945134263547,0.25,1.5707963267948966
1.22079738994683,3.957768359319635,-2.9021037018189855,8.0,6.0,7.080134045507029,-3.088478842197247,3.0,0.30487687502042193,3.0,0.5,-1.2217304763960306
1.8488131592557648,4.992482867698966,2.6129232196702947,8.0,6.0,6.233152518719973,-2.4505725056600256,1.1022344038547622,3.0,3.0,0.1,0.8726646259971648
7.624941115626672,-0.10241910660613662,-0.5049059159544436,8.0,6.0,6.113933931554953,2.0143187661149677,3.0,3.0,3.0,1.0,1.0071593830574839
0.15572646010258828,6.821931070160495,0.9451581806872912,8.0,6.0,7.88721738338876,-1.0495582523572768,3.0,3.0,3.0,1.0,-0.5247791261786384
6.333099158775891,4.58148167170381,0.95283629445152,8.0,6.0,2.1887788061350237,-0.2477669363136859,3.0,1.358449425667508,3.0,0.5,-1.2217304763960306
1.651653435913456,3.8780898307802127,-1.4778439354366217,8.0,6.0,6.693579525484685,1.80041576733324,3.0,3.0,0.39437658925408126,0.5,1.2217304763960306
1.7118070165158583,4.124888040013396,-0.40134428429067315,8.0,6.0,6.561814982154251,0.6911449150657929,0.4239620329479283,0.9042151448135035,3.0,0.25,-1.5707963267948966
5.484184691956441,6.771207212077524,0.9357381980979063,8.0,6.0,2.63136603841934,-1.2331874786007295,3.0,3.0,0.4039556970632747,0.5,1.2217304763960306
-0.28902688947066846,2.0306833306819314,1.9960483705694245,8.0,6.0,9.190399425253187,-1.5494520719741114,3.0,3.0,3.0,1.0,-0.7747260359870557
2.8932089039003155,-0.9586002082762066,2.2230069665114796,8.0,6.0,8.631421213092585,-1.2853161413429601,3.0,3.0,3.0,1.0,-0.6426580706714801
0.04821152599639289,6.994614437573448,-1.5114480804065862,8.0,6.0,8.01375054607555,1.3870137310834831,1.3493457900327699,3.0,3.0,0.1,0.8726646259971648
7.420244578774534,1.9089223791122194,1.4692848883792018,8.0,6.0,4.131952619351914,-0.039263347535077785,0.34208488927795916,3.0,0.22990466963571576,0.25,1.5707963267948966
2.4046238217087277,1.0959925202877567,-0.8079684741362917,8.0,6.0,7.44026370081485,1.527613061069749,3.0,1.6159269465755393,3.0,0.5,-1.2217304763960306
2.6071112476823544,0.4060923879442626,-2.6762211673085567,8.0,6.0,7.77013844581223,-2.803271614162647,3.0,3.0,3.0,1.0,-1.4016358070813235
0.10515244099458121,4.982926032446502,-2.0106310067521824,8.0,6.0,7.960091546923868,2.138752885902651,3.0,1.4898399944190566,3.0,0.5,-1.2217304763960306
-0.10385100441956296,2.995441242514227,2.1048609601810244,8.0,6.0,8.642903125051003,-1.7498154385594316,3.0,3.0,2.1778533894701875,0.5,1.2217304763960306
-0.40642304250875216,5.159906649919541,-2.5123002131124186,8.0,6.0,8.448295994250646,2.611904209983555,3.0,3.0,3.0,1.0,1.3059521049917775
-0.7102155439128968,0.3635234232017508,-1.2188895570176386,8.0,6.0,10.374860144706393,1.7932311875063345,3.0,3.0,3.0,1.0,0.8966155937531672
0.7211426099152956,1.9462653061503579,2.2748672637181904,8.0,6.0,8.331538265729263,-1.7667274100774504,3.0,3.0,0.3998468032870752,0.5,1.2217304763960306
5.870182250611891,6.840532261301398,2.641901090490241,8.0,6.0,2.289676424278564,-3.017786779964544,3.0,3.0,3.0,1.0,-1.508893389982272
1.1013981100867758,-0.8827364724214215,3.030840108168859,8.0,6.0,9.744884267363794,-2.246593168989681,3.0,3.0,3.0,1.0,-1.1232965844948406
0.825373536178339,3.985875771159173,-2.7549188637631525,8.0,6.0,7.451977006444247,3.0286032486069616,3.0,0.39983086509775523,3.0,0.5,-1.2217304763960306
1.0077544837262211,5.873156799480509,0.8821561451424603,8.0,6.0,6.993395924539722,-0.8640175816249674,0.7758142871064593,3.0,3.0,0.1,0.8726646259971648
5.410967622495756,2.0091203950812933,-1.9350370402309867,8.0,6.0,4.757121889622062,2.9303463356905137,3.0,3.0,0.8214910887301428,0.5,1.2217304763960306
1.9783882999853755,1.2799737408027987,-2.082223125531989,8.0,6.0,7.651042762477814,2.747037189617179,3.0,3.0,3.0,1.0,1.3735185948085895
1.0639173306560359,5.944456334813971,-1.6970712760453495,8.0,6.0,6.936305060672864,1.7050790349775418,2.300177447757286,2.020519800855735,0.3180339879936795,0.25,-1.5707963267948966
4.292647491222735,5.763101216876375,-1.010057980723856,8.0,6.0,3.714913681067507,1.073870940836813,0.21270160495536977,0.15639768506768947,2.1416627031691777,0.25,-1.5707963267948966
-0.7580123006479056,1.5468444096714489,-1.314319513860911,8.0,6.0,9.825139905872813,1.7847173350352261,3.0,3.0,3.0,1.0,0.8923586675176131
1.8983805560979508,4.769076351380643,0.1645655152293074,8.0,6.0,6.2245427837660445,0.034499874013091514,0.4261690146453678,3.0,0.6468238726904074,0.25,1.5707963267948966
-0.41154260279586063,-0.082868744359204,-1.7133022642392,8.0,6.0,10.380527015510912,2.3394015896038387,3.0,3.0,3.0,1.0,1.1697007948019194
2.738345939604018,6.723873103313079,-1.5701370646484645,8.0,6.0,5.311214147535536,1.4334200994647004,1.074329426258761,3.0,0.33761353326710664,0.25,1.5707963267948966
5.011272070384756,-0.08188370011094293,-2.745792009076143,8.0,6.0,6.7765628440188905,-2.4233528977629946,3.0,3.0,3.0,1.0,-1.2116764488814973
4.734512803424206,1.7304179600380776,1.06479113795983,8.0,6.0,5.37519650124215,-0.14691720947343878,3.0,0.8201457349348817,0.7988993402788904,0.1,0.0
3.7919654908295044,-0.01758709670890468,-2.466970475245515,8.0,6.0,7.3429496046784415,-2.8556673572434588,3.0,3.0,3.0,1.0,-1.4278336786217294
2.2978602254833564,2.3379094309633865,1.2225057659604,8.0,6.0,6.776821182822491,-0.6516115040109037,1.4983208047009091,3.0,1.1328674677571429,0.25,1.5707963267948966
6.682448550405678,-0.6926877455509386,-2.4625969838202004,8.0,6.0,6.821144411444154,-2.444170673378564,3.0,3.0,3.0,1.0,-1.222085336689282
1.042995389553833,1.4011488688533609,0.35101035903717054,8.0,6.0,8.339624984147544,0.23308601753077252,2.8213326638099283,2.6419853139072393,3.0,0.25,-1.5707963267948966
-0.9411471900861695,0.4095478474029175,-1.6939793516782202,8.0,6.0,10.545011538412993,2.2527584118109787,3.0,3.0,3.0,1.0,1.1263792059054893
0.7451959937443731,4.744543557662477,-0.1947364888917377,8.0,6.0,7.362632141278653,0.36609116262072083,1.7808843918868702,3.0,3.0,0.1,0.8726646259971648
7.834257005879692,5.0545151405682915,2.949247369308737,8.0,6.0,0.9599022656054947,-1.551987264790964,2.276324695394695,0.992392618203473,1.3112164013198013,0.25,-1.5707963267948966
6.381565638191825,0.6494290106062497,2.48961800004263,8.0,6.0,5.58998566152217,-1.2125510537346398,2.761873264634331,3.0,0.9304217010241197,0.25,1.5707963267948966
1.277177783003483,0.693631527317141,0.08002959971177553,8.0,6.0,8.564688256394659,0.5881569282615456,2.8183151968485456,3.0,3.0,0.1,0.8726646259971648
6.298978476552952,3.540297846218621,2.424358743758865,8.0,6.0,2.990586716439915,-1.4585986864990617,3.0,1.744157572500569,2.366179867321547,0.1,0.0
1.2972267551866397,1.262829489393499,-2.167704341578707,8.0,6.0,8.207798341695883,2.7829447154159115,3.0,3.0,3.0,1.0,1.3914723577079557
0.9555392875441382,5.3437477391773,0.9689306255755893,8.0,6.0,7.074962456378766,-0.8760401010537433,1.0889655639069717,3.0,3.0,0.1,0.8726646259971648
-0.08590313315407394,5.898329774140802,-1.961409096908913,8.0,6.0,8.086542296530522,1.9739821968693185,3.0,0.49434056368806095,3.0,0.5,-1.2217304763960306
2.2188643821704277,1.2738419662635252,-0.8740469703664957,8.0,6.0,7.467134577037536,1.5593761889702693,3.0,1.7954842019973953,3.0,0.5,-1.2217304763960306
-0.7170137504795195,2.3754437337062297,2.2784573708217053,8.0,6.0,9.440536894349732,-1.8844027930406027,3.0,3.0,3.0,1.0,-0.9422013965203013
2.828062673374874,1.4210242831923434,0.08444146984457629,8.0,6.0,6.907673582737711,0.6402206057721297,1.3016530860892408,1.273377305707053,3.0,0.25,-1.5707963267948966
2.185658139783285,5.475164555606947,-2.6177756483169663,8.0,6.0,5.837981116033146,2.7077973483335938,3.0,2.2130802710733573,3.0,0.5,-1.2217304763960306
3.846458560512435,0.33153536695991814,-1.8293613038299308,8.0,6.0,7.027332195475512,2.7677912231544406,3.0,3.0,3.0,1.0,1.3838956115772203
-0.8265794036023247,5.25287161619794,1.1765899747504038,8.0,6.0,8.858143416652242,-1.0921459751797835,3.0,3.0,1.0323630931394705,0.5,1.2217304763960306
3.702338633738318,-0.003481058627762934,-0.6951275206347902,8.0,6.0,7.383202424447033,1.6446316680398605,3.0,3.0,3.0,1.0,0.8223158340199302
-0.07248956420498376,6.318263313253162,-0.6643962552549159,8.0,6.0,8.078761000349079,0.6249909933137983,0.6810353573422891,1.5841625765428937,3.0,0.25,-1.5707963267948966
5.835440555196914,6.94268398667323,0.7266957123769346,8.0,6.0,2.3609258117984937,-1.137433358595095,3.0,3.0,0.11698334769620733,0.5,1.2217304763960306
5.47657384321055,1.1402086609590194,-1.0846863513657412,8.0,6.0,5.475879055255594,2.1765572544685443,3.0,3.0,3.0,1.0,1.0882786272342722
6.905169245822083,2.5796424498665242,-1.644431060360556,8.0,6.0,3.591308974600885,2.905440548946054,3.0,3.0,0.5877749004994993,0.5,1.2217304763960306
-0.7883140012672036,0.6101398173550647,-0.9395047347059848,8.0,6.0,10.309464378585846,1.4896452351077167,3.0,3.0,3.0,1.0,0.7448226175538584
6.408112466754429,4.225138968981309,1.2842145956562538,8.0,6.0,2.3841639201052014,-0.4445226030733456,1.781349825732665,3.0,0.27503351328647146,0.25,1.5707963267948966
2.3314019435742956,3.217982511316425,-2.5043237044004854,8.0,6.0,6.314477431478756,2.9605657191174437,0.8691386581733129,3.0,0.7188071369030253,0.25,1.5707963267948966
7.132089684804649,0.9436087915517648,3.1159960602997647,8.0,6.0,5.130337256759549,-1.7151894112308894,2.17486304866078,3.0,1.054359812967657,0.25,1.5707963267948966
0.269908081646407,1.7016538267605519,-2.743233445479615,8.0,6.0,8.844778170830388,-3.032472784145348,3.0,3.0,3.0,1.0,-1.516236392072674
-0.8429815570036505,2.065073174014728,-1.959226158712545,8.0,6.0,9.67894477426983,2.3778954347092967,3.0,3.0,3.0,1.0,1.1889477173546483
4.307409954462801,3.6807241711433942,2.9307371506590356,8.0,6.0,4.360534556074393,-2.369919490936204,1.439699132527882,0.05660093193926696,1.2304338155801147,0.25,-1.5707963267948966
-0.7969187531274313,-0.8719840127231198,3.1007664933154913,8.0,6.0,11.16288241540899,-2.437606475191444,3.0,3.0,3.0,1.0,-1.218803237595722
-0.36639625873333537,6.7012503158617855,0.17665399618878458,8.0,6.0,8.395733342814276,-0.26027602418848805,3.0,3.0,3.0,1.0,-0.13013801209424403
2.3757401968955896,5.375787779816002,-1.8399208529879003,8.0,6.0,5.6587930894001675,1.950454157195127,2.5686957676781037,0.03308114374622051,3.0,0.25,-1.5707963267948966
0.339991437250863,2.668583250220543,2.686720554731057,8.0,6.0,8.353087377856241,-2.2764858145589857,3.0,3.0,3.0,1.0,-1.1382429072794928
7.798308034760138,0.22737403032375525,-1.7468881576146233,8.0,6.0,5.776148390980181,-3.000425994408396,3.0,3.0,3.0,1.0,-1.500212997204198
3.039625956453601,5.8640898078808465,1.9838511252141176,8.0,6.0,4.962235608292971,-1.956458796271004,3.0,0.7478995891319149,3.0,0.5,-1.2217304763960306
5.735675706155873,-0.3807528933619464,-0.7665225760333497,8.0,6.0,6.77061090255817,1.9963140355485762,3.0,3.0,3.0,1.0,0.9981570177742881
-0.5328592020459094,6.148069939537619,-2.9160765430534368,8.0,6.0,8.534143827527998,2.8987253743219736,3.0,3.0,3.0,1.0,1.4493626871609868
1.2674528409504293,0.5456181024719067,-1.7460872539402075,8.0,6.0,8.66472579675252,2.4269874410802768,3.0,3.0,3.0,1.0,1.2134937205401384
3.1381256661681185,0.9275215961735706,1.5595928938987476,8.0,6.0,7.026226526042177,-0.7529983290825909,3.0,2.281200112970329,3.0,0.5,-1.2217304763960306
5.1023114753754015,1.6489366916154564,0.1822192752939884,8.0,6.0,5.227652503687609,0.8010551763933115,0.4809705172349041,2.568273560305804,3.0,0.25,-1.5707963267948966
-0.8226923039616509,4.504584251353591,-1.414481281309544,8.0,6.0,8.948528803757847,1.5823820713471692,3.0,1.6740604571517146,3.0,0.5,-1.2217304763960306
0.17983889436602718,0.30112214069078114,2.0574178280817437,8.0,6.0,9.676369596775187,-1.4276613951360082,3.0,3.0,2.120805893899373,0.5,1.2217304763960306
4.992350133285236,0.47534184573504046,0.03734274735030402,8.0,6.0,6.290294543360878,1.034916331169423,3.0,1.4018727261868673,3.0,0.5,-1.2217304763960306
7.149506480467675,0.04728963987562995,2.6683128523134885,8.0,6.0,6.01316055484123,-1.2394310844959555,2.417851717480726,3.0,2.136325109320267,0.25,1.5707963267948966
4.402066737000019,6.015819436901155,0.7721369798102239,8.0,6.0,3.5979680403785634,-0.7765337636874543,3.0,3.0,0.28520021580864885,0.5,1.2217304763960306
1.9641675111058388,0.2584275414600681,-1.4769236874334442,8.0,6.0,8.330481866654207,2.237341914817057,3.0,3.0,3.0,1.0,1.1186709574085285
0.5243598138605585,-0.35321563125328304,-0.7555689821619745,8.0,6.0,9.810634283766978,1.4599792830024316,3.0,3.0,3.0,1.0,0.7299896415012158
5.117315870732943,2.683143026820437,-0.7260780194316552,8.0,6.0,4.3944747091840295,1.581395084774959,0.6193130167675662,2.3821109341126476,3.0,0.25,-1.5707963267948966
5.17607075788773,2.967601982094064,1.893622746931742,8.0,6.0,4.143671572827247,-1.072642421025746,3.0,0.5728141221315984,3.0,0.5,-1.2217304763960306
6.725421385630032,2.079778138974725,1.1512584140001951,8.0,6.0,4.122219072765267,0.10518915727498594,3.0,3.0,0.7439354183517399,0.5,1.2217304763960306
7.261020319146054,3.182444297281555,-0.2826828457717036,8.0,6.0,2.9128527437267113,1.5969796029484098,0.5022751231788892,3.0,0.4457238008706732,0.25,1.5707963267948966
0.5073624510239818,1.8569467046858437,-0.9004502365341601,8.0,6.0,8.56180518629914,1.4055554358914328,3.0,3.0,3.0,1.0,0.7027777179457164
4.060359284995697,3.7998246135074556,1.5932037011541582,8.0,6.0,4.512376391065714,-1.0838800573594178,3.0,0.9088962930008074,1.5403350911287506,0.1,0.0
6.725079908819755,5.582143678890848,-3.0280483565471275,8.0,6.0,1.3416501570774404,-2.938418891425963,1.1341767877717643,3.0,0.35301917733163385,0.25,1.5707963267948966
2.706469947059514,2.768797520348638,-2.205399590993835,8.0,6.0,6.201784411432666,2.753435444545893,3.0,3.0,1.1475546122705134,0.5,1.2217304763960306
1.1601907533407392,6.9993552888950585,2.5933365739564946,8.0,6.0,6.912430941725787,-2.7384186440163,3.0,3.0,3.0,1.0,-1.36920932200815
4.282047575564977,4.9777748625803415,-1.3505416107891932,8.0,6.0,3.8559194055289723,1.6188548644826337,3.0,3.0,3.0,1.0,0.8094274322413169
6.730057838843609,5.531742252536427,2.283973437789499,8.0,6.0,1.3535207463287084,-1.9307166161296274,0.3547073857165469,1.1440264660376023,0.31635828117904286,0.25,-1.5707963267948966
5.974507374263919,5.61352497432721,-0.2522366291162279,8.0,6.0,2.06203378303558,0.4407758440418543,3.0,0.40951964507071054,1.4147843109412923,0.1,0.0
-0.43286953025559627,1.406667346228259,1.6961966032075002,8.0,6.0,9.602707606842925,-1.1974362933185205,3.0,3.0,1.45462683371414,0.5,1.2217304763960306
0.7635049171382038,1.3914190443542633,0.7320041514957086,8.0,6.0,8.579386895869863,-0.16492695968154264,3.0,0.9352383774166811,3.0,0.5,-1.2217304763960306
-0.3458644251766153,-0.9085152091741078,2.763579697573361,8.0,6.0,10.83425287681705,-2.072129500139374,3.0,3.0,3.0,1.0,-1.036064750069687
-0.8272643390358141,4.830958842049072,2.257990875440055,8.0,6.0,8.90433899513022,-2.126321820943324,3.0,3.0,3.0,1.0,-1.063160910471662
-0.601329250853862,0.8759264507562641,2.8878471515165054,8.0,6.0,10.0119425996983,-2.350572957254279,3.0,3.0,3.0,1.0,-1.1752864786271395
5.011947058711793,1.9720870947247242,0.36343612874442216,8.0,6.0,5.015231076672761,0.5691042136291027,0.5535992316473596,3.0,0.6350163378742696,0.25,1.5707963267948966
6.13529634366998,-0.6244535094064547,-2.9419760834723685,8.0,6.0,6.881896833302432,-2.044800816421866,3.0,3.0,3.0,1.0,-1.022400408210933
3.841025455988417,-0.47925634280840157,-1.7612586892155477,8.0,6.0,7.699209830466971,2.761401656743091,3.0,3.0,3.0,1.0,1.3807008283715454
1.2734612577869195,2.294913358535034,-0.5854127674497787,8.0,6.0,7.679452485122599,1.0888824185645662,3.0,2.1283938697182427,3.0,0.5,-1.2217304763960306
1.8868625733726203,4.31209929101284,2.6234530528838786,8.0,6.0,6.341881266645709,-2.3540548221812343,1.5909247768818278,3.0,3.0,0.1,0.8726646259971648
0.07579553383551518,3.613085449997179,-1.8072307955785023,8.0,6.0,8.275891341154518,2.099804823229707,3.0,0.48514902256600767,3.0,0.5,-1.2217304763960306
2.506923657290691,5.6515188260844145,-0.9401480133461189,8.0,6.0,5.504119078963159,1.0035031851613991,0.1170887874724571,0.17811940574815538,0.1873121109296515,0.25,-1.5707963267948966
2.8375959758886,3.2273973670547322,-2.5283255084462453,8.0,6.0,5.859841351809501,3.0211920452629397,3.0,3.0,1.3246001654208455,0.5,1.2217304763960306
0.49522526379802567,1.395408437577684,-0.07416721639180261,8.0,6.0,8.804766169403148,0.6244940064978591,3.0,3.0,3.0,1.0,0.31224700324892957
6.319519755300105,3.888672392628723,-0.4889720180365707,8.0,6.0,2.6984658823996166,1.3875107762351726,0.2739537531761849,0.19191430529098258,3.0,0.25,-1.5707963267948966
5.789347962062115,0.29712605476546106,-0.07904648021024144,8.0,6.0,6.116351336219485,1.2800383285669967,3.0,2.5620306068770313,3.0,0.5,-1.2217304763960306
1.2232391259907365,1.7268681899179423,0.8831183121706491,8.0,6.0,8.011500696488639,-0.3205331602627555,3.0,0.5957266780616971,3.0,0.5,-1.2217304763960306
7.974826624762414,-0.2055886803878355,-3.0478128324812865,8.0,6.0,6.205639738897069,-1.668632690876754,3.0,3.0,2.688884570871788,0.5,1.2217304763960306
6.957941357383116,5.295421182803738,0.42232188318035213,8.0,6.0,1.2579020328683101,0.17221138561279878,3.0,3.0,3.0,0.6289510164341551,0.08610569280639939
4.676241225433224,2.373004751884096,-1.0608695005668929,8.0,6.0,4.919600280649331,1.8898664321357752,3.0,0.8753079803535964,0.6995781612546634,0.1,0.0
2.668609970629538,1.9963763286823868,-2.346026212947261,8.0,6.0,6.667287465439412,2.9901370029196928,3.0,3.0,3.0,1.0,1.4950685014598464
4.474731389717592,0.6630291915465003,0.9570071122888469,8.0,6.0,6.396153233383896,0.030041989315444176,0.045226556757150704,0.03855269017576479,3.0,0.25,-1.5707963267948966
5.3043902994918435,0.966374615010162,2.9954263905722556,8.0,6.0,5.709964638584705,-1.9162886729205844,0.3430037460294644,3.0,1.7303259394969817,0.25,1.5707963267948966
3.658245486805411,-0.9630230259361889,-1.6548607757534786,8.0,6.0,8.205761507170626,2.668105144105477,3.0,3.0,3.0,1.0,1.3340525720527385
3.171804787301161,2.958485157621501,0.7107603541972494,8.0,6.0,5.706336964142294,-0.14861040281802956,0.17405749702553158,1.4022868366201175,0.13043635928775144,0.25,-1.5707963267948966
2.9048727008466764,0.0864656911637054,1.8311348229936977,8.0,6.0,7.805780564194807,-0.9715310650306264,3.0,3.0,2.5935773229982106,0.5,1.2217304763960306
-0.8134390060699256,3.9203950805647736,0.9323655068152985,8.0,6.0,9.055465959002554,-0.7006455031998071,1.6676068892831815,3.0,3.0,0.1,0.8726646259971648
5.955755884505052,2.68853430144215,-2.7229300639055585,8.0,6.0,3.8916242208698604,-2.5425186739893957,3.0,0.2182930385022978,1.3704006679798368,0.1,0.0
2.5326494464969973,1.6494595576527713,-0.8998097882970563,8.0,6.0,6.98706835628423,1.5719422689876157,3.0,1.5577485130238369,3.0,0.5,-1.2217304763960306
-0.7962955881558245,6.122622497835012,1.2347687573645225,8.0,6.0,8.797150240344024,-1.2487080974469729,3.0,3.0,3.0,1.0,-0.6243540487234864
6.95174810075689,2.9807788139650544,-1.2061689732077918,8.0,6.0,3.1960176179847712,2.442793500244427,3.0,0.5532932377509975,1.1082995811696947,0.1,0.0
3.6335085404012606,1.022384294902552,-2.2629514723317876,8.0,6.0,6.621397569575588,3.1136587247794685,3.0,3.0,3.0,1.0,1.5568293623897342
0.980930237205802,3.931398541852471,-1.4796665241348947,8.0,6.0,7.317544145929143,1.7662645649240174,0.2323658111953495,3.0,0.3612765422251751,0.25,1.5707963267948966
1.3193979696877305,1.9153457429655152,2.361591403361829,8.0,6.0,7.830379549352787,-1.8128170715300573,0.5524185296691693,3.0,0.4605084442069455,0.25,1.5707963267948966
6.991253798151648,0.26618751617340575,2.411426574863181,8.0,6.0,5.821870360926046,-1.0147775568910262,3.0,3.0,3.0,1.0,-0.5073887784455131
1.7420245274090056,-0.15814740707920283,1.6652081444988558,8.0,6.0,8.779808454793692,-0.8878500041780423,2.670414864282221,3.0,3.0,0.1,0.8726646259971648
1.1005818717661184,-0.9936987181475603,3.1006528496917634,8.0,6.0,9.824143335091419,-2.308468653776401,3.0,3.0,3.0,1.0,-1.1542343268882005
4.761984146627409,2.8230503266119698,2.3798940537995597,8.0,6.0,4.5362711442254575,-1.6040149338438814,0.09758364129848796,0.0852735923341712,2.15174479373384,0.25,-1.5707963267948966
2.645461203160956,2.933348551680112,-2.652372143907235,8.0,6.0,6.1705297043557765,-3.1106940537611467,3.0,3.0,1.0306657266222181,0.5,1.2217304763960306
3.9478629773164524,1.4668764018598468,0.6905967546011791,8.0,6.0,6.0802157861886625,0.15076759404159418,3.0,0.8374098162961255,0.1227532865294817,0.1,0.0
-0.532393517996873,0.07063232882681802,1.27966823952361,8.0,6.0,10.390338787831162,-0.6723569081711981,2.934882057322185,3.0,3.0,0.1,0.8726646259971648
3.9436712848664044,4.2875799103776835,0.7888639199162981,8.0,6.0,4.402974586408542,-0.38940115997427,1.0138462329444216,3.0,2.6539481834729632,0.25,1.5707963267948966
0.27307987987782356,6.510721828715745,2.89692676389388,8.0,6.0,7.743780170503013,-2.962927191959212,3.0,3.0,3.0,1.0,-1.481463595979606
7.905663929388286,5.59235202964259,2.8071278062308407,8.0,6.0,0.41842103431229927,-1.4637438605443769,1.048444922157469,3.0,3.0,0.1,0.8726646259971648
3.4264072297520043,6.138399793695611,0.4363042786708183,8.0,6.0,4.575686323488502,-0.4665556760621572,3.0,3.0,1.1002166678221101,0.5,1.2217304763960306
4.772476573536025,2.7526263621980975,-2.9759217472513937,8.0,6.0,4.578465137124506,-2.5187996876935235,0.1277429786522718,3.0,0.11763893261473335,0.25,1.5707963267948966
7.480581619461509,1.684458407143631,1.0531775211927732,8.0,6.0,4.346687784246128,0.3978350520780871,0.36762997082951754,1.8829596811267297,3.0,0.25,-1.5707963267948966
4.821992773287327,4.7901502879129,0.8775409864235327,8.0,6.0,3.400509705746362,-0.5137872922372774,0.15014552424388816,0.14167799064430586,3.0,0.25,-1.5707963267948966
4.429637180206998,0.615411057098699,0.6931907377600779,8.0,6.0,6.460749859650595,0.29209667819563956,0.13405918067606815,0.08884804298071097,3.0,0.25,-1.5707963267948966
0.5145090474101917,3.5998732320696574,1.2403203743912916,8.0,6.0,7.86086403033659,-0.9300395363059257,3.0,3.0,2.1677850351638392,0.5,1.2217304763960306
6.294780642362365,5.734570426220979,-1.2891558597633783,8.0,6.0,1.7257537241155296,1.443573821732233,1.4019701794763109,3.0,3.0,0.1,0.8726646259971648
6.926105625659524,-0.7880923255290835,-2.949321168043179,8.0,6.0,6.872513844813044,-1.9199701243120217,3.0,3.0,2.717411639289994,0.5,1.2217304763960306
3.7768228453140322,5.221580578288856,2.292587861931439,8.0,6.0,4.294317416768185,-2.1103128921590697,2.029468339592174,0.11554821191226372,3.0,0.25,-1.5707963267948966
-0.29915996571635606,3.7929015378027753,2.8566345737099037,8.0,6.0,8.587627132006983,-2.59670849280245,3.0,3.0,3.0,1.0,-1.298354246401225
2.1885191055848634,3.7232396915646815,1.67419371840874,8.0,6.0,6.241550102996743,-1.3008027720627353,0.029832614687513664,2.18422978698872,0.016904912034161945,0.25,-1.5707963267948966
3.979175905107282,6.414167851345397,1.9929124027813183,8.0,6.0,4.042098639464147,-2.0955561142502823,3.0,3.0,3.0,1.0,-1.0477780571251412
2.1929887319603805,5.387716533349809,1.096559300889975,8.0,6.0,5.8392012219714,-0.9915087899543614,3.0,0.6431855213996907,0.3173970722642043,0.1,0.0
3.297418961848293,2.633096178458044,-0.25031687286685445,8.0,6.0,5.783624275823751,0.8716803016846082,0.13195170984011334,0.09276707013141039,1.448831159763069,0.25,-1.5707963267948966
5.090364171593666,1.5468102912291268,-0.271418543468017,8.0,6.0,5.319481105920824,1.2634655301988382,3.0,0.5176881227736116,3.0,0.5,-1.2217304763960306
3.376277506680389,4.085164816000663,0.6257354067755345,8.0,6.0,5.004538288105256,-0.23310525439619265,1.5775753433642268,0.37138502669125134,3.0,0.25,-1.5707963267948966
4.098248301790776,3.961310993947322,-0.6590229734398385,8.0,6.0,4.402262961009782,1.1405129156838436,2.3867761021462455,2.5055460931861933,0.2762789774735801,0.25,-1.5707963267948966
5.7331042511812536,3.8528985846582664,1.847018245309732,8.0,6.0,3.122316579684863,-1.088753070468393,1.2420059815575184,2.3285984507671578,2.3615887491745005,0.25,-1.5707963267948966
4.877214451711368,2.391007292334807,1.8234080000312556,8.0,6.0,4.772485510148865,-0.9659093697890436,0.7459913586560936,0.36943109097270965,3.0,0.25,-1.5707963267948966
6.120766150962243,0.4441699277745439,0.17578438370628138,8.0,6.0,5.865046261609023,1.0688470811942448,3.0,2.284234664948926,3.0,0.5,-1.2217304763960306
7.993245173132975,0.97907500959123,-0.8709012608823613,8.0,6.0,5.020929534159717,2.44035225334052,3.0,3.0,3.0,1.0,1.22017612667026
7.432089477775762,1.3395484900317571,0.682021375554726,8.0,6.0,4.694926052454743,0.767515392488279,0.9168489089260256,0.8105414652349028,3.0,0.25,-1.5707963267948966
6.698010982040402,-0.36445754500630034,1.2532623451625586,8.0,6.0,6.496267793516138,0.1157462773021673,2.635163756429489,2.193931180470367,3.0,0.25,-1.5707963267948966
1.384718498793461,6.507093072520462,-1.9230145120547162,8.0,6.0,6.634688592873345,1.8465093262606225,3.0,2.3456920805497607,3.0,0.5,-1.2217304763960306
0.2120365314080881,3.8678322184863196,2.1557250329648316,8.0,6.0,8.074559705435778,-1.888495891105858,3.0,3.0,1.25912081101495,0.5,1.2217304763960306
1.2163649514457946,6.939564924772487,0.4531399498838764,8.0,6.0,6.8483930027296,-0.5907689760653991,3.0,3.0,0.41041727265621286,0.5,1.2217304763960306
7.543756387105175,4.287793530692879,0.08964954850056767,8.0,6.0,1.771950684371459,1.2207323925926619,3.0,3.0,3.0,0.8859753421857295,0.6103661962963309
7.775813220869686,0.6237263679769063,-1.7982100207779015,8.0,6.0,5.380945816334115,-2.955854102823712,3.0,3.0,3.0,1.0,-1.477927051411856
0.6161772793392029,-0.15071007682249782,0.9070003397750939,8.0,6.0,9.609998564998458,-0.2124599564298491,3.0,3.0,3.0,1.0,-0.10622997821492455
-0.04324246515137309,6.9158481075446705,2.551386236782266,8.0,6.0,8.095216310223432,-2.664763462439153,3.0,3.0,3.0,1.0,-1.3323817312195765
7.383310785368776,3.1637792725966722,1.1030944638803775,8.0,6.0,2.9024909305620126,0.25360095043699915,3.0,0.4248177569331426,3.0,0.5,-1.2217304763960306
6.131220035534202,5.874923224131427,2.2320599824530127,8.0,6.0,1.8729609594037102,-2.1652300105308733,0.08113799195069696,0.7634405487878102,0.028165935705636747,0.25,-1.5707963267948966
1.7336065674518322,3.8614380288185117,0.3722691648917677,8.0,6.0,6.621263773334095,-0.043388426682331255,0.3933625345124372,3.0,1.7320939965481283,0.25,1.5707963267948966
1.3662185208018012,2.3057096543388935,3.0549170908313914,8.0,6.0,7.593078286953052,-2.546799012498474,0.19165609671967165,3.0,0.0871751749617028,0.25,1.5707963267948966
6.616162827298871,2.5531076139527453,1.3192301732040435,8.0,6.0,3.714306454984563,-0.13021014176456266,0.9970292585075695,2.7690685179752976,3.0,0.25,-1.5707963267948966
1.5600437830980978,4.873622568513723,-1.6636686033310544,8.0,6.0,6.537718424173305,1.8368216225370098,1.3321298482905761,0.9084205660166078,3.0,0.25,-1.5707963267948966
4.427689536870302,3.613258284491068,-0.34478140880519303,8.0,6.0,4.29627025005835,0.9337913588421992,3.0,3.0,0.10848531758761953,0.5,1.2217304763960306
2.037909793596037,2.4862183254135477,1.5105592043992782,8.0,6.0,6.920489959963646,-0.9780044272367551,1.387163288947593,0.5252715996319518,3.0,0.25,-1.5707963267948966
1.6514573617945971,1.4261437936266876,-0.3584939681367359,8.0,6.0,7.8245865210688095,0.9828183684920346,3.0,2.2619492197056643,3.0,0.5,-1.2217304763960306
-0.4756963207937768,-0.7833541397810384,-0.9172431101889116,8.0,6.0,10.855934851867973,1.5921852469692372,3.0,3.0,3.0,1.0,0.7960926234846186
3.092314005609307,-0.009458701738190634,1.0033373344080747,8.0,6.0,7.758799888348419,-0.1173583990605898,3.0,3.0,3.0,1.0,-0.0586791995302949
7.280761011215793,6.732752301139588,-0.18220586645387554,8.0,6.0,1.026757350990335,-0.6124987730328814,3.0,3.0,3.0,0.5133786754951675,-0.3062493865164407
5.110338504837563,0.679889878884457,-2.0125672399245476,8.0,6.0,6.054231186320889,3.0857883397851658,3.0,3.0,3.0,1.0,1.5428941698925829
3.5675339318435517,1.2372976188969211,-0.5461281615626874,8.0,6.0,6.506157807517677,1.3674250083136943,0.6033572594775997,0.4683008486350237,3.0,0.25,-1.5707963267948966
5.626053377454332,5.198572122244067,-0.9058624320774143,8.0,6.0,2.505575624470425,1.231441818649167,1.4259477073091968,3.0,3.0,0.1,0.8726646259971648
1.8178187718317917,1.2823558211933817,1.4475207155846974,8.0,6.0,7.776601528671978,-0.7956859720999329,2.574832140654449,1.2908300105341843,2.077179440425173,0.25,-1.5707963267948966
-0.9476432976165196,-0.5600357697496845,-1.753078276242583,8.0,6.0,11.094791114832994,2.385713048385711,3.0,3.0,3.0,1.0,1.1928565241928555
5.840677957551464,-0.04116724461433208,0.5655587758780306,8.0,6.0,6.415479199592594,0.6619549169123528,3.0,1.6192178437529914,3.0,0.5,-1.2217304763960306
7.89248041551552,4.800919372375575,-2.435924279531014,8.0,6.0,1.203891528582164,-2.3658938826497966,0.6997185553669696,1.7600253839753948,2.5616247394926575,0.25,-1.5707963267948966
-0.7875981132525691,3.705825718917824,-2.038257021159365,8.0,6.0,9.082131700873921,2.2936266446036035,3.0,3.0,3.0,1.0,1.1468133223018018
1.158939080308604,2.160014472881759,-3.079760923204147,8.0,6.0,7.845100595620584,-2.6919360669211625,3.0,3.0,0.21143902628198608,0.5,1.2217304763960306
7.3358430259849285,5.581664955075653,2.9853158976646683,8.0,6.0,0.784925917488212,-2.4232195364067977,1.8913492202561693,3.0,0.5475811287378697,0.25,1.5707963267948966
3.983422041724195,1.482466952732918,0.7776495244514045,8.0,6.0,6.0449154938722875,0.0663816811342379,3.0,0.8176325316627774,0.10346523412700981,0.1,0.0
5.7606386993866865,6.092851341641033,2.3247516692731045,8.0,6.0,2.2412854361569146,-2.366191246811453,3.0,3.0,3.0,1.0,-1.1830956234057266
4.2259268310087394,5.441405699830871,-2.6636384485828497,8.0,6.0,3.81518752842913,2.8105799944465213,0.6130227134365734,1.9305902323060062,2.0710350606651167,0.25,-1.5707963267948966
6.729596288175272,0.5221620794888615,-1.101798205672572,8.0,6.0,5.6232227302862405,2.4447062272279743,3.0,3.0,3.0,1.0,1.2223531136139871
0.7207443750946405,0.40535166362829855,-2.0209541900160586,8.0,6.0,9.180830706443887,2.6762372170389956,3.0,3.0,3.0,1.0,1.3381186085194978
1.7256277478317417,0.4331079435320202,-2.1020891381052764,8.0,6.0,8.387969618873525,2.827811227757438,3.0,3.0,3.0,1.0,1.413905613878719
5.56953535237256,2.8283022391983703,-0.23631180668500001,8.0,6.0,3.9958509843637624,1.1532578399990625,1.89426946890825,1.4003755833229738,0.4354637337896383,0.25,-1.5707963267948966
7.549261035566664,6.378729456087264,0.19757420101214287,8.0,6.0,0.5887288127538782,-0.8963754354921777,3.0,3.0,3.0,0.2943644063769391,-0.44818771774608884
7.392308370137851,-0.07880155001668765,0.4721330931429068,8.0,6.0,6.109101194242063,0.9990252877278294,3.0,2.0810218383488257,3.0,0.5,-1.2217304763960306
2.9480538318112695,2.7423404386702632,-2.508486067020352,8.0,6.0,6.011198375016403,3.0812200844401727,3.0,3.0,1.2657879217906265,0.5,1.2217304763960306
7.840134657807608,3.920236340487463,-1.1346004802626861,8.0,6.0,2.085898800772288,2.6286805918748555,0.9638448006878914,3.0,3.0,0.1,0.8726646259971648
3.9370959173536253,6.368660500903218,-0.508307570370872,8.0,6.0,4.079595586539282,0.41781720092445573,0.8020541555443851,2.1015292655687383,3.0,0.25,-1.5707963267948966
1.2759193207299568,3.8634540598773315,2.207943094582619,8.0,6.0,7.0553589232290195,-1.9002866289494549,1.5832309838720993,3.0,2.336069300324887,0.25,1.5707963267948966
2.949652125078553,3.917962907524773,0.26764636316330126,8.0,6.0,5.462681769256404,0.12338082762431424,3.0,0.466989750609159,0.7244934167964496,0.1,0.0
6.988125003313519,3.3196563022001095,1.162121864602863,8.0,6.0,2.8649840047118684,0.04769903798709002,0.20162816042089182,0.2019919050980548,3.0,0.25,-1.5707963267948966
1.7523881341360954,5.623561701494317,1.2683920868846423,8.0,6.0,6.258942388220658,-1.2082116930814988,0.4110187563515153,3.0,3.0,0.1,0.8726646259971648
7.790627452878793,3.514523712906854,1.668412502949907,8.0,6.0,2.4942793021613183,-0.18165616589293637,3.0,0.4354219314461793,3.0,0.5,-1.2217304763960306
4.3116591069029555,-0.8130441974634994,1.9981273760848144,8.0,6.0,7.747349855291354,-0.9235202229009123,3.0,3.0,3.0,1.0,-0.46176011145045615
-0.28621954674659533,4.011355332913484,1.6587964262152755,8.0,6.0,8.52151054618939,-1.423256925515418,3.0,3.0,1.4586194079379424,0.5,1.2217304763960306
3.910528679883912,3.9419206843058685,2.274219706752767,8.0,6.0,4.578150952921937,-1.807965162753637,0.695956202016313,1.0147187296197573,3.0,0.25,-1.5707963267948966
0.7302381268129527,1.3880699215702474,-1.7855646651665302,8.0,6.0,8.609258780009409,2.3508943201084764,3.0,3.0,3.0,1.0,1.1754471600542382
2.2591487079674684,5.208888307471292,-1.4572690409246636,8.0,6.0,5.795104077347293,1.5942104513521307,0.8417078421202735,0.07629413605413893,1.9308983828966628,0.25,-1.5707963267948966
-0.8153591291598794,2.205193176471129,-1.079448003385144,8.0,6.0,9.59745358957071,1.4859483156564315,3.0,3.0,3.0,1.0,0.7429741578282157
6.645982226839909,3.222839771950566,0.2930332012142679,8.0,6.0,3.0896574344566092,0.8241211608696818,3.0,0.3552745667723354,0.934886397010956,0.1,0.0
3.4028435400482673,1.8820116791526464,2.7972706368119433,8.0,6.0,6.171845374595118,-2.0667982601921233,1.9820865808962447,3.0,1.9104633957423802,0.25,1.5707963267948966
0.4323935099731906,3.5624987285801923,1.4120158793816662,8.0,6.0,7.950476742690911,-1.100412129530872,1.6035117722926453,3.0,2.3115877777342826,0.25,1.5707963267948966
5.562245700996513,4.262825219529266,1.381842973674312,8.0,6.0,2.993396438865645,-0.7627021420331753,1.8844694110495146,0.7851118207043009,3.0,0.25,-1.5707963267948966
4.601208736130301,3.4858079332103546,-1.0476587358142748,8.0,6.0,4.2276404534994425,1.6845553785513994,1.8136974150225946,2.9423645729167833,0.09285676474844906,0.25,-1.5707963267948966
4.257103931027209,0.6529531629073713,2.7518100945623933,8.0,6.0,6.52688140394739,-1.791735123564937,3.0,3.0,0.16457846908514098,0.5,1.2217304763960306
1.6705602664692032,5.6285757739415025,-0.558481316453044,8.0,6.0,6.3403283271532205,0.617096103487462,0.7818354760028654,3.0,3.0,0.1,0.8726646259971648
6.286136790083658,-0.7903892619419226,2.1791829769816315,8.0,6.0,7.0033358787795486,-0.8556185607825827,2.2767812660823283,3.0,3.0,0.1,0.8726646259971648
4.167883080456244,0.5201661113377556,-1.0848846326231723,8.0,6.0,6.6868303053378515,2.0454164819862295,3.0,3.0,3.0,1.0,1.0227082409931147
1.3450903510987127,-0.6578712047774973,-2.47428087791622,8.0,6.0,9.413557851017055,-3.023283806271645,3.0,3.0,3.0,1.0,-1.5116419031358226
7.20146318791239,3.330259152145252,1.7300080600494372,8.0,6.0,2.7866067600153475,-0.4498485916022917,0.2018852511169924,0.2917120487828963,3.0,0.25,-1.5707963267948966
7.8417691318304765,3.841750091720786,2.5307852822257977,8.0,6.0,2.164042438176506,-1.0331724551985453,0.42636250329263026,0.4030396763005988,3.0,0.25,-1.5707963267948966
6.605795551557892,5.374032568318093,-1.9814352630502197,8.0,6.0,1.5282804944061168,2.403439151322597,3.0,0.9418514636255688,3.0,0.5,-1.2217304763960306
7.7099771718903405,4.617997227802434,1.743711986628938,8.0,6.0,1.4121065480998534,-0.37977080158062204,3.0,3.0,3.0,0.7060532740499267,-0.18988540079031102
4.405306857292667,-0.5568705167554651,0.4765588881271115,8.0,6.0,7.477591173882416,0.5927518208850874,3.0,1.4722093569238444,3.0,0.5,-1.2217304763960306
6.25690356956706,-0.8036464633637461,-1.4766646397287635,8.0,6.0,7.023388809131249,2.796655271146722,3.0,3.0,3.0,1.0,1.398327635573361
7.0671290941090295,2.5071910318022095,0.6590928558450913,8.0,6.0,3.615240326089091,0.6507121571195037,0.5684550842842941,1.04216254621498,0.3365860528849901,0.25,-1.5707963267948966
-0.9527837766504318,-0.29517861240484766,-2.7750664550826043,8.0,6.0,10.94447856745741,-2.895279775732311,3.0,3.0,3.0,1.0,-1.4476398878661556
2.00630911740618,-0.1854943219891627,1.3984104708956064,8.0,6.0,8.613052327917696,-0.5972651469219248,3.0,3.0,2.437874845175706,0.5,1.2217304763960306
-0.7607065436468035,4.575851361648071,-0.05537652004691198,8.0,6.0,8.875707210584155,0.21652779038183956,3.0,1.1857796880109852,1.6989676071667383,0.1,0.0
3.871622203951876,-0.5661199571912396,0.6487444150040277,8.0,6.0,7.756122389385578,0.36076816522548605,3.0,1.5125592893227096,3.0,0.5,-1.2217304763960306
5.974062924878104,-0.43729135843870104,2.000456845560494,8.0,6.0,6.748565852518818,-0.7345655716925945,3.0,3.0,3.0,1.0,-0.36728278584629726
6.221245632346587,0.03863793524102377,-2.1361198426083536,8.0,6.0,6.221077460343466,-2.8662395177902096,3.0,3.0,3.0,1.0,-1.4331197588951048
-0.6979898685028287,2.1378095483133386,1.6713579829030254,8.0,6.0,9.516908260442436,-1.2534776752682126,3.0,3.0,3.0,1.0,-0.6267388376341063
2.9029258173678456,6.026209978027914,2.86063865946784,8.0,6.0,5.097141570155126,-2.865780775528792,0.54278517995983,3.0,3.0,0.1,0.8726646259971648
-0.030121562447737227,2.484328852364987,-2.6859216968837933,8.0,6.0,8.766002277321252,3.0985926845393017,3.0,3.0,3.0,1.0,1.5492963422696509
2.9844835388022215,1.9115752568142872,-2.0370378599246624,8.0,6.0,6.4707512897065556,2.720951755520694,3.0,3.0,3.0,1.0,1.360475877760347
7.731438187120899,4.417845652644259,-1.3876461031940324,8.0,6.0,1.6047859128848243,2.7903007208782977,1.3407653372000987,3.0,0.41808371617476725,0.25,1.5707963267948966
3.2114994389514813,1.1815328019973403,-2.681091143003298,8.0,6.0,6.793185096947497,-2.8135767501977385,3.0,3.0,3.0,1.0,-1.4067883750988692
4.082607174065308,-0.9945088842212879,0.4741006379857088,8.0,6.0,8.01680242267047,0.5861564485099048,3.0,1.799187018447519,3.0,0.5,-1.2217304763960306
5.6910231993335625,3.65446659353914,3.085383935508756,8.0,6.0,3.29133723991324,-2.292131915846416,2.8413387091585367,1.4104367461250567,3.0,0.25,-1.5707963267948966
5.888868144091909,4.688776382777609,2.650236012153847,8.0,6.0,2.4851931690296656,-2.094446237547397,0.644480803378983,3.0,3.0,0.1,0.8726646259971648
6.92135221925492,1.3097183908269185,-2.5438451687723993,8.0,6.0,4.812714681783403,-2.394588509734714,3.0,3.0,3.0,1.0,-1.197294254867357
4.470005889172219,5.137965840593099,2.010248984162339,8.0,6.0,3.6337255419834857,-1.7707339841474063,3.0,1.0274253182353172,0.05259333382178338,0.1,0.0
7.148660477484816,-0.9305618840992729,-1.9580364788292821,8.0,6.0,6.982654725240684,-2.8765786436960923,3.0,3.0,3.0,1.0,-1.4382893218480461
1.602451357789331,-0.5460748186870727,-2.461259577935742,8.0,6.0,9.153126469207152,-3.0250532164484323,3.0,3.0,3.0,1.0,-1.5125266082242161
0.10366670771756636,4.941589450501187,0.07311102913366051,8.0,6.0,7.966951258423658,0.060133024595052,2.209857642167183,0.28698813193824346,3.0,0.25,-1.5707963267948966
-0.9354825122103737,0.7901335649112999,2.319781075743314,8.0,6.0,10.343382232011018,-1.7919152664079863,3.0,3.0,3.0,1.0,-0.8959576332039931
-0.8228464046576597,4.8673998516549375,0.13032565596879264,8.0,6.0,8.895246021117789,-0.0026526292587274584,3.0,3.0,1.9891690470756225,0.5,1.2217304763960306
7.19779527869127,3.310339008404598,-0.9066841883910632,8.0,6.0,2.806743426927367,2.1876254462190015,0.5473159564854778,3.0,3.0,0.1,0.8726646259971648
1.7500394962842805,1.996671068023895,2.613986992393037,8.0,6.0,7.422172784003576,-2.044293164116888,0.6525747458505369,3.0,0.6421561445143424,0.25,1.5707963267948966
3.5758474099422806,-0.9586465160913447,1.5129447076461082,8.0,6.0,8.245961889071804,-0.5084604708899179,3.0,3.0,3.0,1.0,-0.25423023544495893
1.2228050656984695,3.8839005182725064,1.0756125281820033,8.0,6.0,7.099876632314796,-0.7729661408080832,3.0,1.4281775256962832,0.9481967771407467,0.1,0.0
6.3033486541185635,4.040365808653982,0.9871428572673572,8.0,6.0,2.592063261838655,-0.12994211126541386,3.0,2.2287116890970973,0.2076271739282735,0.1,0.0
6.82154497140983,-0.4390407162278427,-2.84419769755023,8.0,6.0,6.545991261806681,-2.0492051606853026,3.0,3.0,2.471254644456483,0.5,1.2217304763960306
0.6371815193464387,1.8038578642438203,-1.903796412339446,8.0,6.0,8.474591718927941,2.421796829660161,3.0,3.0,3.0,1.0,1.2108984148300805
0.7555029885040601,5.099795248144569,0.4491147627091317,8.0,6.0,7.300212705451582,-0.32548796677230996,3.0,0.14966049034655143,1.8831547583735417,0.1,0.0
-0.0357899902053721,5.792778822016299,-0.19104244915119117,8.0,6.0,8.038461381588506,0.21682401681781155,0.227362079139598,3.0,0.2569009877487351,0.25,1.5707963267948966
5.8702124061006025,5.889509114818085,-1.1835531046527241,8.0,6.0,2.1326517368844047,1.2353854656518484,1.8028990152482025,3.0,3.0,0.1,0.8726646259971648
5.6084986630491285,3.3936508408878856,-1.6449547236324271,8.0,6.0,3.5372778493980697,2.473314481143937,1.2815765423244347,3.0,3.0,0.1,0.8726646259971648
5.603703738375391,6.331522426119837,-1.9087932884637804,8.0,6.0,2.4191202724330303,1.7713181075350928,0.46152533549260377,2.2732107974396856,0.5556453885904682,0.25,-1.5707963267948966
-0.7212505277150021,6.497708277760584,-1.0349806511123965,8.0,6.0,8.735440704218684,0.9779740307823077,3.0,3.0,3.0,1.0,0.48898701539115386
0.020515788648866273,2.8283242180832397,-1.7775552958631085,8.0,6.0,8.586716225938721,2.155886334010503,3.0,3.0,3.0,1.0,1.0779431670052515
5.5057297900112445,6.366419683806833,1.7878169458769047,8.0,6.0,2.521040909052935,-1.9336782085480229,3.0,3.0,3.0,1.0,-0.9668391042740114
-0.3647279157732517,0.10399635339417213,1.4132912476897346,8.0,6.0,10.23384248978386,-0.7993076633739984,3.0,3.0,3.0,1.0,-0.3996538316869992
3.5956279876514117,3.8353062347582165,-2.8290723929702843,8.0,6.0,4.907585141435266,-2.997298470551443,2.026728959003071,3.0,0.8611278444108388,0.25,1.5707963267948966
0.19877356129567492,0.18065840089820906,-0.7314329751820063,8.0,6.0,9.732618897037732,1.3723384195836088,3.0,3.0,3.0,1.0,0.6861692097918044
2.580159213853577,6.877286326517858,-2.823247539025705,8.0,6.0,5.490382996282817,2.662773677222924,0.20137762098351752,0.23922176263057188,3.0,0.25,-1.5707963267948966
5.371292609407077,1.462513122121794,1.3163108229521117,8.0,6.0,5.243938378001286,-0.27059764146538473,0.5167995727725767,1.4485550834390915,0.33584232365360556,0.25,-1.5707963267948966
2.073523453129212,2.554832354167642,-0.5448727954667408,8.0,6.0,6.855093315812672,1.0714422757901947,2.2872319564573123,1.2775676899426043,3.0,0.25,-1.5707963267948966
5.749880233479811,3.6628888363381344,-0.41299933357493274,8.0,6.0,3.24424529821618,1.2173590388229312,1.9499540049512825,0.8073407496757689,1.3059016982597502,0.25,-1.5707963267948966
-0.31951830492521294,5.887889739910007,2.0428182556599004,8.0,6.0,8.320273645524114,-2.029343500193479,3.0,3.0,3.0,1.0,-1.0146717500967395
1.8248628100587339,0.29077997292212654,0.045367457228728994,8.0,6.0,8.409965079129805,0.7008465354422334,3.0,2.8030148584659087,3.0,0.5,-1.2217304763960306
0.04649428934751354,4.167462997112887,2.4915270646900587,8.0,6.0,8.161889790748965,-2.2650729222562087,3.0,3.0,3.0,1.0,-1.1325364611281044
5.085990477073658,4.436287655563818,-0.769694398510585,8.0,6.0,3.3070602951635926,1.2622061373470546,3.0,1.7264402014929927,3.0,0.5,-1.2217304763960306
0.6299228400824246,6.649721062319708,-0.8676920146158449,8.0,6.0,7.398660338328863,0.7797627118969561,2.951562087222506,0.8790885472571868,0.758041921854185,0.25,-1.5707963267948966
4.182664109240021,-0.137090966340792,2.144028889710856,8.0,6.0,7.227443450628032,-1.1296793387340662,3.0,3.0,0.8747554169394146,0.5,1.2217304763960306
2.5707797656622056,0.739367760936509,2.1218349375408385,8.0,6.0,7.559807134287031,-1.3522063107892415,2.0657346491697823,3.0,3.0,0.1,0.8726646259971648
0.966356580791476,0.3931670134123664,-0.25933780517363825,8.0,6.0,8.994927230837533,0.9323354070897643,3.0,3.0,3.0,1.0,0.46616770354488213
0.5701308581777802,3.664798814473359,1.9727720028152755,8.0,6.0,7.788203903435443,-1.66824893712861,3.0,3.0,2.740501351613659,0.5,1.2217304763960306
-0.7648379848724324,6.781750695984854,-2.0664684513092952,8.0,6.0,8.799631756598423,1.977512151972829,3.0,3.0,3.0,1.0,0.9887560759864145
4.432235494864853,1.8580640133879154,-0.6225557602551782,8.0,6.0,5.466678816365058,1.482290595967804,0.36888348137026367,1.083230887298016,0.161932484944952,0.25,-1.5707963267948966
2.6838415837322853,-0.5838267770708754,2.7134573491027902,8.0,6.0,8.4621696589781,-1.8219325334552783,3.0,3.0,3.0,1.0,-0.9109662667276391
5.086658571449436,-0.13062310530696486,-0.1742839769770329,8.0,6.0,6.787643032646359,1.3014595726002083,3.0,3.0,3.0,1.0,0.6507297863001041
7.632447325376047,5.5978391904965825,-2.1302130159936215,8.0,6.0,0.5448194979290532,2.960543277388564,1.2991310704222836,2.6042698216513167,2.2476046297271033,0.25,-1.5707963267948966
0.6262851268556435,4.615346046365555,1.6831795555697555,8.0,6.0,7.502595391046074,-1.4975588002813436,0.4940997775420349,3.0,1.8402268264745034,0.25,1.5707963267948966
3.7728044395669063,0.27555000288361153,0.7075678978279493,8.0,6.0,7.116074063388539,0.2271631671125179,0.7094791451737139,2.0340211462970976,3.0,0.25,-1.5707963267948966
3.4864082003255987,1.7456715860315892,2.558222970241486,8.0,6.0,6.202565693967858,-1.802385735321687,2.1449559180942845,3.0,2.6083555830333367,0.25,1.5707963267948966
2.88257960881938,-0.19237050994666838,-1.0953956346285065,8.0,6.0,8.033271064300543,1.975555108964175,3.0,3.0,3.0,1.0,0.9877775544820875
5.216340840087212,1.7264962477721175,0.017844455772839857,8.0,6.0,5.1001561386757714,0.9756097207859665,0.3610135651324544,0.4091393035505264,3.0,0.25,-1.5707963267948966
4.831586792640219,2.830775785461686,-0.4573013443866678,8.0,6.0,4.481386434418247,1.2428274745831165,0.9709608032506849,2.1406340293658097,3.0,0.25,-1.5707963267948966
2.7959894450525193,0.8347628956988267,2.3836812547049537,8.0,6.0,7.3322165952496485,-1.6020223471541901,2.1797758126794053,3.0,2.831050982414186,0.25,1.5707963267948966
6.60505815148897,2.1748422140710506,-1.937553658888989,8.0,6.0,4.071571545236584,-3.124523916066016,3.0,3.0,0.13137417710460397,0.5,1.2217304763960306
7.714750414347424,6.673003832386971,-0.6485627888047644,8.0,6.0,0.7309592906055142,-0.5213412445074425,3.0,3.0,3.0,0.3654796453027571,-0.26067062225372123
0.6639828208854941,3.908740281186631,2.008411831973568,8.0,6.0,7.62827079119472,-1.7307102919579556,3.0,3.0,2.55836358667343,0.5,1.2217304763960306
-0.8534748481425647,3.3153946107547956,2.237245349127295,8.0,6.0,9.251547058879256,-1.9428313876548944,3.0,3.0,3.0,1.0,-0.9714156938274472
3.890885049121361,1.0020697590529304,-1.9923638689128869,8.0,6.0,6.4702497921569915,2.875050371382528,3.0,3.0,3.0,1.0,1.437525185691264
6.913840641868237,0.6241407675131372,2.133895575885577,8.0,6.0,5.484487636850998,-0.7624592857022726,1.1527190844569781,1.9822760715596834,3.0,0.25,-1.5707963267948966
6.357333863899572,5.338395945635136,0.5407410591770458,8.0,6.0,1.7708958070544794,-0.15785562637991962,3.0,0.47632084051075996,3.0,0.5,-1.2217304763960306
2.588346553553068,0.5273960320426276,-0.3797062699104508,8.0,6.0,7.6964528982216045,1.1707042534971244,3.0,1.5409043035439365,3.0,0.5,-1.2217304763960306
0.15880060078526226,3.284800992565618,2.699878483491827,8.0,6.0,8.297994557013052,-2.3665273985491426,3.0,3.0,3.0,1.0,-1.1832636992745713
1.5422921479900165,2.403461969087684,-0.9493981629819769,8.0,6.0,7.391689692466131,1.4575518686065592,3.0,3.0,3.0,1.0,0.7287759343032796
0.761819403364808,-0.7930043903782593,1.3845974886865993,8.0,6.0,9.926538520411055,-0.630916312777278,3.0,3.0,3.0,1.0,-0.315458156388639
5.169563129160087,1.810672873205661,-0.09201869208028873,8.0,6.0,5.055871305235622,1.0686323824099058,0.38542396268774276,0.44085364131314353,3.0,0.25,-1.5707963267948966
3.1537323834009747,0.14958920735090864,2.2762619433201343,8.0,6.0,7.596947824912408,-1.397263785183788,2.8982781413823333,3.0,2.57634025518066,0.25,1.5707963267948966
1.309219337261983,4.368763071235398,2.94236606258736,8.0,6.0,6.8867611977354315,-2.703227681286554,3.0,3.0,0.9929679436203402,0.5,1.2217304763960306
-0.9118275762459375,3.6200849418251915,1.7184598829604845,8.0,6.0,9.224134996457106,-1.4574984366316701,3.0,3.0,1.9512647657942517,0.5,1.2217304763960306
-0.30058948604391766,-0.23673419325023115,0.185577763478748,8.0,6.0,10.382516034809647,0.4587934296065678,3.0,3.0,3.0,1.0,0.2293967148032839
5.69724837989445,3.710594816865618,2.1930449252195023,8.0,6.0,3.247158929966519,-1.4105531084396776,1.4956883878447433,2.8772092535920017,2.270324684033829,0.25,-1.5707963267948966
2.254902272745545,2.9485845205815018,2.4357581910901094,8.0,6.0,6.505173658230742,-1.9475148826458824,3.0,0.56332457639244,0.7995041075041693,0.1,0.0
0.3805389359006579,2.158588931104587,1.0736701666915005,8.0,6.0,8.533031460598167,-0.6067018168977595,0.34979163462726326,3.0,0.5291899442541443,0.25,1.5707963267948966
1.2878563933039944,-0.9156362792286465,-1.9787150588406857,8.0,6.0,9.637369814606759,2.7790443080036797,3.0,3.0,3.0,1.0,1.3895221540018399
1.9771014381087433,5.2888254397438015,0.6710924406071715,8.0,6.0,6.064740418351586,-0.5535582099924139,3.0,0.7193803467595834,0.37019058368270463,0.1,0.0
7.43271278091372,-0.7760252800593408,2.363468042206696,8.0,6.0,6.799730390606816,-0.8761966979664453,3.0,3.0,3.0,1.0,-0.43809834898322264
5.532045401325602,3.4541684353232798,-1.4383087127707228,8.0,6.0,3.545709838216098,2.239238193517996,1.0835418057621276,3.0,3.0,0.1,0.8726646259971648
7.810484065249041,-0.30041559823335984,2.791105508413266,8.0,6.0,6.303265264923153,-1.2503800245236385,3.0,3.0,3.0,1.0,-0.6251900122618193
3.488638179142943,6.582303986659905,2.3840521780251627,8.0,6.0,4.548787026402392,-2.5124174386467972,3.0,0.9920211154100154,3.0,0.5,-1.2217304763960306
5.032036868616464,0.4380340054416294,-0.09866354789676533,8.0,6.0,6.304305740831075,1.1792812336408374,3.0,3.0,3.0,1.0,0.5896406168204187
2.851509349026995,3.4349386414785856,-0.785881045432715,8.0,6.0,5.752086209032003,1.2481005825534475,0.6347698038057004,0.5997829371504876,3.0,0.25,-1.5707963267948966
0.7189089756111782,0.5788783814387566,3.1384703131177956,8.0,6.0,9.077601341140044,-2.498467637817101,3.0,3.0,3.0,1.0,-1.2492338189085506
6.065171146188917,-0.9220921338885262,-2.2897800856876733,8.0,6.0,7.187414152779936,-2.6951678371301586,3.0,3.0,3.0,1.0,-1.3475839185650793
3.015533181639423,3.139599834675697,-0.24258671396931983,8.0,6.0,5.746894689232169,0.7635659499638372,0.29649587101473596,0.46174410899822854,2.0062498855146784,0.25,-1.5707963267948966
3.600855966253528,0.3295508642541449,0.29456227320707984,8.0,6.0,7.176800236228406,0.6164233178072018,3.0,0.8697204067502915,3.0,0.5,-1.2217304763960306
3.985344920803289,1.430734032592973,-2.9928750563492588,8.0,6.0,6.082404695991876,-2.440391331729767,3.0,3.0,2.8572207265705636,0.5,1.2217304763960306
7.804388486487218,5.609427747102662,-1.2436002060167095,8.0,6.0,0.43681866827330507,2.35008266323081,3.0,3.0,1.2993147018657336,0.5,1.2217304763960306
3.118637770186437,5.926016731765788,-3.0848177334407465,8.0,6.0,4.881922852998504,3.099972848051648,2.349773359220691,0.3103823945728577,0.8297894342531529,0.25,-1.5707963267948966
4.071431080768052,-0.4963037886531616,1.9648379837478267,8.0,6.0,7.591812475794216,-0.937938506601318,3.0,3.0,1.2990196776096492,0.5,1.2217304763960306
7.274382737709942,0.9716741214885891,3.0011189554224016,8.0,6.0,5.080411553392192,-1.5736392096617287,2.306121378888674,3.0,1.288196580328952,0.25,1.5707963267948966
2.078946636195421,5.4240823746892355,2.2989704649941056,8.0,6.0,5.948996053803121,-2.202009394433338,3.0,1.1809673811363866,0.5897441844395751,0.1,0.0
-0.91256844482501,2.030336385275861,1.7058963155758586,8.0,6.0,9.756644171935102,-1.2868738038363876,3.0,3.0,3.0,1.0,-0.6434369019181938
5.974282079658224,5.474160885434539,1.576004222562574,8.0,6.0,2.0928544782666565,-1.3220281037683006,0.5670363837330146,3.0,0.49152977918356744,0.25,1.5707963267948966
6.382339911011665,5.44929390094945,-0.5014169036153499,8.0,6.0,1.7088304102623004,0.8295441680533547,3.0,3.0,1.1005306341906378,0.5,1.2217304763960306
1.2041196935882632,2.2045579956117782,1.7124608779142525,8.0,6.0,7.783917339473061,-1.203121596015685,0.12207290611455301,0.16520321891792428,0.23172468477005753,0.25,-1.5707963267948966
0.6016922186978397,0.02512040704248175,2.8016573307716683,8.0,6.0,9.509686860103033,-2.1222988822367377,3.0,3.0,3.0,1.0,-1.0611494411183688
1.2486367616427176,6.722188727247298,1.6158899216487645,8.0,6.0,6.789879390239947,-1.7224540224406069,3.0,3.0,3.0,1.0,-0.8612270112203034
4.8705565928220995,-0.07081506848465047,2.369921844046123,8.0,6.0,6.829949607022699,-1.2750880586456634,3.0,3.0,0.9217530940192231,0.5,1.2217304763960306
1.5139563679451395,4.780777366520617,-2.89699624087411,8.0,6.0,6.599641340778134,3.082804297238481,3.0,1.278162672725242,0.8508757630696309,0.1,0.0
2.532290231813072,-0.6705391276309873,-1.3443670734043607,8.0,6.0,8.625076368495685,2.228536919954407,3.0,3.0,3.0,1.0,1.1142684599772035
7.921772087944465,-0.7891526801921813,0.2315070028263034,8.0,6.0,6.789603355217832,1.3277673485512906,3.0,3.0,3.0,1.0,0.6638836742756453
5.501496737579955,4.8796774834374865,1.677424963032994,8.0,6.0,2.7381820782118513,-1.2559045094305485,0.25444186944025093,0.20378919103346382,1.2305382568498522,0.25,-1.5707963267948966
0.22889299166267385,4.861759689190799,0.8431802671674392,8.0,6.0,7.854024136720012,-0.697743627717159,0.32420820469416295,0.3657144683199066,2.0748121031670865,0.25,-1.5707963267948966
5.991107253938245,2.9854751610612684,-2.029246735099657,8.0,6.0,3.622569539671823,3.0122220198126,0.6500607936237817,0.542307307497905,1.6293328065090344,0.25,-1.5707963267948966
2.007306458657647,4.787306177347258,-1.7598644358139297,8.0,6.0,6.114164062890893,1.959530174122729,1.6937508870669835,0.5296112576275778,3.0,0.25,-1.5707963267948966
4.598989898580806,3.475307583956842,-1.4655212992880458,8.0,6.0,4.235674858340904,2.1040994116420513,0.13922389339910146,1.5936890624283624,0.06640992879225871,0.25,-1.5707963267948966
5.240635805963094,6.136133248142069,0.6190668285359462,8.0,6.0,2.762720220467982,-0.6683618663577983,0.6879195297972319,3.0,0.7717256238852732,0.25,1.5707963267948966
7.473384994721178,5.351648188752326,3.021657725137597,8.0,6.0,0.8352744668268951,-2.133019212136462,1.8920723943903308,3.0,0.806617943108098,0.25,1.5707963267948966
1.2962870497020345,5.913507144653875,0.6892526784703629,8.0,6.0,6.704270902493319,-0.6763511629896015,0.416082541439797,3.0,3.0,0.1,0.8726646259971648
6.424250744906043,5.10601115580195,-2.7553639032731922,8.0,6.0,1.8116847872849529,-3.011761305693966,3.0,3.0,0.8964602913272463,0.5,1.2217304763960306
1.4817101199602911,0.7061007812454472,1.2501485617939532,8.0,6.0,8.397230013436463,-0.5680363871386542,3.0,1.9018258214544226,3.0,0.5,-1.2217304763960306
3.7983368353172953,5.329054300584138,2.7162981945144002,8.0,6.0,4.254896177466158,-2.5579493613036304,0.2845342139120188,0.1635880507718923,3.0,0.25,-1.5707963267948966
0.03299261916241658,-0.451445269313532,0.7358644742564889,8.0,6.0,10.2515536709939,-0.055194412401174855,3.0,3.0,3.0,1.0,-0.027597206200587428
0.054036741688699985,1.173418486924711,1.5813672057577752,8.0,6.0,9.297000656383394,-1.035505586542946,3.0,3.0,1.6096386964577714,0.5,1.2217304763960306
4.9159609658511165,-0.6204072617912173,2.498182268508436,8.0,6.0,7.303498413509232,-1.3633326289845686,3.0,3.0,1.3853119403173924,0.5,1.2217304763960306
3.343727269516135,1.9084494303837385,2.3317841531282677,8.0,6.0,6.198520936834433,-1.610852270635288,3.0,3.0,0.8009563370764565,0.5,1.2217304763960306
-0.8128456972194791,-0.614300121631957,-2.184539276767046,8.0,6.0,11.018857262984234,2.8283791392946043,3.0,3.0,3.0,1.0,1.4141895696473021
2.6091544000478923,2.0761139586516233,-1.6611350732628216,8.0,6.0,6.667690600801123,2.2903281123369976,3.0,3.0,3.0,1.0,1.1451640561684988
-0.11158772340562717,-0.7448900661041362,-2.4981645746755228,8.0,6.0,10.549473797224918,-3.0913577556172767,3.0,3.0,3.0,1.0,-1.5456788778086383
6.17883421777608,-0.1796677899786321,-0.9458657595327793,8.0,6.0,6.442432677245658,2.230072108833277,3.0,3.0,3.0,1.0,1.1150360544166384
7.1207709849196,-0.31218087502479364,-2.8849615613873816,8.0,6.0,6.373120982688782,-1.965827771225458,3.0,3.0,2.5259703757875074,0.5,1.2217304763960306
2.606243281950637,0.10592054401255169,1.5471674741903316,8.0,6.0,7.989542175055836,-0.7174742424116528,3.0,3.0,3.0,1.0,-0.3587371212058264
4.752023098021109,2.8017080462860378,1.7847682824640478,8.0,6.0,4.5583358122213715,-1.0070775178030036,0.2530912589548474,0.08219500842232397,3.0,0.25,-1.5707963267948966
3.4976957350491134,6.805413223438748,0.6032256460685211,8.0,6.0,4.57377679327325,-0.7802423539500364,3.0,3.0,2.3516922356156247,0.5,1.2217304763960306
1.3149250463477862,-0.8604857789314915,0.8682501535014021,8.0,6.0,9.578960917493577,-0.06990302294156109,3.0,3.0,3.0,1.0,-0.034951511470780544
3.3811358487525016,2.2408665629855022,0.4752283913587909,8.0,6.0,5.955248965824998,0.20791002995031344,0.3175799989089908,0.3100507938218101,3.0,0.25,-1.5707963267948966
2.454184776269862,-0.34761310847364246,-1.2535027043744087,8.0,6.0,8.429012911997665,2.106214218559908,3.0,3.0,3.0,1.0,1.053107109279954
6.54939562371681,5.568192683099432,-0.4508017235051406,8.0,6.0,1.513509370774033,0.7401232788109409,3.0,3.0,1.1372484651599652,0.5,1.2217304763960306
7.126728412688099,-0.019618190528825963,-2.4414355836424257,8.0,6.0,6.082631537825695,-2.415019283604804,3.0,3.0,3.0,1.0,-1.207509641802402
2.357020697459652,3.278863364835055,-0.8387841050643844,8.0,6.0,6.264806461187412,1.2881038113596657,2.5223851075483004,0.9820227833395639,3.0,0.25,-1.5707963267948966
3.9390555202533832,0.13111456856217174,-2.34313652016003,8.0,6.0,7.136882111603617,-2.974551735124892,3.0,3.0,3.0,1.0,-1.487275867562446
4.849787721887759,0.17878528095118362,3.116759464908616,8.0,6.0,6.618940867120639,-2.041994571244128,3.0,3.0,0.7641340977011227,0.5,1.2217304763960306
7.205685409102816,-0.07425359109436158,-1.33169589975033,8.0,6.0,6.125968687337123,2.7724626110462807,3.0,3.0,3.0,1.0,1.3862313055231403
2.356709335436424,2.7238010604536917,-2.5106085108240985,8.0,6.0,6.525351256157385,3.0366019762311702,3.0,3.0,0.6860014604134207,0.5,1.2217304763960306
6.310266531746796,4.2948496264515335,1.2223374681069312,8.0,6.0,2.4005701385603118,-0.4323981186083346,1.7376369324344265,3.0,3.0,0.1,0.8726646259971648
3.650368245877175,1.2581205431985865,-1.9747562538302172,8.0,6.0,6.434649732449224,2.8032720665828257,3.0,3.0,3.0,1.0,1.4016360332914128
-0.4592216006140667,-0.3412078505604592,3.140234694724067,8.0,6.0,10.57210230239498,-2.4969763645070646,3.0,3.0,3.0,1.0,-1.2484881822535323
0.6648331712603457,4.706458589848508,0.2216360011592499,8.0,6.0,7.4483502727261195,-0.04708276852790957,1.6803925493866245,1.7593016804578234,1.81506488406707,0.25,-1.5707963267948966
0.4109124779413178,5.946504620008946,-2.9639648686957716,8.0,6.0,7.589276063838182,2.971013739041769,3.0,0.08687923212054596,3.0,0.5,-1.2217304763960306
3.2859789304467535,0.25240845130808065,-2.935051693335659,8.0,6.0,7.433491996012823,-2.4642585455062287,3.0,3.0,3.0,1.0,-1.2321292727531143
-0.509041439487795,4.352206466257706,2.427359210630762,8.0,6.0,8.667122345321049,-2.2360748087520212,3.0,3.0,3.0,1.0,-1.1180374043760106
0.2576747544858289,6.956535523529635,1.507359021457477,8.0,6.0,7.801189679471983,-1.630282410965106,3.0,3.0,3.0,1.0,-0.815141205482553
2.5498559713855515,2.845915120585964,-2.9826464691241337,8.0,6.0,6.297008921638112,-2.775916462496682,0.9297079896052304,3.0,3.0,0.1,0.8726646259971648
-0.032041799594534015,5.588860547330177,2.1262161117253098,8.0,6.0,8.042557498704964,-2.075073333358669,3.0,3.0,3.0,1.0,-1.0375366666793344
7.995911059133965,6.868716525122202,-2.423460676313635,8.0,6.0,0.8687261481374893,0.8573711906479183,3.0,3.0,0.9475788640526902,0.5,1.2217304763960306
3.44629092065364,5.976326132954352,0.4883330765976571,8.0,6.0,4.55377061689567,-0.48313431370924603,3.0,3.0,1.0250843831417247,0.5,1.2217304763960306
4.086037239996456,4.017979336482862,-0.25439782385881105,8.0,6.0,4.38719846796375,0.72315026535194,3.0,3.0,0.4570556666415499,0.5,1.2217304763960306
7.822696536252094,4.836368518683072,1.2955498647935242,8.0,6.0,1.1770619111027396,0.12403869047420393,3.0,1.486870859998053,3.0,0.5,-1.2217304763960306
6.5786719382090855,2.0136303215864153,2.5246495904174986,8.0,6.0,4.232176351737903,-1.2963486322768643,0.10306874736387922,0.07980159586979974,3.0,0.25,-1.5707963267948966
7.6796022115527744,1.6461673515549142,-1.5409277021112349,8.0,6.0,4.365605739586229,3.038266613589117,3.0,3.0,3.0,1.0,1.5191333067945585
0.6716580433095833,0.11142741040005166,-0.7213001317058979,8.0,6.0,9.401057545679475,1.3981922952925927,3.0,3.0,3.0,1.0,0.6990961476462964
7.828813005422315,5.813691084014525,3.0508191222825345,8.0,6.0,0.2530138322072989,-2.2231465953210297,0.9696230788728839,3.0,0.9883383759153073,0.25,1.5707963267948966
5.131313928986968,-0.8638276635445781,-2.8936961137572133,8.0,6.0,7.439186109304163,-2.214570690763555,3.0,3.0,3.0,1.0,-1.1072853453817775
2.8823071671836886,6.772009534238898,-1.2957885463227785,8.0,6.0,5.17559452159993,1.1460663424630653,1.1418747722032907,1.8739526855207698,3.0,0.25,-1.5707963267948966
-0.08858036841024064,-0.6556874171784246,2.9372751104711448,8.0,6.0,10.47488937275324,-2.248755771835077,3.0,3.0,3.0,1.0,-1.1243778859175384
1.351406834316787,1.4433984901219779,0.6982808396616541,8.0,6.0,8.060174216640245,-0.09745611553538279,2.5504909578900374,1.0158612902054385,2.6588217658611866,0.25,-1.5707963267948966
5.675610418643037,5.223269081117574,0.7973168100878459,8.0,6.0,2.4507341443471042,-0.4748174493249196,0.8579793142586297,3.0,3.0,0.1,0.8726646259971648
2.2698858641252673,3.303009664145338,2.3128679247237147,8.0,6.0,6.333084941941397,-1.8729587584571947,2.4583590972634175,0.6538799603868288,0.3597254255009171,0.25,-1.5707963267948966
1.284988398433521,4.076675318359067,0.7909291367487502,8.0,6.0,6.985023882577754,-0.5119756246055099,1.4562999744290848,3.0,0.8233587698995097,0.25,1.5707963267948966
0.6628206038223072,4.998654766893376,-1.1097091369320051,8.0,6.0,7.405193702230874,1.245346671632929,1.559026507067395,1.8877110115955282,3.0,0.25,-1.5707963267948966
5.816711773578244,4.714233460093219,2.2442518452011644,8.0,6.0,2.5337606585421035,-1.7120245336380997,0.542209160950758,2.131676957658754,1.3409624552843618,0.25,-1.5707963267948966
4.369399534866186,5.0672961272658075,2.834165257650346,8.0,6.0,3.7484925305572143,-2.5827024188063756,0.7739423992675136,0.8407571166908874,3.0,0.25,-1.5707963267948966
1.0428303070641767,0.19200024910286917,-1.746302151296338,8.0,6.0,9.062840131146851,2.4419184633191975,3.0,3.0,3.0,1.0,1.2209592316595987
1.638618539507688,5.507972017023177,1.1718159305599152,8.0,6.0,6.380381306938289,-1.0946235281514916,0.5572525038712763,3.0,3.0,0.1,0.8726646259971648
4.85866818444047,2.550685453131025,3.0080498259624755,8.0,6.0,4.665376342663951,-2.175955356148584,0.2940423826584645,3.0,0.3107638261696719,0.25,1.5707963267948966
5.084763750608822,-0.6479222918136678,-1.3699245879678317,8.0,6.0,7.259027013846789,2.5274560043863934,3.0,3.0,3.0,1.0,1.2637280021931967
0.6330338420321642,5.1223237702421756,-1.47129863718848,8.0,6.0,7.419063683304335,1.5898764573268318,1.4655045324272973,1.9077616990591995,3.0,0.25,-1.5707963267948966
2.4471570435474312,5.664912182442613,-1.920771063113285,8.0,6.0,5.5629442514284,1.9810432444154322,2.4597941747811056,0.1717923578041528,3.0,0.25,-1.5707963267948966
0.30433413135990994,6.604949494304731,-0.04587493838909887,8.0,6.0,7.719406522033386,-0.03257285686448576,1.1994285170534849,3.0,3.0,0.1,0.8726646259971648
0.9090981065297474,2.1311844140561407,2.5052021297771123,8.0,6.0,8.077662019474579,-2.0057411924753183,3.0,3.0,0.18079223872568284,0.5,1.2217304763960306
2.8585179359657547,1.4317248171914203,-0.8197645229401763,8.0,6.0,6.877788595228164,1.5461970113728614,3.0,1.180169983179386,3.0,0.5,-1.2217304763960306
7.252677989050053,3.375860714821364,1.9936759714463217,8.0,6.0,2.7284789125203286,-0.7003222347848701,0.17351742891087274,0.3801573745222837,0.2924540618027035,0.25,-1.5707963267948966
2.333250208674049,0.24642958349550081,0.9469388802350616,8.0,6.0,8.075619216825944,-0.1539385698696524,2.556949067627187,3.0,3.0,0.1,0.8726646259971648
7.854986819072968,0.07193523083542974,1.5985239029852587,8.0,6.0,5.9298381706462076,-0.05218484375145531,1.8619158640895357,2.1886491977523383,3.0,0.25,-1.5707963267948966
3.2281912227498823,-0.9470206486366255,3.083036612533241,8.0,6.0,8.428004206170337,-2.1141103392446317,3.0,3.0,3.0,1.0,-1.0570551696223158
2.878473825231172,2.369744514488481,-1.9478751538390668,8.0,6.0,6.277641694850758,2.5644980748910897,3.0,3.0,3.0,1.0,1.2822490374455449
7.72548601187952,3.141430658416051,2.062108095285266,8.0,6.0,2.8717201483287855,-0.587050134731786,0.6577462889788004,3.0,3.0,0.1,0.8726646259971648
1.745623527063286,3.4103980807415457,2.9775510994531906,8.0,6.0,6.769288231819603,-2.584994727797568,0.20746876761028488,0.15239986126593197,2.0798730351802446,0.25,-1.5707963267948966
0.049984953002303545,2.5315732726374645,0.8108774024666235,8.0,6.0,8.673679911696798,-0.39949203631361463,0.3972799834489922,3.0,0.42053024172471765,0.25,1.5707963267948966
1.6235648931814093,2.042499792424058,1.3984871716241494,8.0,6.0,7.504714022828067,-0.8430259401661935,3.0,0.4431106486181515,2.1090560355159416,0.1,0.0
4.587277095260413,6.595514088882983,0.13242918115941385,8.0,6.0,3.464291363986628,-0.30518794128182,1.2755594689818706,3.0,3.0,0.1,0.8726646259971648
1.030054775132573,5.051765249114798,0.3909509596701947,8.0,6.0,7.0341513759968635,-0.2557348736979073,3.0,1.3421563595970125,3.0,0.5,-1.2217304763960306
7.13260341367779,5.532814381094975,-1.0151358522054208,8.0,6.0,0.985210251913313,1.5091897531135907,3.0,3.0,1.0737081096265086,0.5,1.2217304763960306
0.5311371869795654,0.6825862737628787,0.8400687412404808,8.0,6.0,9.168358656580493,-0.22137142043025768,3.0,1.919250328592762,3.0,0.5,-1.2217304763960306
4.378606074474083,-0.9635329741582002,-0.6915183022665174,8.0,6.0,7.848903455007238,1.7827550078313927,3.0,3.0,3.0,1.0,0.8913775039156964
5.384346824574688,6.538916128293585,0.7590615905954845,8.0,6.0,2.6705939652907675,-0.9622532529104941,3.0,3.0,0.4163558670922737,0.5,1.2217304763960306
2.0015185995672917,4.3643186166227315,1.7537232552234552,8.0,6.0,6.217494085181274,-1.487512805311086,1.7837383672427598,1.4898290587151348,0.5640987696524516,0.25,-1.5707963267948966
1.371749086321742,4.142476042227249,-1.669857198559576,8.0,6.0,6.883611365291943,1.9430916460760967,0.5225005291952052,3.0,0.747322793951369,0.25,1.5707963267948966
4.3499086325270575,6.978000144478928,2.392715931537883,8.0,6.0,3.778842583847771,-2.6545053785684423,3.0,2.0552611125185787,3.0,0.5,-1.2217304763960306
-0.961130258502015,3.9845908508987185,-1.4424164815527234,8.0,6.0,9.184973029253898,1.663641152768416,3.0,1.5928292192898144,3.0,0.5,-1.2217304763960306
4.69089028880683,3.443117731464689,-2.694707263420991,8.0,6.0,4.181848157915735,-2.9306191561252692,0.12186923334372057,0.16217267267600172,0.23832046369303073,0.25,-1.5707963267948966
7.014088000924977,2.0668820701943362,-1.449061660135329,8.0,6.0,4.054804449006006,2.774249474334693,3.0,3.0,3.0,1.0,1.3871247371673465
5.708380190527113,0.7251499119278249,-2.397873024018442,8.0,6.0,5.75113595760034,-2.7243573436001847,3.0,3.0,0.9622601215838824,0.5,1.2217304763960306
-0.5714396382050282,5.788723114433957,1.3112818551673617,8.0,6.0,8.574043118259135,-1.2866379071768608,3.0,3.0,3.0,1.0,-0.6433189535884304
2.9542767684655002,1.9032775529138926,2.573227402257419,8.0,6.0,6.49941980008263,-1.8912604497188106,1.549074011531211,3.0,1.7454330495133807,0.25,1.5707963267948966
2.0666482188301276,5.894284896269849,1.4132557906255734,8.0,6.0,5.9342934745653055,-1.3954405786886774,0.11433788925402805,0.13075485976903917,3.0,0.25,-1.5707963267948966
0.5317247005969203,4.110090073474571,-2.0410123881542668,8.0,6.0,7.7036936256612325,2.288867483693742,3.0,0.5079055724407979,3.0,0.5,-1.2217304763960306
6.856836733505285,-0.7566602588271634,0.46325812326695387,8.0,6.0,6.852684153459666,0.9399348364739047,3.0,2.853433118592302,3.0,0.5,-1.2217304763960306
4.222110356574338,1.8145266546039744,2.8662389103743307,8.0,6.0,5.638318657447757,-2.0297030110459273,2.7750489393070126,3.0,0.5583636854921059,0.25,1.5707963267948966
5.0509307301284885,0.48143671861635795,-0.2506045188743938,8.0,6.0,6.257119964419435,1.330620618676974,3.0,3.0,3.0,1.0,0.665310309338487
3.2098928787051637,3.3076568196784377,-1.045941944982987,8.0,6.0,5.494891994762366,1.5579995695121345,0.2044123303499631,0.14899984623138274,3.0,0.25,-1.5707963267948966
7.201010028319647,4.850731632509291,-2.8425034583337196,8.0,6.0,1.399715240811691,-2.4773936525621223,3.0,0.3969972119008997,1.8577902270784494,0.1,0.0
1.3041239259592405,1.3100989294651182,3.0422133159009572,8.0,6.0,8.174957397461819,-2.4312079775662307,3.0,3.0,3.0,1.0,-1.2156039887831154
4.7779773811710795,2.5020375689029697,0.27497667047241225,8.0,6.0,4.7557513523744515,0.5514610006653321,3.0,3.0,0.8374731750934106,0.5,1.2217304763960306
6.784627721529628,2.0104134296335845,1.8609813286305728,8.0,6.0,4.170603167135699,-0.5858896957036521,3.0,0.36285020999207435,3.0,0.5,-1.2217304763960306
4.473623909839489,1.8069191260509472,-1.9477895956356157,8.0,6.0,5.478800557123163,2.8193407703903155,0.12039732090955774,0.11693957088593743,3.0,0.25,-1.5707963267948966
5.791995327731876,6.329380482247635,2.7190387779004173,8.0,6.0,2.2324372633611786,-2.8671223957818746,3.0,0.6946678850456185,3.0,0.5,-1.2217304763960306
7.383481422330437,2.0319537310043607,-2.8462625820123177,8.0,6.0,4.015655158190493,-2.0202647920797188,0.9989067598619394,3.0,3.0,0.1,0.8726646259971648
1.5167685187541342,3.605050660595631,-1.9519898330981493,8.0,6.0,6.911445057130303,2.305847819939964,0.10180811932184297,3.0,0.10863981710258841,0.25,1.5707963267948966
7.916395597334166,0.5149804129583231,-1.5737718475313462,8.0,6.0,5.485656712406999,3.1293270384126712,3.0,3.0,3.0,1.0,1.5646635192063356
-0.14492669714818174,5.023728544481403,2.729886550267204,8.0,6.0,8.203227222061912,-2.610593152860428,3.0,3.0,3.0,1.0,-1.305296576430214
1.8848453499171884,5.890835253110712,1.5624489676380608,8.0,6.0,6.11612895027507,-1.5445993531516156,0.12236965412576534,3.0,0.15571163324517961,0.25,1.5707963267948966
7.465969162775439,1.8480683043859312,-0.2698236905549574,8.0,6.0,4.186134940509143,1.7127000944899542,3.0,0.2686877361436646,3.0,0.5,-1.2217304763960306
-0.9881299274432985,5.068626112107742,2.800252914211712,8.0,6.0,9.036256797571072,-2.6969987758535634,3.0,3.0,3.0,1.0,-1.3484993879267817
4.891696054734782,4.838180025350472,1.1627202372293834,8.0,6.0,3.3183398062353335,-0.8050201137693884,0.07308484504472423,0.08413303800499955,0.1743466056972333,0.25,-1.5707963267948966
0.34116147580586986,1.9569057947398356,-0.8147575332784588,8.0,6.0,8.66050912431183,1.3004745369875486,3.0,3.0,3.0,1.0,0.6502372684937743
0.5640555712590798,1.3976513561801491,2.6004005334821967,8.0,6.0,8.744991857434377,-2.0461761727900476,3.0,3.0,3.0,1.0,-1.0230880863950238
5.277901593484511,2.0676049143753232,-2.9039884736381127,8.0,6.0,4.782630117853488,-2.413888618054735,3.0,0.693061369562507,0.8887673668965904,0.1,0.0
2.071414960301423,0.7306088295954556,0.6609200936041322,8.0,6.0,7.931872659068295,0.06567869478307434,2.5680589013531523,2.897774745356943,3.0,0.25,-1.5707963267948966
3.590017767328047,3.668221342791286,-0.3807085936167475,8.0,6.0,4.988500275503288,0.867090889862474,0.10840466990034059,3.0,0.08497569175187036,0.25,1.5707963267948966
5.28498844078184,0.1913888049532746,-0.07220785521197237,8.0,6.0,6.411805656904331,1.2057655794633213,3.0,2.964481071479889,3.0,0.5,-1.2217304763960306
7.7913646338923535,-0.017866001676542176,-1.6122946178604856,8.0,6.0,6.021481539465623,-3.1347498094334103,3.0,3.0,3.0,1.0,-1.5673749047167052
5.718679500685415,0.16402477648010638,-2.104279196760526,8.0,6.0,6.2660218663942615,-2.980752417792829,3.0,3.0,3.0,1.0,-1.4903762088964145
4.501801907833507,6.222514806811158,1.1508428756996854,8.0,6.0,3.5052678544281743,-1.2143657028534403,3.0,3.0,1.4333913815847135,0.5,1.2217304763960306
7.472551586996156,6.172477895254653,-1.2310967614534074,8.0,6.0,0.5549328362349347,0.9150531175262333,3.0,3.0,3.0,0.27746641811746736,0.45752655876311665
0.01995434302150767,1.8764941252348866,0.05000028580677936,8.0,6.0,8.982451190331274,0.42693928317874075,3.0,0.7911665181283485,3.0,0.5,-1.2217304763960306
6.661253210456736,2.436338103567982,2.013519541514346,8.0,6.0,3.8068266415209724,-0.8020776916692182,2.910389099619658,2.0975856403464936,1.1311377287157842,0.25,-1.5707963267948966
3.8403478829922264,4.320045374583595,1.7000138106160343,8.0,6.0,4.486084403796392,-1.316176527395554,3.0,0.38115337950113637,1.0763504798950851,0.1,0.0
2.8562684728626477,5.717886291150838,-2.2314628260818354,8.0,6.0,5.151462138848289,2.286254049478779,0.050766327008590295,0.03222295890646176,1.9725403990957524,0.25,-1.5707963267948966
5.379297500531476,-0.16637629507372154,2.0237143291324418,8.0,6.0,6.700170013004721,-0.8547876297560991,1.152019512852038,3.0,1.76503154533175,0.25,1.5707963267948966
2.287883973491347,4.598923673777592,2.385199490991101,8.0,6.0,5.881435570691724,-2.144666685780713,3.0,3.0,1.466038518875238,0.5,1.2217304763960306
3.154931882829141,6.689596475787175,-0.5472812609768201,8.0,6.0,4.893897052395326,0.4059012630745177,1.597203403857318,3.0,1.171213075659065,0.25,1.5707963267948966
1.8248349908998471,0.22461858441349758,-2.174995886958697,8.0,6.0,8.455039525934627,2.926953356945855,3.0,3.0,3.0,1.0,1.4634766784729274
7.842197692057066,-0.40247614703145995,1.0038515918636683,8.0,6.0,6.404420534419873,0.5423026492543779,3.0,3.0,3.0,1.0,0.27115132462718894
0.7660142526333633,-0.32599198453334655,-2.948066947991143,8.0,6.0,9.609824367879144,-2.616581685372402,3.0,3.0,3.0,1.0,-1.308290842686201
1.5748982898634978,4.885461437770916,2.961643850630497,8.0,6.0,6.5210526905013335,-2.789886705704476,3.0,3.0,3.0,1.0,-1.394943352852238
1.5363544873008026,0.8140309345939887,1.92325123783834,8.0,6.0,8.286916704129744,-1.247091896788982,1.5833770435787555,3.0,3.0,0.1,0.8726646259971648
-0.3332621741663555,0.7076388678204459,-2.364652685818102,8.0,6.0,9.871795420124782,2.9304739665590875,3.0,3.0,3.0,1.0,1.4652369832795438
6.059805731004081,0.7769416308607173,0.8771568679347828,8.0,6.0,5.571776424882867,0.3379697302549251,2.1095919728748487,0.7261585530641304,3.0,0.25,-1.5707963267948966
1.966313060433829,2.8580481211701443,-1.0921783723676284,8.0,6.0,6.8027376616751765,1.5722760365353112,3.0,3.0,3.0,1.0,0.7861380182676556
3.1369500000794517,-0.25611953594448256,1.530131217252639,8.0,6.0,7.923906041199217,-0.6200970658830993,3.0,3.0,1.511165458214855,0.5,1.2217304763960306
1.0241009948578101,5.763281216874621,-2.2766644976837505,8.0,6.0,6.979914233873376,2.310585284793718,0.21174710085507914,2.0963700357843726,0.20983085396881396,0.25,-1.5707963267948966
1.1595821974831289,4.26527964662151,1.4369890061275308,8.0,6.0,7.05695192114948,-1.1886263070481828,3.0,1.0505968486350672,1.4539028340812379,0.1,0.0
0.20300617559454714,6.665137020419941,0.44543651543677737,8.0,6.0,7.82531277034662,-0.5305373357852246,3.0,3.0,1.5183727516746,0.5,1.2217304763960306
5.878279618846791,5.639077514097583,2.7767399539055364,8.0,6.0,2.152199437001808,-2.608244431219342,0.36651431174429183,0.3050347070100252,3.0,0.25,-1.5707963267948966
2.6326116950172787,-0.9754605029480166,0.530924939428984,8.0,6.0,8.801471833997601,0.38402721791832684,3.0,3.0,3.0,1.0,0.19201360895916342
1.378196173184679,6.089307133015109,0.3607923053512176,8.0,6.0,6.622406034428379,-0.37427831628038294,0.25467193940177263,0.32694568257558704,1.306278118657274,0.25,-1.5707963267948966
7.1130966007574035,5.7743188951677915,2.0523340714312592,8.0,6.0,0.9151664333149238,-1.8031625401018043,0.25850494056448103,0.3215916534572527,3.0,0.25,-1.5707963267948966
5.515198721359172,-0.933146178976326,0.8451602052615428,8.0,6.0,7.364967979114989,0.3815025901297489,3.0,3.0,3.0,1.0,0.19075129506487445
5.009234649262875,2.569025388447777,2.823891311867969,8.0,6.0,4.551512294642923,-1.9700503783374275,0.3997168817663477,3.0,3.0,0.1,0.8726646259971648
0.7332066696967874,6.482661311046306,2.1688053024098664,8.0,6.0,7.282804902406777,-2.2351280099884123,3.0,3.0,3.0,1.0,-1.1175640049942062
4.892870995124003,1.8704504518218554,2.401671020375699,8.0,6.0,5.1679231925213465,-1.475918680985149,0.7606132588018796,3.0,3.0,0.1,0.8726646259971648
2.047937081177831,0.2911284734764896,-2.755326392610574,8.0,6.0,8.247318782244855,-2.7633129517152537,3.0,3.0,3.0,1.0,-1.3816564758576269
2.8509135289516143,-0.06876663384152515,0.7042736314484702,8.0,6.0,7.958832825380975,0.16292520609371838,1.588516505168778,3.0,3.0,0.1,0.8726646259971648
-0.5455161422325427,6.600886787492839,0.8178534403188011,8.0,6.0,8.566616080375052,-0.8880539261280473,3.0,3.0,2.075765599585407,0.5,1.2217304763960306
-0.8360425010206246,5.689149053444498,-0.0671710340785343,8.0,6.0,8.841508660337176,0.10233641527456214,0.9581820953115214,3.0,2.6498438871494416,0.25,1.5707963267948966
7.567999486069214,6.149720502918943,-2.606194436402612,8.0,6.0,0.45720965981786166,2.2725742498355195,3.0,1.7237583092773343,0.42550552896449956,0.1,0.0
4.027166569570619,4.2048957626286665,-1.6206442777746761,8.0,6.0,4.359564736182477,2.045031304653524,0.5055264966593478,2.4588862777280736,3.0,0.25,-1.5707963267948966
6.595350208849528,3.5384616713126196,-0.40555464173679606,8.0,6.0,2.834115731471834,1.457800265738424,1.253244707252355,0.13174992411549208,3.0,0.25,-1.5707963267948966
6.197057963833818,3.890822390153563,0.4667856164766252,8.0,6.0,2.7747486689162657,0.39673192962534226,0.3414535739762108,2.1150507927259694,0.37643566878993306,0.25,-1.5707963267948966
-0.24491992803784213,-0.4728131297035798,2.1056605927513026,8.0,6.0,10.482176035147406,-1.4400918025633336,3.0,3.0,3.0,1.0,-0.7200459012816668
6.638124978585994,-0.9848010975921442,-3.0527070250812707,8.0,6.0,7.116329808748033,-1.8522430004235804,3.0,3.0,2.6449733210542044,0.5,1.2217304763960306
2.276181094568369,3.1820056077543395,1.1887908702023258,8.0,6.0,6.379905583698284,-0.7312999467209551,0.454469630032168,3.0,3.0,0.1,0.8726646259971648
2.1249117443875476,1.002117740697022,-2.84632918377354,8.0,6.0,7.713331905803795,-2.7319612761628305,3.0,3.0,3.0,1.0,-1.3659806380814152
-0.4063529694518542,3.10502772173247,-0.4605407227884301,8.0,6.0,8.89087367692003,0.7921993102232955,0.8503278439852479,0.8642426494492403,3.0,0.25,-1.5707963267948966
7.9804257248660235,6.435098443891044,2.76085823723997,8.0,6.0,0.4355385265661678,1.9964885814052327,0.8985111014461671,1.0575098752085614,3.0,0.25,-1.5707963267948966
7.1493003802913115,6.827208189442448,0.27258988944510903,8.0,6.0,1.1865762645751685,-1.0439885378209548,3.0,3.0,3.0,0.5932881322875843,-0.5219942689104774
1.9481700247382459,5.187235134636585,-1.449554595522111,8.0,6.0,6.106163507133255,1.5830564543569663,3.0,0.45469012661468067,1.9488392489158013,0.1,0.0
2.7797028289952546,3.2056304627182017,3.1107780039283366,8.0,6.0,5.921148846675671,-2.6192990557308615,1.1227456134060574,3.0,0.5601917340105154,0.25,1.5707963267948966
-0.6145793765514312,1.4435090724886237,-1.2459166434491415,8.0,6.0,9.745388007021512,1.7324378211214688,3.0,3.0,3.0,1.0,0.8662189105607344
-0.3680454391270843,0.7168489841207037,-2.922753471884046,8.0,6.0,9.896255308341738,-2.7972804906437134,3.0,3.0,3.0,1.0,-1.3986402453218567
7.254028666281208,6.132957092484028,-1.6854717601938551,8.0,6.0,0.7577274042635649,1.5090903950490018,1.6480836831467862,3.0,3.0,0.1,0.8726646259971648
3.104054348661066,2.528449438214979,3.011798067538564,8.0,6.0,6.001828648328317,-2.395013152211994,1.4751723751548211,3.0,3.0,0.1,0.8726646259971648
-0.9426592778536264,6.785337312480035,2.336505476639485,8.0,6.0,8.977076899200258,-2.424099969787624,3.0,3.0,3.0,1.0,-1.212049984893812
4.4476245951021465,5.923660260173532,-2.0752816050947676,8.0,6.0,3.553195572044967,2.096768070596946,3.0,0.1252114107972923,1.1432828272000601,0.1,0.0
-0.6148238254238912,6.86751671056391,-0.4371400772905656,8.0,6.0,8.658393314362588,0.3367779495710791,3.0,3.0,3.0,1.0,0.16838897478553955
0.5181702263189973,0.45792737768358105,-1.0990367750180985,8.0,6.0,9.31087244641278,1.7365835444870155,3.0,3.0,3.0,1.0,0.8682917722435077
6.85844410059449,2.8632670769814474,-0.6790710630604849,8.0,6.0,3.3379998954188173,1.9008357482710065,0.7024803538552031,0.739732203710919,3.0,0.25,-1.5707963267948966
4.074909738653724,-0.3893504019897378,-2.8769459677120857,8.0,6.0,7.498675357629627,-2.386323680703999,3.0,3.0,3.0,1.0,-1.1931618403519995
2.7214116459359476,-0.8081539202289285,-1.1030431272325663,8.0,6.0,8.614781181967953,2.0143211965594148,3.0,3.0,3.0,1.0,1.0071605982797074
0.9336802662517196,-0.4657906089739088,1.571065089209928,8.0,6.0,9.57806466770065,-0.8300159108964938,2.7690106662220466,3.0,3.0,0.1,0.8726646259971648
2.9304380001331785,1.4441360493533075,1.2565198105043862,8.0,6.0,6.815889905749342,-0.5244399285631034,1.3603176602899139,3.0,3.0,0.1,0.8726646259971648
5.046881193619159,0.7239841191973859,0.029810727294158578,8.0,6.0,6.04625952627586,1.030706532499379,3.0,1.116345400003023,3.0,0.5,-1.2217304763960306
2.365964692023975,6.078360075230478,2.227326474487925,8.0,6.0,5.634580210886223,-2.241233917169108,0.058421119839215996,0.08204088321303132,0.0954057803815273,0.25,-1.5707963267948966
-0.1605773673798755,4.236881623853261,-0.6216085524001735,8.0,6.0,8.348868748357408,0.8343911051241247,1.0462580323713633,2.5842489058394174,3.0,0.25,-1.5707963267948966
4.88379126306043,-0.31786454003667775,0.01508182482690416,8.0,6.0,7.04458439075233,1.0974913828967814,3.0,3.0,3.0,1.0,0.5487456914483907
1.288992260639585,3.6734772860635463,-1.6211494076915554,8.0,6.0,7.102839771261747,1.9548569092398853,0.035162047267917274,0.09034202063143906,0.036341804676964906,0.25,-1.5707963267948966
1.8986188701656874,-0.8437007760602082,-0.20955793399458278,8.0,6.0,9.168592694833015,1.0522371246572522,3.0,2.892933410732729,3.0,0.5,-1.2217304763960306
3.368765980094178,5.919871128552356,2.54685523711697,8.0,6.0,4.631927156505434,-2.5295551229541036,1.0489290783377923,2.5185456739885264,3.0,0.25,-1.5707963267948966
-0.7437889963848152,2.4712426494484854,2.4915689759164485,8.0,6.0,9.428996471118838,-2.1079862073390903,3.0,3.0,3.0,1.0,-1.0539931036695451
3.35259523147018,2.0337825365805005,-1.7812781039855312,8.0,6.0,6.109766939064658,2.4877579526898357,3.0,3.0,3.0,1.0,1.2438789763449178
5.030843564228646,2.2125763606988853,-1.20831103291845,8.0,6.0,4.812532364942531,2.1142289815784028,3.0,0.5144860604551464,0.6459474064466306,0.1,0.0
6.474645464638773,0.7682489844635834,2.963830663369838,8.0,6.0,5.4495802725635105,-1.676727533350229,1.5256495537536916,3.0,0.8927928251491692,0.25,1.5707963267948966
4.060613354055033,3.952514007728995,-0.06368337793806317,8.0,6.0,4.43970337238824,0.5430038194458261,2.4887823101164157,1.468158793066922,0.48885404385360476,0.25,-1.5707963267948966
5.5895337653748935,4.408125852001291,-2.437477554261465,8.0,6.0,2.8886693772971586,3.0211297881586834,1.424482281121255,3.0,2.040947407922202,0.25,1.5707963267948966
1.8027462008691284,1.9736390080068267,-0.8603297116361034,8.0,6.0,7.3903678858826956,1.4364945968845293,3.0,3.0,3.0,1.0,0.7182472984422646
6.545990153861882,5.348997088954698,2.064918547315285,8.0,6.0,1.5930942918911144,-1.643954483343709,0.550796016712588,1.0042311922030578,0.49797515479351395,0.25,-1.5707963267948966
5.512441560761212,2.828931584085498,-0.47542915226511984,8.0,6.0,4.030337688958411,1.3810357273957992,3.0,3.0,0.48507003833929835,0.5,1.2217304763960306
5.9795170948755,-0.38497189678817634,2.403479575259936,8.0,6.0,6.697030483182464,-1.1391567344907305,1.6933172564222934,3.0,1.8994043580786788,0.25,1.5707963267948966
1.9097745630228893,1.2507709769679973,-2.6149289935405857,8.0,6.0,7.723083722607994,-3.0059471062602277,3.0,3.0,3.0,1.0,-1.5029735531301138
7.942491761227512,6.217738728989857,1.6348379150253036,8.0,6.0,0.22520513233235112,-2.9474148727270757,3.0,3.0,3.0,0.11260256616617556,-1.4737074363635378
4.086557116024672,3.8870396244770085,-1.3654011012892622,8.0,6.0,4.447430354110944,1.860475252029956,0.20310782597781118,3.0,0.22475384760607342,0.25,1.5707963267948966
3.945863034290836,2.2521750284355546,2.356104161086445,8.0,6.0,5.521070417429173,-1.6099467370171878,0.08010105045789284,3.0,0.04992119819532004,0.25,1.5707963267948966
1.66615766370513,2.386938314461686,-2.1719130037252623,8.0,6.0,7.291897797181899,2.6903117429308083,3.0,3.0,3.0,1.0,1.3451558714654042
6.374449520311331,0.3261473227038003,0.9695290549270172,8.0,6.0,5.902119836607634,0.3222427025284338,2.122463057606027,1.217931559290726,3.0,0.25,-1.5707963267948966
6.240534358120096,5.203309236263988,-2.822547549257097,8.0,6.0,1.9314335396223539,-3.03545556421282,3.0,3.0,0.7177442912752496,0.5,1.2217304763960306
5.789246743184266,6.712161213826714,-1.495060233028958,8.0,6.0,2.3226285878289956,1.1834217193279606,0.1642466178457023,0.0459820951329738,0.8650283249455623,0.25,-1.5707963267948966
7.019591887439775,2.319107120841961,0.21075455160280046,8.0,6.0,3.8092220275287523,1.0997344679151546,0.3972208389372953,3.0,3.0,0.1,0.8726646259971648
1.6003829133038012,-0.5370674947661049,-0.864254041450062,8.0,6.0,9.148133705158749,1.66027666085922,3.0,3.0,3.0,1.0,0.83013833042961
0.3569855793028587,5.911759221415592,2.3095704196506395,8.0,6.0,7.6435237861859004,-2.2980256477324748,3.0,3.0,3.0,1.0,-1.1490128238662374
7.628611454955372,0.7156005395789027,1.635344831064317,8.0,6.0,5.297434011735224,-0.13471331422516977,1.4044768598983652,1.5834751279614592,3.0,0.25,-1.5707963267948966
4.4301267543176746,3.8462980154868847,0.9301318991324362,8.0,6.0,4.169223816051879,-0.38728998312732144,1.3881846602834809,3.0,2.115467882630188,0.25,1.5707963267948966
-0.48764456265661127,4.864943105179276,-0.7083963979233842,8.0,6.0,8.563204095224776,0.8413381326308768,1.8055297474566077,2.800573317427244,3.0,0.25,-1.5707963267948966
2.204277592250358,0.2916754216141815,-1.6495443392484368,8.0,6.0,8.134824381625883,2.427345511074566,3.0,3.0,3.0,1.0,1.213672755537283
3.1166597709017774,6.944168547938661,2.315972573201128,8.0,6.0,4.973777843857291,-2.506960810760759,3.0,0.9922496816662287,3.0,0.5,-1.2217304763960306
-0.4558289584119034,-0.31956659046181723,0.31134528773517545,8.0,6.0,10.556418202458566,0.3304654644586318,3.0,2.953579828628987,3.0,0.5,-1.2217304763960306
2.9325803859566264,0.1391182349637532,-0.5515949813002223,8.0,6.0,7.747817538412084,1.4094721357562898,3.0,3.0,3.0,1.0,0.7047360678781449
7.383011090811166,-0.039401905141963844,-2.555016896591042,8.0,6.0,6.070836077995716,-2.2591794812776986,3.0,3.0,3.0,1.0,-1.1295897406388493
1.2394084850295686,6.9751105715501245,0.9972790497085539,8.0,6.0,6.8305518268320755,-1.1405256582855166,3.0,3.0,3.0,1.0,-0.5702628291427583
2.904777756249577,6.459651389299279,-2.01536866703781,8.0,6.0,5.115913321479739,1.925399966572089,3.0,0.8317913760280342,0.4730713988460736,0.1,0.0
0.9603983176688917,0.38546279042958,1.9344563652544684,8.0,6.0,9.004388925603434,-1.2612021786941578,3.0,3.0,3.0,1.0,-0.6306010893470789
6.379142969243826,3.565418652766719,1.5523659406799135,8.0,6.0,2.9247844109349215,-0.5689471519991947,2.2395004741198106,1.8623021338870396,0.2627173580667558,0.25,-1.5707963267948966
6.533758379975694,0.5587214930801272,0.4536521648529904,8.0,6.0,5.635368335624537,0.8539297568360461,3.0,3.0,3.0,1.0,0.42696487841802305
1.6411493294639619,1.5622707378277978,-1.9822127234095113,8.0,6.0,7.754251921011856,2.591515990854775,3.0,3.0,3.0,1.0,1.2957579954273875
7.41263613489348,-0.38340407112069297,-2.6678029597331725,8.0,6.0,6.410370024049556,-2.1363418562131926,3.0,3.0,3.0,1.0,-1.0681709281065963
2.525873227364292,6.924372602776643,2.384420410721258,8.0,6.0,5.5516239634588995,-2.5517044326801614,3.0,0.2505472435258766,3.0,0.5,-1.2217304763960306
-0.17825701201437838,1.4503394111097316,0.324377596266547,8.0,6.0,9.358594938806984,0.18329858038866603,3.0,1.3152565650338812,3.0,0.5,-1.2217304763960306
3.3394975744626345,4.0487444476985335,0.9415554905386909,8.0,6.0,5.052492561976412,-0.5450507527410536,1.8019923387088639,0.31803855233661604,3.0,0.25,-1.5707963267948966
6.181246355318154,4.917297219128785,0.520117379981869,8.0,6.0,2.1166270648722603,0.016838557958808124,3.0,0.9191894748632152,3.0,0.5,-1.2217304763960306
2.95373050558552,1.443456345254594,-2.146887608030557,8.0,6.0,6.799038600262451,2.881331750806005,3.0,3.0,3.0,1.0,1.4406658754030024
3.281062392280437,-0.19691844487666454,0.5302494785519497,8.0,6.0,7.7891058766717665,0.3897278869412046,3.0,2.583762612550637,3.0,0.5,-1.2217304763960306
0.24544823923643388,4.675887510405291,-1.267764393537866,8.0,6.0,7.866787584234242,1.436886248012486,1.160187622716426,3.0,3.0,0.1,0.8726646259971648
7.057741012504611,-0.6388230635679104,-1.0645738176775446,8.0,6.0,6.705357833022564,2.494380208457056,3.0,3.0,3.0,1.0,1.247190104228528
1.708101673507362,4.9737057223268755,0.32804565237786676,8.0,6.0,6.375050156297239,-0.16635597794759918,0.6510939671121696,1.2151363010530218,0.7772533715082599,0.25,-1.5707963267948966
5.294373602423106,0.39957390856551545,-2.422378114814241,8.0,6.0,6.219741683453185,-2.7400560641735674,3.0,3.0,3.0,1.0,-1.3700280320867837
-0.9320487645517328,5.972352084598133,-1.3919816693488039,8.0,6.0,8.93209155458878,1.3950770204637102,3.0,3.0,3.0,1.0,0.6975385102318551
2.8421437065328754,1.8886178112707785,2.616627210045615,8.0,6.0,6.595979460691059,-1.9436505507090205,1.452147027533805,3.0,1.78975839730668,0.25,1.5707963267948966
-0.8569885426426945,5.6315110947438605,-0.5942934124627152,8.0,6.0,8.864650591974893,0.6358737437349067,3.0,1.2056538614009011,3.0,0.5,-1.2217304763960306
4.620361205348327,1.79301399209176,-1.6672314545235645,8.0,6.0,5.396358925521016,2.5612537635775885,0.10579502962954873,0.2103936230797525,0.1463940815305888,0.25,-1.5707963267948966
6.807871291919496,1.8204755432315833,0.9505797994767995,8.0,6.0,4.346216232696553,0.34236400929937133,1.074958021322159,3.0,0.9200975988479692,0.25,1.5707963267948966
4.863865672396162,4.477178456650905,-2.012734773215082,8.0,6.0,3.486305203745549,2.464774155245939,1.0207878680715996,2.27407416663407,2.187022135533659,0.25,-1.5707963267948966
-0.5965141570919033,2.2929257935686307,-2.8564696760392816,8.0,6.0,9.361754900929114,-3.019580032278329,3.0,3.0,3.0,1.0,-1.5097900161391644
1.3209396855060414,1.25615045314313,-2.8769572299337356,8.0,6.0,8.192310736773983,-2.7886513195155658,3.0,3.0,3.0,1.0,-1.3943256597577829
0.7860364939323599,0.3822829243825625,-0.24772809877307292,8.0,6.0,9.143304359396522,0.9093632034869212,3.0,3.0,3.0,1.0,0.4546816017434606
4.186601683928306,4.687377140146335,-0.7258891147794378,8.0,6.0,4.032987167005227,1.0573995758231323,3.0,3.0,1.0346646006408553,0.5,1.2217304763960306
6.766841054784094,5.30807183611046,1.9352879978778568,8.0,6.0,1.4140175275255806,-1.4239610225118382,0.5311247301003987,1.4439002865560673,3.0,0.25,-1.5707963267948966
7.229791995762204,5.202372542334659,2.091940168708821,8.0,6.0,1.1087966139079086,-1.2890550564949992,0.78883443819957,1.7077152664883914,3.0,0.25,-1.5707963267948966
2.0067497734667477,2.649221755464712,-2.855280737953164,8.0,6.0,6.86635005821083,-2.9181077464909206,0.543311606122578,3.0,0.3737729237135552,0.25,1.5707963267948966
3.0415588306473333,-0.6836393813172039,2.346814075578035,8.0,6.0,8.322089533850598,-1.4143001092952696,3.0,3.0,3.0,1.0,-0.7071500546476348
-0.9900603846655602,5.284632882043115,-3.1091095969425413,8.0,6.0,9.018477467587697,-3.0946699081964364,3.0,3.0,3.0,1.0,-1.5473349540982182
7.376975636735464,5.774113373434137,2.9234773914334853,8.0,6.0,0.6627096840113973,-2.575653240276785,0.5434608559801974,3.0,0.47695143169623855,0.25,1.5707963267948966
6.682376875550576,3.0443629950967086,2.509932489836992,8.0,6.0,3.236034734491823,-1.3584919233846926,3.0,2.061404856951099,0.7002772610661568,0.1,0.0
4.302064751752971,4.4378041415498055,-1.3189753780087403,8.0,6.0,4.01437180644578,1.7186848856980164,1.0593749438793305,3.0,0.8739298437045697,0.25,1.5707963267948966
4.8578635361722515,0.08540511594100941,1.6862582298402495,8.0,6.0,6.697421459028297,-0.60379689996452,0.7029379095492141,3.0,1.8052236617470507,0.25,1.5707963267948966
2.036558153150173,0.216948605717179,-0.7559321040960708,8.0,6.0,8.307004399281137,1.5259745123758888,3.0,3.0,3.0,1.0,0.7629872561879444
1.1497217987526942,6.110588841309285,-3.130487191188015,8.0,6.0,6.851170799674035,3.1143448926746453,3.0,0.49257987929569275,3.0,0.5,-1.2217304763960306
0.9645984458455348,1.1499313132906561,0.04215987455165759,8.0,6.0,8.545176492852418,0.5614032995371085,3.0,3.0,3.0,1.0,0.2807016497685543
6.300160654844582,2.8021689243695063,-2.4589186291733243,8.0,6.0,3.621543509003651,-2.7420461012107813,0.48898777161278306,0.3779369908875724,1.609413351047058,0.25,-1.5707963267948966
1.6605246820920945,1.2504097470825393,0.11966912226799138,8.0,6.0,7.9213354225769335,0.5233253814683995,2.4990626546570818,3.0,3.0,0.1,0.8726646259971648
6.338633934860124,0.6784610479315418,2.6552090858322774,8.0,6.0,5.574846546836982,-1.3870211446348033,1.567042653538698,3.0,0.8669868221340388,0.25,1.5707963267948966
2.5150533190519235,4.399973860382654,-0.7712134296522782,8.0,6.0,5.713556137844635,1.0550495483134703,0.00038404224333005166,0.12159218226299567,0.00025737715685947293,0.25,-1.5707963267948966
2.962342853837936,-0.5989603219818562,-2.9150928877007147,8.0,6.0,8.302064011640033,-2.4493192244357864,3.0,3.0,3.0,1.0,-1.2246596122178932
-0.1499243672916608,2.416411148790039,1.1156670137084477,8.0,6.0,8.902998160568758,-0.7014046073919018,3.0,3.0,0.6003413547518303,0.5,1.2217304763960306
1.3054618784295084,5.521640334313279,2.8594801429729424,8.0,6.0,6.711607008080589,-2.788146169187103,0.4514195154827367,0.5628796369978332,3.0,0.25,-1.5707963267948966
5.380225765053779,4.960982283932119,-1.7672100334113492,8.0,6.0,2.8182928975518093,2.1447869754599176,3.0,3.0,3.0,1.0,1.0723934877299588
1.6676859419147538,-0.6866090395598601,1.2965467510005182,8.0,6.0,9.209177041307637,-0.483941455737228,3.0,3.0,2.966079002205738,0.5,1.2217304763960306
5.468904029268292,6.255706305619899,-1.6874441985103796,8.0,6.0,2.5439796633990737,1.5867598845901827,0.3389964852085901,2.2596646649243044,0.3181052911448945,0.25,-1.5707963267948966
6.266606821717586,3.5152552360967686,0.9676994127628058,8.0,6.0,3.029621833209639,-0.0060260327724618295,0.43875288427441045,3.0,0.4460316922720028,0.25,1.5707963267948966
5.72653174129874,5.4476729338169,0.8452532157412178,8.0,6.0,2.3395989210462056,-0.6069257776743882,0.6108087870072788,3.0,3.0,0.1,0.8726646259971648
5.197054415851733,3.091415574640532,-2.9973029744579285,8.0,6.0,4.039352337583333,-2.481990561226893,0.5025388035215896,3.0,2.236309635642623,0.25,1.5707963267948966
-0.1921571982632888,3.5222622760487106,-1.1584485271339524,8.0,6.0,8.558657826420468,1.452153721692792,3.0,0.6024260248446717,3.0,0.5,-1.2217304763960306
6.923303494140319,5.157102888233542,-2.0871872752108627,8.0,6.0,1.3673883525738706,2.7513860932737946,3.0,0.6937909625158086,3.0,0.5,-1.2217304763960306
-0.8124107956769434,0.8830684530059587,-1.7997849329805347,8.0,6.0,10.190268518954069,2.325855413508276,3.0,3.0,3.0,1.0,1.162927706754138
7.384022698680994,6.097621787562292,-2.1634069779900456,8.0,6.0,0.6236650135666607,2.006231425620726,3.0,3.0,0.3763447259028728,0.5,1.2217304763960306
-0.680105515164169,4.40180988803545,-0.7313264036506615,8.0,6.0,8.82600948268042,0.9134081697272661,1.4911338670254102,3.0,3.0,0.1,0.8726646259971648
2.8183225871828905,-0.9177453535316529,2.7831679375424456,8.0,6.0,8.643204358732227,-1.8552589098959087,3.0,3.0,3.0,1.0,-0.9276294549479543
2.3274908615253787,3.5149568278007077,1.1885438516833513,8.0,6.0,6.192963708417191,-0.775642202455012,0.11492862402032694,0.18297828421981824,0.21953623500101369,0.25,-1.5707963267948966
5.6908016904565395,6.087994385458473,-0.25032391601762527,8.0,6.0,2.3108742598139322,0.21223631183183247,0.32072480073937254,0.20860414908123381,1.9675245604822331,0.25,-1.5707963267948966
3.8963536907552925,0.4516354050752991,-2.227807703179631,8.0,6.0,6.901033452287537,-3.121401929688732,3.0,3.0,3.0,1.0,-1.560700964844366
5.45728624815373,2.6647127311066505,-2.742539818860949,8.0,6.0,4.193987886233124,-2.621218433392007,3.0,1.346115525029323,0.8181087809278333,0.1,0.0
6.628300812388204,2.2033158588177466,0.3963231299902948,8.0,6.0,4.036876159755175,0.8277772131465087,0.837176662756595,1.4346015717033729,3.0,0.25,-1.5707963267948966
3.1422428456605314,0.07493747286219499,-3.027028341620527,8.0,6.0,7.661864689553642,-2.372098142784149,3.0,3.0,3.0,1.0,-1.1860490713920746
7.305086333090806,1.8681695142587298,-1.1517468697438895,8.0,6.0,4.189860160835696,2.555917173086849,3.0,3.0,3.0,1.0,1.2779585865434244
3.14480263338074,-0.6935834120019155,-3.0654237213598234,8.0,6.0,8.269038660101536,-2.274503477200483,3.0,3.0,3.0,1.0,-1.1372517386002414
3.9429129692809806,2.0963280020098214,2.42070660933617,8.0,6.0,5.630151884516181,-1.6545774684380135,3.0,3.0,0.2076606032670213,0.5,1.2217304763960306
-0.8959194048776052,2.8666811616119805,-0.6733116134966761,8.0,6.0,9.431599493250081,1.0119626011004563,3.0,1.2034725359091272,3.0,0.5,-1.2217304763960306
1.4124216143927502,0.2707404401011697,-2.582494193641478,8.0,6.0,8.730441231187113,-2.9848670946840583,3.0,3.0,3.0,1.0,-1.4924335473420292
5.661148276716377,2.5903831385580585,1.6991472092608217,8.0,6.0,4.134696424809924,-0.7295899404352134,2.441394529403101,1.4491422424687646,1.4752446763983385,0.25,-1.5707963267948966
0.2633178200874464,3.6011484452313454,-2.5561089680468583,8.0,6.0,8.10004567485841,2.8567712490009196,3.0,3.0,3.0,1.0,1.4283856245004598
5.81316192634855,-0.01557107396813695,0.5199264654642943,8.0,6.0,6.400730904071327,0.7021931665360871,3.0,1.6354681356326641,3.0,0.5,-1.2217304763960306
6.908578729535316,0.4757239831884936,0.7493570570552089,8.0,6.0,5.631059038896817,0.6263830686005022,3.0,3.0,3.0,1.0,0.3131915343002511
6.998083815292498,-0.8383845458851447,2.85938936773383,8.0,6.0,6.911391989938034,-1.4340715529027135,3.0,3.0,2.893087367228504,0.5,1.2217304763960306
2.8510099272033385,1.7893421902449047,0.13253154787732216,8.0,6.0,6.6514463059255124,0.5529475288545437,2.694214690232255,0.9824691590850749,3.0,0.25,-1.5707963267948966
2.4607895072377595,6.780706352782789,2.7469732651254377,8.0,6.0,5.593957033478422,-2.886992792275828,0.07321195248784959,0.04008622189456412,3.0,0.25,-1.5707963267948966
0.2706908115213653,1.4554690183950765,3.001447518396419,8.0,6.0,8.966324909006323,-2.4699273895551324,3.0,3.0,3.0,1.0,-1.2349636947775662
-0.8567037924401674,2.559960544074584,-2.004455436473826,8.0,6.0,9.501319567583636,2.3749313795438973,3.0,3.0,3.0,1.0,1.1874656897719487
5.238463125386706,3.8049832652066504,-1.1528765802686078,8.0,6.0,3.527631553304826,1.8244714107327276,1.460054752924418,2.4900833932874704,2.2614744158721956,0.25,-1.5707963267948966
-0.1512989610757809,5.204912917904489,1.0772407736867613,8.0,6.0,8.189984018357439,-0.9800072132547982,3.0,3.0,0.32015939085423384,0.5,1.2217304763960306
1.9137383062378515,4.344601819662569,1.8964056182404814,8.0,6.0,6.307370651897744,-1.6308405612265713,3.0,3.0,0.9143132073983427,0.5,1.2217304763960306
0.46706769603337817,6.699419458433852,0.08721990405650863,8.0,6.0,7.565332555478297,-0.17980270078655303,1.1360401813277263,3.0,2.413470598553587,0.25,1.5707963267948966
1.3390835848467066,1.4592217387659758,-1.3094629962976778,8.0,6.0,8.061418901617388,1.9078044411948243,3.0,3.0,3.0,1.0,0.9539022205974121
6.926008579644192,-0.3061755477608292,1.7827889142020248,8.0,6.0,6.396976442834105,-0.38068196643174335,2.1781573730273713,2.3576729220018486,3.0,0.25,-1.5707963267948966
1.9566905469124638,5.414086186820382,0.41282121652829157,8.0,6.0,6.071645917068276,-0.31617081633311983,3.0,0.6750287683191382,0.42248962423800485,0.1,0.0
2.3380220439704704,-0.10832672245329533,0.06738403730152659,8.0,6.0,8.328844441025499,0.7559175624216468,3.0,3.0,3.0,1.0,0.3779587812108234
5.960044553414148,5.846137874372144,3.124259556858864,8.0,6.0,2.0457496859972886,-3.048977837762668,0.4759573367170096,0.5005820480381422,3.0,0.25,-1.5707963267948966
1.1806662494521132,5.50713321015998,1.7520518788686326,8.0,6.0,6.837121504982102,-1.6799024142080894,3.0,0.47917377003583783,0.7948643495174361,0.1,0.0
2.939682712406334,0.08832429094328198,-1.7324175015510568,8.0,6.0,7.781691380424347,2.595254280659707,3.0,3.0,3.0,1.0,1.2976271403298536
-0.34280522618614695,0.0334818628241047,-1.5838193878330493,8.0,6.0,10.256789835193457,2.204653703475221,3.0,3.0,3.0,1.0,1.1023268517376106
7.197014513269039,4.849732111476316,0.947480881069988,8.0,6.0,1.4028192710642713,0.013875447453749343,3.0,1.1822983232280402,3.0,0.5,-1.2217304763960306
-0.6509693404169724,0.25945268435161495,0.5756851497996557,8.0,6.0,10.382348193546214,0.010172435714898268,3.0,3.0,3.0,1.0,0.005086217857449134
3.622504566141525,4.017686582237055,-2.544810457878715,8.0,6.0,4.805417022454431,2.9700252082474856,2.440222433966812,0.5110210279174114,0.770512967526993,0.25,-1.5707963267948966
4.375079564679124,6.763027406360042,-2.705831556884837,8.0,6.0,3.7043567572877505,2.4983653756700464,3.0,1.9980571426086695,3.0,0.5,-1.2217304763960306
1.3276459160102805,1.2413135763577605,1.2803411009341643,8.0,6.0,8.195450292735066,-0.6608145299885985,2.7575632329318203,1.2664866309015377,2.5447118017436594,0.25,-1.5707963267948966
2.520372838729225,3.463522934834237,1.6478397937889042,8.0,6.0,6.038214117489404,-1.2143165253290422,0.137004226925455,0.29641856559037405,0.22941359059794397,0.25,-1.5707963267948966
2.396148525406866,0.9445885868670603,2.649343308771376,8.0,6.0,7.547207159296373,-1.9153517831289784,3.0,3.0,3.0,1.0,-0.9576758915644892
5.300337857532421,-0.6168133550632717,-1.1517699138553392,8.0,6.0,7.146355340956417,2.3351820957165845,3.0,3.0,3.0,1.0,1.1675910478582923
7.874538468165314,6.512075427657039,-3.0441351066926914,8.0,6.0,0.5272208641361278,1.713611675344151,0.6798564607573498,3.0,3.0,0.1,0.8726646259971648
0.8792824759800975,1.9598611850977488,1.6027509069108248,8.0,6.0,8.187022639553643,-1.086663591154241,0.35287571272117624,3.0,0.5231474298982788,0.25,1.5707963267948966
6.895247688359057,5.201846042547037,1.2650698767528155,8.0,6.0,1.362911372714247,-0.6394199016731351,3.0,0.6796254973778953,3.0,0.5,-1.2217304763960306
4.535403128749282,4.991281772741597,-0.6263085651554586,8.0,6.0,3.608454508828343,0.9096266739478757,3.0,0.11953225859908051,3.0,0.5,-1.2217304763960306
2.976113166704242,3.386851592213671,2.311314355913338,8.0,6.0,5.66286001194438,-1.831681122840291,0.3786687329383886,1.442704465815562,0.9142787220152238,0.25,-1.5707963267948966
3.581375815642854,6.915106942861802,-2.194214867404838,8.0,6.0,4.51238965510069,1.9899996559783921,1.6247977652436645,3.0,1.1521356348961471,0.25,1.5707963267948966
6.498939088758544,4.678278039523136,-1.386351377540579,8.0,6.0,2.0000331997404035,2.108302139220317,0.42035717421455604,0.3799538622194815,3.0,0.25,-1.5707963267948966
7.400865170274766,0.5421698796165195,-2.5710516051497443,8.0,6.0,5.490616738323213,-2.250674863205883,3.0,3.0,2.475006554276999,0.5,1.2217304763960306
3.263880336999158,3.110914776221148,-2.1291023259300452,8.0,6.0,5.5477601689799565,2.676850376832463,3.0,0.16991296851189047,1.6574132373365082,0.1,0.0
6.0669558009110816,4.676274288314049,2.4282477582749533,8.0,6.0,2.3428422130843116,-1.8278042301112345,0.7505700444190566,2.5947692560617073,1.3721359475458843,0.25,-1.5707963267948966
7.55581796887909,4.617681978042696,-2.066233837515369,8.0,6.0,1.4519300226245928,-2.957065247784019,0.347390206927374,1.583862733256404,0.45916388669101815,0.25,-1.5707963267948966
3.7885415765734374,1.4613813018905084,0.31737146493009755,8.0,6.0,6.191562140452088,0.5053987061242086,0.42474594213857886,0.9842177319561813,0.2606129765185709,0.25,-1.5707963267948966
2.8010356541674715,2.4794315442646315,1.09561596756062,8.0,6.0,6.278824135198945,-0.5003789085993909,3.0,1.1814287700259216,0.612770123459993,0.1,0.0
7.284024627521738,5.036067893606566,-1.7658228923095014,8.0,6.0,1.2007438693291208,2.697764385065459,0.5775675879085755,3.0,3.0,0.1,0.8726646259971648
1.7484958829861057,0.9035017267250236,-0.030971734105700862,8.0,6.0,8.065705076094494,0.7149386438393779,2.417876075110076,2.3765686370809505,3.0,0.25,-1.5707963267948966
1.2606624768224681,1.3291040542936816,0.1766911392288297,8.0,6.0,8.199752385708022,0.42937500424953123,3.0,3.0,3.0,1.0,0.21468750212476562
6.639011350432592,0.3834633187368208,-1.142943851650701,8.0,6.0,5.779080757025819,2.4760044785350233,3.0,3.0,3.0,1.0,1.2380022392675116
-0.8671793796832242,4.588005564948142,1.0986273853768491,8.0,6.0,8.97889739534297,-0.9407149133915238,3.0,3.0,3.0,1.0,-0.4703574566957619
4.617915670972761,3.649313355539384,-0.421118927259339,8.0,6.0,4.118764633855295,1.0285088186783273,3.0,3.0,3.0,1.0,0.5142544093391637
0.03303229852244138,-0.9361470369961031,1.6828046786629123,8.0,6.0,10.563271750514442,-0.9664646612039695,3.0,3.0,3.0,1.0,-0.4832323306019847
-0.2658645106821984,4.405603477155331,-1.1134097988849019,8.0,6.0,8.418231190755849,1.3039588572921015,1.3460552585511651,3.0,3.0,0.1,0.8726646259971648
6.360928862605343,4.677773127535448,-0.3244895862242711,8.0,6.0,2.1059055286758723,1.003298196774292,0.5818414131442777,3.0,0.4710504276768476,0.25,1.5707963267948966
1.2934390723194493,5.498925265915532,-0.6370410709694739,8.0,6.0,6.725253554017813,0.7116166222385647,1.3324994321503851,3.0,2.193707448266691,0.25,1.5707963267948966
6.309818334808103,0.4478296886134334,-2.5942533893334425,8.0,6.0,5.803732353235567,-2.4136408304248302,3.0,3.0,1.5393145051672295,0.5,1.2217304763960306
0.7475017419073686,0.5473679480649567,0.9817578738854801,8.0,6.0,9.07358403705096,-0.33708780153107415,3.0,3.0,3.0,1.0,-0.16854390076553707
7.145092750978794,-0.23631751511747723,-2.266835957544848,8.0,6.0,6.294642369014306,-2.5817891247081617,3.0,3.0,3.0,1.0,-1.2908945623540808
0.9813160314269043,5.5484940101983335,-2.4868193310278426,8.0,6.0,7.033191473970531,2.551059966497054,0.10283294342123211,1.9184059826021544,0.08654358818052077,0.25,-1.5707963267948966
6.337478793855821,0.1880632880827644,1.298093063546561,8.0,6.0,6.045046327714158,-0.005909403189733672,3.0,3.0,3.0,1.0,-0.002954701594866836
5.55369441552742,4.201874366526422,3.0613897814250888,8.0,6.0,3.0360610676296496,-2.427533833675529,2.234249857303101,1.2682035657976387,0.9187091440622457,0.25,-1.5707963267948966
3.9637724134224284,6.760590235842874,2.2859905881369325,8.0,6.0,4.107265591303943,-2.4722472984343473,3.0,1.6376127084415846,3.0,0.5,-1.2217304763960306
-0.9874127307227913,4.915673925442424,-1.1435499659872008,8.0,6.0,9.052588062445102,1.263619037404911,3.0,3.0,3.0,1.0,0.6318095187024555
2.5206817079936945,-0.8482231791965837,0.17600741952778576,8.0,6.0,8.77046690075279,0.7199821023416273,3.0,2.595936127784969,3.0,0.5,-1.2217304763960306
0.5997487710312,5.077121188277696,-0.9047526986544989,8.0,6.0,7.457574910986829,1.028821277124524,3.0,1.7243585147113607,1.7420610969335901,0.1,0.0
-0.6205261857806107,1.0116568952731058,-0.1915031095042617,8.0,6.0,9.959771013944323,0.7160827068653023,3.0,3.0,3.0,1.0,0.35804135343265114
1.5386723183305113,0.6314287219205283,-1.1785723088411164,8.0,6.0,8.40061384529299,1.8718594422318147,3.0,3.0,3.0,1.0,0.9359297211159073
-0.7846286575405114,6.727280347118439,1.642213213047458,8.0,6.0,8.814683054664343,-1.7248149408575533,3.0,3.0,3.0,1.0,-0.8624074704287766
3.330911448858198,4.078509518278086,2.5955203969965437,8.0,6.0,5.049011147715101,-2.2051103011097744,0.42817418806745966,0.44448254136334864,0.28129363017561904,0.25,-1.5707963267948966
5.188505213740918,4.599840541255588,-0.44798396426837095,8.0,6.0,3.140851706635231,0.9100402843349213,1.4561380975653866,3.0,2.2309847653237287,0.25,1.5707963267948966
2.7889970799184587,-0.06528377965260734,-0.7231220707161106,8.0,6.0,7.99638785707743,1.584134851263141,3.0,3.0,3.0,1.0,0.7920674256315705
1.957675853724277,4.601288842322987,1.8579698658230055,8.0,6.0,6.202102384778634,-1.630490956303153,3.0,1.3208670682503088,3.0,0.5,-1.2217304763960306
7.398749214564393,4.5865647118994675,2.291291916202669,8.0,6.0,1.536001894736712,-1.1226902624373858,1.6495261476327858,3.0,3.0,0.1,0.8726646259971648
0.32634328751248143,-0.36399449548682217,-2.2499882340173154,8.0,6.0,9.969224306820031,2.9423592906234077,3.0,3.0,3.0,1.0,1.4711796453117039
7.225359189162338,5.142015300075341,-0.036979910143164055,8.0,6.0,1.15594382697432,0.8733827916944905,3.0,3.0,3.0,0.57797191348716,0.43669139584724526
-0.9814933654389142,1.316332410782036,1.5574146160937374,8.0,6.0,10.129361537614997,-1.0767311800536914,3.0,3.0,1.9167060383199215,0.5,1.2217304763960306
0.13227801096218839,0.7686978008682406,-2.0647577768904433,8.0,6.0,9.448151776693146,2.6515410520726324,3.0,3.0,3.0,1.0,1.3257705260363162
5.080279058318201,6.420110842922184,0.0673592327416683,8.0,6.0,2.949790415883142,-0.2102657222246334,0.7220580281187111,3.0,3.0,0.1,0.8726646259971648
5.792531074121618,0.0673910172062655,-2.377798035837148,8.0,6.0,6.329989605160783,-2.690808603150921,3.0,3.0,3.0,1.0,-1.3454043015754604
1.536032148913078,1.8081265352429918,-2.8770551899575034,8.0,6.0,7.704199083903479,-2.830811155954503,3.0,3.0,3.0,1.0,-1.4154055779772514
-0.7970306340690215,2.482814339183477,2.9691308713752878,8.0,6.0,9.474087974544155,-2.5887839031180135,3.0,3.0,3.0,1.0,-1.2943919515590068
3.6768954249684045,6.462651339761009,1.146205361292865,8.0,6.0,4.3477901776467744,-1.2528178973697326,3.0,3.0,3.0,1.0,-0.6264089486848663
4.632040265772919,6.858414957898955,1.3420944534238095,8.0,6.0,3.475633612928672,-1.591657797152085,3.0,3.0,3.0,1.0,-0.7958288985760426
-0.9855097159015792,4.350588246398938,-2.1325756961114197,8.0,6.0,9.135641410841332,2.3141181586593156,3.0,3.0,3.0,1.0,1.1570590793296578
4.025149954277364,1.9736185908442696,-1.7505991326063266,8.0,6.0,5.657842357116017,2.5424376360001175,3.0,0.40885422502016877,3.0,0.5,-1.2217304763960306
-0.21648984442094532,1.6093803446282964,-2.2985795016853046,8.0,6.0,9.316020948967905,2.7893411102775114,3.0,3.0,3.0,1.0,1.3946705551387557
1.458206810911292,6.784877289054947,-0.8243773441988251,8.0,6.0,6.588709318803012,0.7049691978795817,0.12066777233457593,0.12757999216451532,3.0,0.25,-1.5707963267948966
5.90618918621405,-0.3538421830938283,1.1044466914355133,8.0,6.0,6.689944260723667,0.14802183228679475,3.0,3.0,3.0,1.0,0.07401091614339737
2.8901652497424792,5.726129953336822,-2.945956751505566,8.0,6.0,5.11716874623054,2.999502173476044,2.0706544543508274,0.047559057085401535,0.6926166754935891,0.25,-1.5707963267948966
4.857885512734078,2.7149238468742123,1.6729278791713804,8.0,6.0,4.545834222991652,-0.8652901240932633,2.33287262957893,0.22297605831423972,3.0,0.25,-1.5707963267948966
2.572104032869923,2.9404914206111243,2.418860347444716,8.0,6.0,6.230782244416915,-1.905587237460982,3.0,0.883320014745825,0.6619837693456786,0.1,0.0
7.684777948531561,6.501865577085352,1.4939495980288784,8.0,6.0,0.5926499803384666,-2.503920097567725,3.0,3.0,3.0,0.2963249901692333,-1.2519600487838625
5.535899071210709,3.6072106737894156,-1.7857679255465673,8.0,6.0,3.434710198384654,2.5564845797682225,2.534726420477422,1.4542769764738348,0.9971636993893854,0.25,-1.5707963267948966
4.95919869224195,0.6910086877156152,-1.8866791688356115,8.0,6.0,6.118158329691553,2.93732293968874,3.0,3.0,3.0,1.0,1.46866146984437
1.3563319928932867,-0.3800980410129169,-1.1905510154895054,8.0,6.0,9.211078959687088,1.9557143258272476,3.0,3.0,3.0,1.0,0.9778571629136238
7.2167742727742965,5.472934800087426,-0.9608660106528741,8.0,6.0,0.9440552233567238,1.5532002494994548,3.0,3.0,0.9900717200585639,0.5,1.2217304763960306
0.09049269489557843,3.6656033925829856,-2.9021477627396246,8.0,6.0,8.246800187358748,-3.094047196451486,3.0,3.0,3.0,1.0,-1.547023598225743
2.0360109969917177,5.185202137799383,-2.097174071538233,8.0,6.0,6.019390366494801,2.232953079335816,1.7396991487588687,0.891692059323101,3.0,0.25,-1.5707963267948966
0.203282032427051,2.8681278093453875,-1.609107122242514,8.0,6.0,8.402227947661892,1.991070490636592,3.0,0.25610318604138904,3.0,0.5,-1.2217304763960306
0.8806343918642405,0.5359168864209387,-3.0371968335959227,8.0,6.0,8.974495581056694,-2.591383768750801,3.0,3.0,3.0,1.0,-1.2956918843754004
1.0822939725587823,5.338452277394033,2.4789929879850674,8.0,6.0,6.949266297342598,-2.383651840342644,0.23179151970353296,0.23203024365182928,3.0,0.25,-1.5707963267948966
3.601454916166042,5.677899036507512,2.391980829025823,8.0,6.0,4.410322877659035,-2.318882327339226,1.6300153804014668,0.3809163127179811,3.0,0.25,-1.5707963267948966
3.662044716633279,0.7348838143973317,-1.9121385073489365,8.0,6.0,6.8219721846680415,2.7937867133172096,3.0,3.0,3.0,1.0,1.3968933566586048
-0.7044051766438405,2.779830549212744,-3.0902499022077596,8.0,6.0,9.280956888757085,-2.83860201684259,3.0,3.0,3.0,1.0,-1.419301008421295
3.004741953032849,1.5577751118430694,2.7860071224227294,8.0,6.0,6.684756159558173,-2.059141667382814,2.132052045694363,3.0,3.0,0.1,0.8726646259971648
-0.05346336021193876,1.9680044991809584,-1.148547457757171,8.0,6.0,9.006401046639061,1.6127178176952686,3.0,3.0,3.0,1.0,0.8063589088476343
7.890954500353912,3.3903037868190493,1.8822093850216115,8.0,6.0,2.6119734390081493,-0.3531735138229589,2.792863117514802,0.5898194657574046,3.0,0.25,-1.5707963267948966
2.020975528218079,2.2115632535362293,2.9316715489629885,8.0,6.0,7.07820504196679,-2.366896715799175,0.7407007842497697,3.0,0.6627501798055584,0.25,1.5707963267948966
5.168665253583994,4.385618996286382,-1.178960175444701,8.0,6.0,3.259245690556939,1.6971673667901979,2.0430845815578906,1.478393254524129,1.2922580877743934,0.25,-1.5707963267948966
3.225674314753303,3.7433636046091268,-0.1327306028736571,8.0,6.0,5.2807758492298325,0.5742685978618113,0.5699192911411843,1.9676798667991362,0.3802480383345288,0.25,-1.5707963267948966
2.209061347659603,-0.206304393255488,-2.5790102534982613,8.0,6.0,8.48841473403087,-2.884168947700428,3.0,3.0,3.0,1.0,-1.442084473850214
6.933987144490429,5.256054523262318,2.6839443187279133,8.0,6.0,1.2999377986927405,-2.074644845824267,3.0,3.0,0.6175133389336679,0.5,1.2217304763960306
-0.8318441619420265,2.011314078542716,-2.7684642189368263,8.0,6.0,9.690773275691729,-3.090516228284195,3.0,3.0,3.0,1.0,-1.5452581141420976
1.4774031289264826,2.3782824216203187,1.5308038320888002,8.0,6.0,7.460637248927361,-1.023933497238128,0.11415999269632582,0.08425310004953745,3.0,0.25,-1.5707963267948966
2.947468959680531,3.7152119269980792,-2.760018559346705,8.0,6.0,5.545117352403244,-3.0984792961793564,1.3764387008935235,3.0,0.13274702406790662,0.25,1.5707963267948966
4.946815475489622,2.9633811817491367,-1.582557326889931,8.0,6.0,4.306157171779142,2.3652352603444804,1.5068179633700973,0.9315665549990315,0.521491801248896,0.25,-1.5707963267948966
6.029353357839195,5.8474360313640785,-0.9880513856665557,8.0,6.0,1.976543435592954,1.0653154954646173,1.6212030118079843,3.0,3.0,0.1,0.8726646259971648
3.869418560871667,2.189977524879062,1.566577727370865,8.0,6.0,5.619428288197846,-0.8215272502177843,0.1222133641612736,0.2588911493575874,0.15663601472668331,0.25,-1.5707963267948966
3.6712291740312253,0.7870873920420092,-1.2641154662739675,8.0,6.0,6.7758921716601845,2.1419107746446313,3.0,3.0,3.0,1.0,1.0709553873223157
1.0438497726741272,-0.12817298521149123,-1.1445843904153619,8.0,6.0,9.270519409493824,1.8667867201038575,3.0,3.0,3.0,1.0,0.9333933600519287
6.886329538973205,1.8515647013154304,-1.2247553094971895,8.0,6.0,4.295320398193337,2.5332798744921012,3.0,3.0,3.0,1.0,1.2666399372460506
4.088389146420095,1.7649343669225583,-1.335718674371474,8.0,6.0,5.7651088789647105,2.160799888395426,0.22360864602886082,0.22307499203901093,3.0,0.25,-1.5707963267948966
0.605529017856377,1.2739425817187593,-2.4758851909222894,8.0,6.0,8.775751809768508,3.0445837435083343,3.0,3.0,3.0,1.0,1.5222918717541671
4.0078718708305345,1.6992255941257834,-0.5035656120646325,8.0,6.0,5.868027563835128,1.3261647292425038,0.21358689147749238,1.573269572256243,0.24420106186259766,0.25,-1.5707963267948966
7.660311650816052,5.438621781514176,-1.6982176903421446,8.0,6.0,0.6561506524889181,2.7248550532524995,1.3463057542923167,3.0,3.0,0.1,0.8726646259971648
1.171727991199441,5.54933574023174,0.511224932355538,8.0,6.0,6.84312771334875,-0.445320761502776,0.9223073136656419,3.0,1.2095352208975225,0.25,1.5707963267948966
-0.19076191080217775,5.661209289550706,2.5076056935355298,8.0,6.0,8.197765538543687,-2.466266718670884,3.0,3.0,3.0,1.0,-1.233133359335442
-0.5468634824960016,3.7246919303782366,1.5341925727859613,8.0,6.0,8.844540813411944,-1.2740113836584923,3.0,3.0,3.0,1.0,-0.6370056918292462
5.247347174925846,-0.7040871786268568,1.8936146377140963,8.0,6.0,7.247198249945818,-0.712423297189417,1.5539032700691022,3.0,3.0,0.1,0.8726646259971648
-0.7416419432704007,2.6095218040505515,-2.71581327520078,8.0,6.0,9.376121066920634,3.0858050531830057,3.0,3.0,3.0,1.0,1.5429025265915028
1.49729822462286,2.497337465489802,-0.7142410223850783,8.0,6.0,7.38605274894205,1.2083263617717561,3.0,1.9113193273071527,3.0,0.5,-1.2217304763960306
-0.12167139591977105,6.582424039170811,0.4036155276104619,8.0,6.0,8.142528110157523,-0.4752053122023835,3.0,3.0,2.856640444280795,0.5,1.2217304763960306
5.4416817265163315,0.3578117147936446,1.3992502085155043,8.0,6.0,6.195101374001905,-0.2541537176006037,1.2924266028079803,0.819794732784733,2.7932095668012504,0.25,-1.5707963267948966
3.7792432356149286,4.464195305578876,-2.9323552199754546,8.0,6.0,4.491490145097537,-3.001853181714305,0.5115485410504679,3.0,0.24579180140724344,0.25,1.5707963267948966
3.6466414541954544,0.9695147677855047,-2.251106032912543,8.0,6.0,6.652631982896513,3.1085381217713732,3.0,3.0,3.0,1.0,1.5542690608856866
2.640351104607812,2.490060942288972,3.0498589582511553,8.0,6.0,6.406676866420225,-2.470059212182575,1.0783598696563086,3.0,3.0,0.1,0.8726646259971648
0.20370664326513999,1.361101840035297,-0.36479691500747735,8.0,6.0,9.072021067148821,0.9015416486938942,3.0,3.0,3.0,1.0,0.4507708243469471
3.805584423892739,0.08961575998976468,2.1686348576581205,8.0,6.0,7.247466032321405,-1.2150242221266647,3.0,3.0,1.064855170660929,0.5,1.2217304763960306
2.8189599747699217,6.329437532953309,1.985689786183107,8.0,6.0,5.191503137931678,-2.049189512992846,3.0,0.344438241573603,3.0,0.5,-1.2217304763960306
7.486689138674807,-0.3849608434535021,1.5306728206092297,8.0,6.0,6.405561100542939,-0.040097700139930054,2.4535039885924608,3.0,3.0,0.1,0.8726646259971648
5.331683327333384,4.466046429916373,-2.6759658537776416,8.0,6.0,3.0778121159035914,-3.085477704641183,3.0,2.9217431903642765,1.7188451378695184,0.1,0.0
4.6319793003787275,4.636056920558204,1.8788360547121477,8.0,6.0,3.633717677122775,-1.494053638545532,3.0,1.0617078821133057,0.340548326421116,0.1,0.0
1.162397274876156,-0.4526502963769081,-2.674167323452302,8.0,6.0,9.401569383563258,-2.8525767429311943,3.0,3.0,3.0,1.0,-1.4262883714655972
5.038865937096438,2.907049818782645,3.011800698607711,8.0,6.0,4.281898616499487,-2.2046328853321246,0.3434368307945096,3.0,2.2902501786588134,0.25,1.5707963267948966
6.837844532887733,0.3299613235606156,1.634962886807513,8.0,6.0,5.787913606996689,-0.2663308894709525,3.0,3.0,2.1819928241881095,0.5,1.2217304763960306
3.2402844691286425,1.1138191106939068,-1.5656959594229967,8.0,6.0,6.82126495731093,2.364204165423762,3.0,3.0,3.0,1.0,1.182102082711881
1.1699562917093829,6.817657912341767,-0.821324210601963,8.0,6.0,6.8788125078951925,0.702176359480104,0.48665625224704645,0.431938977790418,3.0,0.25,-1.5707963267948966
7.922591343550785,-0.8144252719246579,-2.8009695718449863,8.0,6.0,6.814864920652406,-1.9227784482301646,3.0,3.0,3.0,1.0,-0.9613892241150823
1.9953819164546651,3.608794050775435,-1.884679083472067,8.0,6.0,6.463227074832401,2.263656783335666,3.0,3.0,0.46914237529949776,0.5,1.2217304763960306
4.380728138280143,6.4754533738186915,-1.00525621462226,8.0,6.0,3.6503677512974897,0.8746370323059777,0.5554250038497195,1.559259405529471,2.8911375834843835,0.25,-1.5707963267948966
5.792197350742354,2.8487967850572424,2.582167962788362,8.0,6.0,3.847658280036658,-1.6225150026574557,2.897128041444467,1.2783621364469053,2.1883202616832818,0.25,-1.5707963267948966
0.6452454935536238,-0.25908552982709043,-2.8062423443961437,8.0,6.0,9.65756519624818,-2.771853694436815,3.0,3.0,3.0,1.0,-1.3859268472184074
2.9960678745006875,6.246078698127776,1.06726421810277,8.0,6.0,5.009979185812685,-1.1164016980678428,3.0,3.0,3.0,1.0,-0.5582008490339214
3.143659928474044,6.412276565141776,-2.6334813098446204,8.0,6.0,4.873808660223935,2.548789878882768,3.0,0.7432251320815525,0.6793581173814098,0.1,0.0
3.8929500989898225,-0.2534050706469202,2.6849503351946225,8.0,6.0,7.481506122899341,-1.6952738604691078,3.0,3.0,3.0,1.0,-0.8476369302345539
2.7682714089131464,-0.7319666200551147,-2.8369312219350684,8.0,6.0,8.525864098396825,-2.536107870028848,3.0,3.0,3.0,1.0,-1.268053935014424
-0.9850750300093831,3.735653473851338,2.4411670079170795,8.0,6.0,9.266004450969126,-2.194295617214289,3.0,3.0,3.0,1.0,-1.0971478086071444
5.538728460273712,4.2006443842196575,-3.064001103371864,8.0,6.0,3.048858511690378,-2.587910412216686,2.6467171303321897,1.3303677513202468,3.0,0.25,-1.5707963267948966
5.596007142472088,6.233648977557573,-1.3343353940590825,8.0,6.0,2.415320579914583,1.237447662830678,3.0,0.5930593256517497,0.35014749022770686,0.1,0.0
7.290938951306169,1.6523779339992712,2.757948865827211,8.0,6.0,4.405063586323272,-1.34882086129891,0.8537908701380489,3.0,3.0,0.1,0.8726646259971648
2.669578354661557,0.5289813772419443,-1.3259174818173145,8.0,6.0,7.6384186640729546,2.1243314129567774,3.0,3.0,3.0,1.0,1.0621657064783887
0.05039182427495881,4.960656214971402,-1.5605082197394082,8.0,6.0,8.017262977539902,1.6905123423035695,3.0,3.0,3.0,1.0,0.8452561711517848
-0.634945995484958,5.987670025169065,-2.9912809685925903,8.0,6.0,8.634954798562703,2.992708883307673,3.0,3.0,3.0,1.0,1.4963544416538366
4.519921792526635,4.317965916528541,1.8788356213799835,8.0,6.0,3.8652532889955222,-1.4286108908901098,3.0,0.9695026675845686,0.6819108006161432,0.1,0.0
-0.8893451947049007,6.631611473865421,-1.8466913596392085,8.0,6.0,8.911755777877982,1.7757579246284931,3.0,3.0,3.0,1.0,0.8878789623142466
2.840966312471929,4.240048969232869,0.7348386362566576,8.0,6.0,5.450968374495285,-0.406078911988315,0.09746035097395511,0.07745350005311569,3.0,0.25,-1.5707963267948966
3.417455855630643,0.3764617659062095,1.6828956140638647,8.0,6.0,7.254232771658805,-0.7958515463932708,3.0,3.0,0.9456729520499048,0.5,1.2217304763960306
3.896888667629086,4.1203514030373185,-2.9515180765482643,8.0,6.0,4.513158700277932,-2.9020951166653615,1.0219616831987104,3.0,0.5731513386174358,0.25,1.5707963267948966
-0.9315166911734243,4.421738781861758,-0.069767197524044,8.0,6.0,9.069889683859925,0.2446686262961929,3.0,1.4079636363166737,1.877072733936036,0.1,0.0
0.35358610978181115,1.0590379910515368,-0.9811286413823235,8.0,6.0,9.103886585101645,1.5548139702975443,3.0,3.0,3.0,1.0,0.7774069851487722
3.5615915201763366,1.581063332861108,2.1420935392212614,8.0,6.0,6.263103951073715,-1.3588937525375464,3.0,3.0,0.791289543948279,0.5,1.2217304763960306
2.704613113211017,6.187403828329057,2.4084338899891575,8.0,6.0,5.298701961391026,-2.443809142618836,0.2937313372806864,0.3292431541504152,3.0,0.25,-1.5707963267948966
4.443756322341064,0.10728221727442744,2.6560347212271807,8.0,6.0,6.882658785799231,-1.628226019687283,3.0,3.0,0.6983278446547034,0.5,1.2217304763960306
6.1309936579325335,-0.37306247699876227,0.12435150785329695,8.0,6.0,6.641468967210343,1.161176849294061,3.0,2.8892823193268433,3.0,0.5,-1.2217304763960306
0.24139591376585612,1.1652338735212737,1.8773377083934368,8.0,6.0,9.141712140768558,-1.320070580008721,3.0,3.0,1.2994241115015757,0.5,1.2217304763960306
-0.5870219964907281,6.645168408521936,-0.4151492896716585,8.0,6.0,8.611224596047322,0.34015722370747004,3.0,3.0,3.0,1.0,0.17007861185373502
2.2671274418447402,5.338829833739793,-0.31061996885966103,8.0,6.0,5.770872876506827,0.4254423273916362,0.10834431250328347,0.2053356506439853,0.14335716279112448,0.25,-1.5707963267948966
3.720508044282764,1.8675251602666476,-0.17383815779170173,8.0,6.0,5.949067128557025,0.9417609609685391,3.0,3.0,0.5639663934171051,0.5,1.2217304763960306
7.1565761467769455,0.26823410113419666,-0.036020336607208575,8.0,6.0,5.793488078488341,1.4607160994828234,3.0,3.0,3.0,1.0,0.7303580497414117
0.8215449764157903,-0.7181932597198903,-0.2002428860538903,8.0,6.0,9.831802337342179,0.9525328085751944,3.0,3.0,3.0,1.0,0.4762664042875972
1.282452842239171,0.34234403675009606,-1.290594385572675,8.0,6.0,8.782625508083434,1.9905546785343422,3.0,3.0,3.0,1.0,0.9952773392671711
6.7354277410607475,5.638413711079223,-1.2879186527021276,8.0,6.0,1.3152519311577624,1.5664229558882337,1.190322107124944,3.0,3.0,0.1,0.8726646259971648
0.8077574179536298,0.24815514073794276,-2.47269844199538,8.0,6.0,9.209347025930796,-3.135911197921417,3.0,3.0,3.0,1.0,-1.5679555989607086
1.6201080910060646,1.5689450907516882,0.19778994956411164,8.0,6.0,7.7677067644974755,0.409258454260068,3.0,3.0,3.0,1.0,0.204629227130034
0.8109750270931413,1.5236890109721593,-0.23008914069152983,8.0,6.0,8.46873308893189,0.787003257669867,3.0,2.933316159832202,3.0,0.5,-1.2217304763960306
1.7470119807956372,4.238375326123321,-0.6762268934962089,8.0,6.0,6.496397514001465,0.9508347117377046,0.45615312943410574,0.4812025598467889,3.0,0.25,-1.5707963267948966
2.9372532790516717,6.30796085152277,2.1924649347000633,8.0,6.0,5.07210451849562,-2.2532188843551926,3.0,0.4573695353472301,3.0,0.5,-1.2217304763960306
5.80744835077097,5.588814047079099,0.8816720461631459,8.0,6.0,2.23077489281559,-0.6962877386999037,0.44506300338447435,3.0,3.0,0.1,0.8726646259971648
2.4704797435725387,6.329828741519866,0.9964776298834949,8.0,6.0,5.539348451304918,-1.056055746208325,3.0,0.000584578178483619,3.0,0.5,-1.2217304763960306
7.807629665091143,5.579390280196336,-1.5436767653587258,8.0,6.0,0.4625136561727254,2.6855149334034585,2.4934209475654283,3.0,1.686169945243959,0.25,1.5707963267948966
4.808376190164807,3.3350628796790405,-0.33862667628111554,8.0,6.0,4.157926454228295,1.0343350592467562,2.753274735607449,1.9040363495722221,1.6724432632135933,0.25,-1.5707963267948966
1.996510593193082,0.23826798241784086,2.5319003850636252,8.0,6.0,8.32102402953352,-1.7670478078971532,3.0,3.0,2.4018865421020688,0.5,1.2217304763960306
2.483718117801071,5.882120774298688,2.894989800883922,8.0,6.0,5.5175412382444495,-2.873623726773677,0.48376401691296966,3.0,0.28826829911249624,0.25,1.5707963267948966
0.7162139609789291,6.889095778085476,0.39102677644206074,8.0,6.0,7.337849164765359,-0.5124909474859971,3.0,3.0,0.853043068000287,0.5,1.2217304763960306
2.7882780210914175,1.4005575327809305,1.410704163842444,8.0,6.0,6.9510371164810385,-0.6876315800700372,2.989718192564192,1.8680295248853465,1.538128674629313,0.25,-1.5707963267948966
6.4978905487831655,5.426937207629194,0.7824845023976271,8.0,6.0,1.6077107225601142,-0.4180227446794271,3.0,0.37306512266606184,3.0,0.5,-1.2217304763960306
4.569423527318216,4.8414127716762705,-3.05533042358853,8.0,6.0,3.620936246408193,-2.9021581520590085,0.9142937370712525,3.0,2.7139097528886316,0.25,1.5707963267948966
1.2997060984550037,5.451359434543953,-2.027308456814673,8.0,6.0,6.72271856001313,2.1090092450535853,3.0,3.0,0.4815506066817372,0.5,1.2217304763960306
2.719345275199225,0.3750708567198986,-1.9445435887068074,8.0,6.0,7.7152538642278365,2.7614999084986818,3.0,3.0,3.0,1.0,1.3807499542493409
7.510929997270921,6.876459772215714,-0.6662291368790489,8.0,6.0,1.0036788330346729,-0.39559795794336855,3.0,3.0,3.0,0.5018394165173364,-0.19779897897168428
3.555603816148463,0.6441215651126777,1.669700232447548,8.0,6.0,6.959747929941513,-0.7915630681100593,2.114535254049414,2.7998123387986142,0.7014104303975959,0.25,-1.5707963267948966
7.1056153143565375,-0.998258510583744,-2.9690425046416293,8.0,6.0,7.055178675758068,-1.8704584556793653,3.0,3.0,2.9954572200474,0.5,1.2217304763960306
4.028133780035244,2.2384482718595295,-0.4521583973319161,8.0,6.0,5.470374088924237,1.2103677204424055,3.0,3.0,0.647085076341793,0.5,1.2217304763960306
1.5084746837698955,4.358032486111476,2.7505879347679323,8.0,6.0,6.69596581890332,-2.50284397337497,3.0,3.0,3.0,1.0,-1.251421986687485
7.009274273825882,3.263605188596073,1.1883967447620438,8.0,6.0,2.910222333152841,0.03502586827158341,0.2678101343441057,0.26697298362233046,3.0,0.25,-1.5707963267948966
7.520427840081293,4.869074468183672,2.7053150796928764,8.0,6.0,1.2284062907210864,-1.5355868560946004,2.2092967548448166,3.0,1.307822173842745,0.25,1.5707963267948966
7.965086824005358,4.0175977269775025,2.490679249491624,8.0,6.0,1.9827096867526517,-0.937492651815123,3.0,0.471428296940879,3.0,0.5,-1.2217304763960306
6.89617540503046,3.4438076334989924,-2.8271197881082655,8.0,6.0,2.7843398052352897,-2.292905397906578,2.37613108811054,1.214303155062001,3.0,0.25,-1.5707963267948966
6.658837173078478,1.0392038897032512,-0.992912205932936,8.0,6.0,5.138892465916316,2.299668329562279,3.0,3.0,3.0,1.0,1.1498341647811394
2.274256713128096,2.083062201470227,-0.7889444157527207,8.0,6.0,6.937329306347648,1.3889142045572274,3.0,3.0,3.0,1.0,0.6944571022786137
3.201669523547176,2.8092063311024607,-2.378987918734931,8.0,6.0,5.762390094286624,2.965821901816526,3.0,3.0,1.5197045007740284,0.5,1.2217304763960306
6.014352044091881,1.1098291288573847,2.813888853500157,8.0,6.0,5.277932261196028,-1.6288024757140003,1.1655430804152376,3.0,0.4804851738539526,0.25,1.5707963267948966
2.463034727981804,0.3000546028801896,-2.2377196378650477,8.0,6.0,7.946531441684658,3.037620781917322,3.0,3.0,3.0,1.0,1.518810390958661
2.9907732563527687,1.3013221668732067,1.0286681386664163,8.0,6.0,6.868036542476149,-0.2752483536459755,1.2759313273668074,2.3771296167994214,1.248890599282021,0.25,-1.5707963267948966
1.2718635091743087,4.831830238799039,-0.2908020517303991,8.0,6.0,6.828795005721329,0.4627128417558795,1.3647210055221353,1.4058568594775025,3.0,0.25,-1.5707963267948966
5.297790947438872,2.3271390790960025,-1.4509360141040626,8.0,6.0,4.5598071349616385,2.3874311611845846,3.0,0.28645457299765364,0.8839209261535939,0.1,0.0
1.3092880832893354,-0.6400747385171259,1.3849608244935108,8.0,6.0,9.426357646806501,-0.6033611567109315,3.0,3.0,3.0,1.0,-0.30168057835546574
-0.5618666218839595,4.510266963336882,1.187351611615287,8.0,6.0,8.690504276016217,-1.0150799946227695,3.0,3.0,3.0,1.0,-0.5075399973113848
3.239929252253818,1.6959058483323357,-1.4077767048799252,8.0,6.0,6.417437182393661,2.1429118217276435,3.0,0.9387318847709039,3.0,0.5,-1.2217304763960306
7.369519279022281,6.351083817167364,-0.7607150497269412,8.0,6.0,0.7216410369438473,0.2526271780480102,3.0,3.0,2.081823093221218,0.5,1.2217304763960306
0.4413772879065765,1.3252963510867213,2.8339463469068162,8.0,6.0,8.887386089786899,-2.2800639881938385,3.0,3.0,3.0,1.0,-1.1400319940969192
0.11186567791233615,2.368661903942363,-2.575994185894181,8.0,6.0,8.683851648386039,3.0074254718067963,3.0,3.0,3.0,1.0,1.5037127359033982
-0.09104268204464783,0.0953400653887213,-2.8974920899055028,8.0,6.0,10.01648544281236,-2.755260703081297,3.0,3.0,3.0,1.0,-1.3776303515406485
3.8204227052455915,5.488057586617109,-2.5469521027377957,8.0,6.0,4.210813626539042,2.668831651665516,0.25520227105943083,2.1442749326384085,0.41790916427863406,0.25,-1.5707963267948966
4.880900464333906,0.33933272944057347,-1.7906476264037525,8.0,6.0,6.463121216670406,2.8578235727996213,3.0,3.0,3.0,1.0,1.4289117863998106
5.062272216762629,3.6935624490603596,0.9686642775067793,8.0,6.0,3.7349563189934636,-0.30306917959649343,2.556040280046254,1.250704456898808,1.4638173681197344,0.25,-1.5707963267948966
2.2364699375198676,4.5781017512289015,-0.5953017912143007,8.0,6.0,5.936335015055211,0.8371779553070368,0.31760925256628236,0.18367329600036586,0.2464905229393589,0.25,-1.5707963267948966
1.4335806506914466,0.9670392566676025,-1.7387694909507836,8.0,6.0,8.273364304495407,2.3927280821922716,3.0,3.0,3.0,1.0,1.1963640410961358
-0.06141347959432686,0.9328765381992596,-1.2095113402470037,8.0,6.0,9.521666212702304,1.7706702421950795,3.0,3.0,3.0,1.0,0.8853351210975398
5.783533508916899,3.777896881101568,2.1259971665521187,8.0,6.0,3.1385452007438692,-1.3393290839508345,1.3273703678514117,2.562041510743697,2.1179627054682015,0.25,-1.5707963267948966
0.6441322992140888,4.866285660876462,1.6438645235946336,8.0,6.0,7.442721131024575,-1.490943972393412,0.2546063972229283,0.4162556849427654,1.6243908590928144,0.25,-1.5707963267948966
-0.3396541483447981,3.1004386158322506,1.4355859837731728,8.0,6.0,8.82934241801514,-1.1009762174610713,3.0,3.0,3.0,1.0,-0.5504881087305357
6.004242330286566,5.980368474630127,-3.029744081631049,8.0,6.0,1.995854221381999,3.0395803921848494,0.5755879700951289,0.6490382430618693,3.0,0.25,-1.5707963267948966
5.683794851188691,2.807315707064859,-1.452506257864492,8.0,6.0,3.9443680464346604,2.395684651593456,0.3893673400096906,0.5078474383889413,1.4993370666440538,0.25,-1.5707963267948966
-0.4340056507127328,4.64410278192831,-2.9471905760222517,8.0,6.0,8.5423011292174,3.1065921508508296,3.0,3.0,3.0,1.0,1.5532960754254148
4.011021492952567,1.4803237666038864,-2.1088375466486786,8.0,6.0,6.028218873300143,2.9565265385938044,3.0,0.09893607883740341,3.0,0.5,-1.2217304763960306
1.724203042325211,0.9436261226801657,0.5614047303275351,8.0,6.0,8.05931412970127,0.11679871826757131,2.5629955044300283,2.7599274153792814,3.0,0.25,-1.5707963267948966
1.082030466954182,1.0420902166493757,1.4477097367682201,8.0,6.0,8.511120483226284,-0.8258824293994973,1.3113758604252688,3.0,2.8513592730307007,0.25,1.5707963267948966
1.4475298034302977,2.155855888397448,1.7622102337506658,8.0,6.0,7.596861827603735,-1.2316491378308376,0.271767862504285,0.3063621756532351,1.7506607128279097,0.25,-1.5707963267948966
0.10375907450607036,3.4960806247598724,1.9133486135115256,8.0,6.0,8.28373303475843,-1.6062760433268533,3.0,3.0,3.0,1.0,-0.8031380216634266
0.019094564538230996,0.3009955453057289,-1.7423291818154614,8.0,6.0,9.806809029669557,2.362442396947103,3.0,3.0,3.0,1.0,1.1812211984735514
1.835250836577924,4.943902059432474,2.3733187261802637,8.0,6.0,6.2545563478143,-2.2036533146324744,3.0,3.0,1.0911209638664172,0.5,1.2217304763960306
5.743069123306061,4.506409458138498,0.7565427968202127,8.0,6.0,2.7063905277902167,-0.17193126624898017,3.0,1.979074139599602,1.1002505969391758,0.1,0.0
2.52310681316641,0.4165938220382124,-0.947918083946229,8.0,6.0,7.821175329072099,1.742946158351889,3.0,3.0,3.0,1.0,0.8714730791759445
1.72925681757462,-0.950944224917329,0.017912238535045224,8.0,6.0,9.361508728717073,0.8188864671730409,3.0,3.0,3.0,1.0,0.40944323358652046
7.023335622995091,0.7556932743410556,-2.827393133886832,8.0,6.0,5.334475263613284,-2.0691198048157338,3.0,3.0,3.0,1.0,-1.0345599024078669
2.6086963485056414,3.3737327988628545,2.4014647073111064,8.0,6.0,5.996952098723579,-1.9481657890443798,0.4099515206277479,0.9917664418598753,0.2386760110627031,0.25,-1.5707963267948966
2.8425372500681814,3.299245481687719,-1.2222706673764918,8.0,6.0,5.821812173637902,1.7046662551746596,3.0,0.5103715928836906,3.0,0.5,-1.2217304763960306
0.1905148186835266,-0.34106267336670903,2.067602576810719,8.0,6.0,10.059678654150247,-1.3856057383875078,3.0,3.0,2.7554698704274774,0.5,1.2217304763960306
0.019620759852349234,0.2215479171010415,-1.354932757470525,8.0,6.0,9.85276414469254,1.9816392232431104,3.0,3.0,3.0,1.0,0.9908196116215552
4.966792533956236,1.7494473998097648,2.8755878223863234,8.0,6.0,5.221833484423608,-1.9245888270779208,3.0,0.24225559419670634,0.9005016201669139,0.1,0.0
-0.7583424265645858,0.8153489971026753,-0.9314912841684093,8.0,6.0,10.177876403396018,1.4659833397879638,3.0,3.0,3.0,1.0,0.7329916698939819
4.733881317603313,4.752770152722435,-2.3962718045880163,8.0,6.0,3.4961569672199633,2.7610510698220714,3.0,1.5563888661887568,1.0652889155030847,0.1,0.0
5.16126248458481,0.17498429016977912,-1.4016415763132721,8.0,6.0,6.4799103929911315,2.518973048777698,3.0,3.0,3.0,1.0,1.259486524388849
4.393263773416028,2.3450550313512597,0.7111608722167713,8.0,6.0,5.134897168591006,0.08087597890948645,2.832365796864528,0.08015961380179126,1.1813558705322607,0.25,-1.5707963267948966
7.058652800911668,0.5993554553483049,2.6653818311999107,8.0,6.0,5.48207041608438,-1.2671545601955625,3.0,3.0,3.0,1.0,-0.6335772800977812
6.060397693769437,0.22488454595077823,-1.5145041099073464,8.0,6.0,6.092127347153297,2.7612819608859285,3.0,3.0,3.0,1.0,1.3806409804429642
7.311983446285472,2.3046706168945326,1.2627847250052087,8.0,6.0,3.7588330672999897,0.12393386117610818,0.32927643049293553,3.0,0.11803927792472813,0.25,1.5707963267948966
6.500596081316712,0.263637143651934,-2.87725698551953,8.0,6.0,5.929086854740158,-2.090797686755844,3.0,3.0,1.7362303821293257,0.5,1.2217304763960306
-0.6701716565718292,4.551985458782029,3.0067213237303156,8.0,6.0,8.790257258237679,-2.841237581602272,3.0,3.0,3.0,1.0,-1.420618790801136
2.8763991609895934,0.5129596112862833,-2.7920168774094334,8.0,6.0,7.507256342025609,-2.6715312878023263,3.0,3.0,3.0,1.0,-1.3357656439011631
2.009305520975519,3.46064827845467,-3.0897545308935968,8.0,6.0,6.506667926575755,-2.7925068766197945,0.4628240843411471,0.47453906003301516,3.0,0.25,-1.5707963267948966
0.8540260178461672,6.0836054431987,-1.0389413280713629,8.0,6.0,7.146463042915142,1.027242205036746,2.4602428038683875,1.870414471814428,0.3052401136142951,0.25,-1.5707963267948966
2.2814990465394804,1.2147421993199847,-0.42307170418428913,8.0,6.0,7.456537089943146,1.1198540634989402,3.0,3.0,3.0,1.0,0.5599270317494701
7.572534899823339,-0.702213470386523,-0.9636774067957402,8.0,6.0,6.715831431364221,2.470780314766393,3.0,3.0,3.0,1.0,1.2353901573831965
2.114439826755447,-0.4035817421441079,2.2864141049924127,8.0,6.0,8.697452367285711,-1.4588880955388281,3.0,3.0,3.0,1.0,-0.7294440477694141
0.837390924656527,-0.09341780609663086,-0.144349582956509,8.0,6.0,9.403866722037705,0.8492649797023417,3.0,3.0,3.0,1.0,0.42463248985117086
0.560522585270617,6.615328739979087,3.062410857179965,8.0,6.0,7.464881356224815,3.1382510077434893,3.0,3.0,3.0,1.0,1.5691255038717447
0.5605345324977478,2.380028606549679,-3.1080288639254303,8.0,6.0,8.273441806863524,-2.722294065763777,3.0,3.0,3.0,1.0,-1.3611470328818884
0.2639129665610245,-0.6025369930612259,-1.70568485368719,8.0,6.0,10.170572124206418,2.4121913908377564,3.0,3.0,3.0,1.0,1.2060956954188782
2.6578703308683944,-0.47774315987474925,-0.32508588798541815,8.0,6.0,8.396398385446004,1.2062666843064227,3.0,3.0,3.0,1.0,0.6031333421532113
-0.47486107667929667,1.937578778241753,2.442944638904306,8.0,6.0,9.398219855483566,-1.9959534107958883,3.0,3.0,3.0,1.0,-0.9979767053979441
7.271009271593666,1.1484992839479444,-2.6140922978273555,8.0,6.0,4.905964398561816,-2.247441751999419,3.0,3.0,1.417371384310002,0.5,1.2217304763960306
3.758878810159575,1.733411297153137,-0.6759649893043709,8.0,6.0,6.015886310941551,1.4643566065522857,0.4141480107784672,1.7572400528502277,3.0,0.25,-1.5707963267948966
5.375897752656945,1.976881033456067,-0.009002993299424656,8.0,6.0,4.803269597209425,1.0018400095395765,0.1246953008866768,0.19144532373474737,0.2283303891667907,0.25,-1.5707963267948966
-0.5887660730247848,1.5681910290038044,0.04813716961359884,8.0,6.0,9.664772807083668,0.42822887663295317,3.0,1.4614501070779582,3.0,0.5,-1.2217304763960306
0.032826224254439484,5.068578546181076,-1.2349549574205996,8.0,6.0,8.021434029995007,1.3513340638327116,1.6111171070678267,2.3017531069495107,3.0,0.25,-1.5707963267948966
3.949718151380355,3.9095651007859233,0.9245891525019347,8.0,6.0,4.557927283438157,-0.4481281963330388,1.3141578346351017,3.0,2.6609265476085726,0.25,1.5707963267948966
7.526338020427591,5.095440315306607,1.6553071389067233,8.0,6.0,1.021069975107027,-0.566889638165452,3.0,1.123978783754117,3.0,0.5,-1.2217304763960306
7.868382937328171,1.7150166878663011,1.9380392936018007,8.0,6.0,4.287004202989618,-0.3979491993499791,0.24240561444981756,1.7816309775882655,0.20457666764826155,0.25,-1.5707963267948966
7.673201692846064,4.578931125936983,-0.46438236306038866,8.0,6.0,1.458161129090132,1.8091420709086765,3.0,3.0,1.585559880555388,0.5,1.2217304763960306
-0.1030460364663609,6.082372183239497,2.7317762842690794,8.0,6.0,8.10346470626391,-2.7419415166549217,3.0,3.0,3.0,1.0,-1.3709707583274608
-0.07933850834546585,3.6871401807363053,0.501394929009374,8.0,6.0,8.403870017795278,-0.22258299217749183,2.713373465708002,1.505480908517113,0.6266253163371092,0.25,-1.5707963267948966
-0.0995715364737706,6.630779913685687,-2.673265299638329,8.0,6.0,8.124096403537159,2.5955439902712953,3.0,3.0,3.0,1.0,1.2977719951356477
6.741702709435545,4.933782883611083,2.0193321386541854,8.0,6.0,1.6492819682281576,-1.3163790547019072,0.9896845302292834,1.23238519909903,3.0,0.25,-1.5707963267948966
-0.8517840630478284,-0.46295156024599127,2.6247634141014906,8.0,6.0,10.960101457966235,-1.9941009688727651,3.0,3.0,3.0,1.0,-0.9970504844363826
1.6934146694224896,0.44982860851037465,2.606643418710094,8.0,6.0,8.401036900690613,-1.884954941766042,3.0,3.0,1.9435938725647417,0.5,1.2217304763960306
3.497535766589528,5.725169687305454,-0.1300226463890652,8.0,6.0,4.510844252899487,0.19098698310452,0.9196521806927532,3.0,3.0,0.1,0.8726646259971648
4.127465143552866,0.48696104914452665,-0.9038568244294043,8.0,6.0,6.737219358759788,1.8622968508342645,3.0,3.0,3.0,1.0,0.9311484254171323
5.793184440644095,3.330726333899004,-1.5563127890577386,8.0,6.0,3.463388054716879,2.4362701199669257,0.8700781336217424,3.0,3.0,0.1,0.8726646259971648
0.5345572713418867,1.1552205525440202,-0.9011609228569518,8.0,6.0,8.899703536037936,1.4768052292547837,3.0,3.0,3.0,1.0,0.7384026146273919
-0.7290328964900492,4.26932858109175,1.475567960954928,8.0,6.0,8.898945941415272,-1.2798401551041503,3.0,3.0,1.367597402348392,0.5,1.2217304763960306
4.714750461348144,2.4026957443551,-2.496230453694403,8.0,6.0,4.871700158968442,-2.956247759982942,3.0,0.7229061870367967,0.2928901098891806,0.1,0.0
5.344425808672798,4.116249422566776,-1.9935052120537775,8.0,6.0,3.2558548069014264,2.6104835850366093,2.7445945553141526,1.730561858901749,1.242007954162041,0.25,-1.5707963267948966
3.6663416666407453,1.3473441325311093,1.7972390366579063,8.0,6.0,6.358286024660011,-0.9763576221060106,1.4625468573729807,2.437072215951283,1.2069612582676623,0.25,-1.5707963267948966
0.19985738867913438,2.5713275778556586,0.2174549543911172,8.0,6.0,8.520447132358527,0.1966877119380473,0.21841401948880845,0.25055660389935297,3.0,0.25,-1.5707963267948966
2.1815311752828395,-0.38506282688538374,-0.747839878164858,8.0,6.0,8.638495631038952,1.579633414884814,3.0,3.0,3.0,1.0,0.789816707442407
6.650557711768175,5.810018664066629,-0.08480715599968597,8.0,6.0,1.3627499393767633,0.22467299924450362,3.0,0.013534517142048397,3.0,0.5,-1.2217304763960306
7.349825351785283,-0.5509991620401182,-1.5220883115985175,8.0,6.0,6.5831844189747155,2.9939604318970576,3.0,3.0,3.0,1.0,1.4969802159485288
6.7814755197501775,-0.2650085811874634,-0.34073888609277525,8.0,6.0,6.38240819999165,1.7194366927133449,3.0,3.0,3.0,1.0,0.8597183463566724
7.489246396526395,1.0634776062176465,2.431457809122158,8.0,6.0,4.96287442796772,-0.9637588991096481,1.3131855527991414,2.6244720665617054,2.5422909188223253,0.25,-1.5707963267948966
3.400938163805921,3.6077354589416997,0.35467910298208083,8.0,6.0,5.184042766754701,0.12496895525390847,3.0,3.0,0.16663880709269274,0.5,1.2217304763960306
4.343514329989629,6.562057879030979,-0.6750389568998725,8.0,6.0,3.6994319177911614,0.522517436012004,0.7466298639103806,1.5036909551256015,0.8573141480901392,0.25,-1.5707963267948966
0.15160986303688073,5.141869354688037,-1.7411789574788912,8.0,6.0,7.895164086097482,1.8500847753414114,3.0,1.796970968729118,3.0,0.5,-1.2217304763960306
6.739798906716787,4.879053549818163,1.917693920549554,8.0,6.0,1.68660242490264,-1.1907113772317044,0.9862405797384908,1.2653825927444409,3.0,0.25,-1.5707963267948966
7.233720511698145,3.340748848121196,-1.9282755843451223,8.0,6.0,2.7674538736826126,-3.0646691389265417,3.0,0.5943675388645588,3.0,0.5,-1.2217304763960306
4.9466486015043145,0.8956675845296216,3.070745024265533,8.0,6.0,5.9478705576296145,-2.0390349238579515,0.04749722009057006,3.0,0.04198073256543472,0.25,1.5707963267948966
3.452520109053533,4.164905274677123,2.4697294773347434,8.0,6.0,4.903788944221635,-2.0861742192536186,0.28095494786229813,0.5689996445609273,0.2776800948779441,0.25,-1.5707963267948966
0.22670909861029598,6.912374844564207,-0.9294178762501213,8.0,6.0,7.826651857251702,0.8125794105252288,3.0,1.3382942441989538,3.0,0.5,-1.2217304763960306
6.984668418927682,1.2308198600373084,1.0458489000934175,8.0,6.0,4.8760616717733765,0.3151847369384917,1.0583455526432042,3.0,3.0,0.1,0.8726646259971648
1.6434457529344253,0.1553189028733275,-0.17814126418672044,8.0,6.0,8.635165257422537,0.9216114465020301,3.0,3.0,3.0,1.0,0.46080572325101504
7.704415921648289,3.9952700678078372,-0.9665947106188401,8.0,6.0,2.0264037229540968,2.391002423058442,3.0,3.0,1.2026453707163511,0.5,1.2217304763960306
4.763886341122966,6.536718322818627,-0.37707620445718276,8.0,6.0,3.280319827580803,0.21271955839771237,1.2757422603959783,3.0,0.47779510255126534,0.25,1.5707963267948966
5.94518496559445,2.607456197302475,0.8426235179199555,8.0,6.0,3.966310411306768,0.18358318189115988,1.2612075353817807,3.0,1.4890113220519794,0.25,1.5707963267948966
1.0733068973727073,3.8354407744208654,0.7071400254431625,8.0,6.0,7.257023768668823,-0.4042594143995239,1.6248224839137932,3.0,1.1195494506764243,0.25,1.5707963267948966
1.9821870412566005,-0.582125335367774,0.597623328217368,8.0,6.0,8.918432975411674,0.23253184151606202,2.587383259408855,3.0,3.0,0.1,0.8726646259971648
0.2906222023073375,4.181863344913884,1.6196786310604374,8.0,6.0,7.920866551339209,-1.3880760652779205,1.0144781654289556,3.0,2.4587681001756563,0.25,1.5707963267948966
6.20522456529573,2.547366843077465,2.2037155291630106,8.0,6.0,3.891258739443931,-1.1123031048913334,3.0,1.5574768995445556,3.0,0.5,-1.2217304763960306
7.2921953279905125,5.0246470744325835,1.7074860318281786,8.0,6.0,1.2051144274015544,-0.7644505649651826,1.1832561125318761,1.4583757462547993,3.0,0.25,-1.5707963267948966
0.43737696043943686,2.391760742132269,-1.9847707733422282,8.0,6.0,8.379299360955553,2.429943168941587,3.0,3.0,3.0,1.0,1.2149715844707936
3.701698992064851,6.286050323209461,2.9936178132233855,8.0,6.0,4.307808763423065,-3.0600694530048997,1.216191286245813,0.9966245573182662,3.0,0.25,-1.5707963267948966
6.759739600461227,2.570955684597023,0.43743414840942463,8.0,6.0,3.6464490639060827,0.7863088853403771,0.982561763170395,0.9991102134825809,0.7073031086639209,0.25,-1.5707963267948966
7.101576635216222,2.8323559303187027,-2.4646813943979704,8.0,6.0,3.2925876593610224,-2.5240746692004277,0.8817683369193098,3.0,2.4222415853685337,0.25,1.5707963267948966
0.5667966857752051,2.138716593319052,-2.9633077072759866,8.0,6.0,8.37627727915642,-2.8407801156288284,3.0,3.0,3.0,1.0,-1.4203900578144142
0.6074183577363708,0.08271992383619775,-1.9673548537514316,8.0,6.0,9.469132317023472,2.6423609002735104,3.0,3.0,3.0,1.0,1.3211804501367552
4.5618998521845,4.914312178747473,-1.451285191351791,8.0,6.0,3.6054473608173816,1.7571566532675895,3.0,3.0,3.0,1.0,0.8785783266337948
5.391897965962087,6.634878114585378,1.1157980698231245,8.0,6.0,2.684262736829646,-1.3545793060461875,3.0,3.0,0.5016599087216714,0.5,1.2217304763960306
6.687259273103582,1.0709002753331847,0.8852617544768683,8.0,6.0,5.100912890038705,0.42525152399642324,1.3477541861413107,3.0,3.0,0.1,0.8726646259971648
-0.8828343331465663,6.279059547397166,3.0265685667642304,8.0,6.0,8.887216663338469,-3.0579738352035806,3.0,3.0,3.0,1.0,-1.5289869176017903
7.7806537774426054,0.6633738350626821,1.413769828490803,8.0,6.0,5.341132051320561,0.11594758040825068,1.2524955967290194,3.0,3.0,0.1,0.8726646259971648
5.617045199999702,4.390221139276327,1.6920506121210788,8.0,6.0,2.875736698530877,-1.097930762355639,0.8139830327617894,0.8287564817401201,1.853745995529997,0.25,-1.5707963267948966
7.443099952730602,2.207290739447787,1.0455399186710712,8.0,6.0,3.8333772574229075,0.37946386681497074,0.03476526887496506,1.3474492323681242,0.02992222422739177,0.25,-1.5707963267948966
4.720177922612864,2.8559030039290265,2.719796623794298,8.0,6.0,4.5434104789264405,-1.9555233982221514,0.03538304110768442,0.041094473075130256,0.06938934407153008,0.25,-1.5707963267948966
2.0729524056642386,4.941285143287995,-2.1359846532353557,8.0,6.0,6.020861261758491,2.312744767522983,1.5269070170040324,0.6720928103502068,3.0,0.25,-1.5707963267948966
3.0498661364561386,5.800458761731958,-1.1606398717492439,8.0,6.0,4.9541540118140475,1.2009283305333818,0.11682502939719452,1.5114850904573283,0.10805242187509767,0.25,-1.5707963267948966
7.110040763285426,5.706107796219316,-1.4468423879331362,8.0,6.0,0.9372299986965072,1.7657983246465798,1.295336977496358,3.0,3.0,0.1,0.8726646259971648
1.1619848035544953,2.0710659989751274,-0.7263271791794768,8.0,6.0,7.886379030406094,1.2478399587319258,3.0,3.0,3.0,1.0,0.6239199793659629
3.7353459171743975,1.9057336172968578,-2.088277838985888,8.0,6.0,5.911877168775934,2.853294888849031,3.0,3.0,3.0,1.0,1.4266474444245154
3.606698945531469,-0.46809440034487526,-1.5628604149952856,8.0,6.0,7.819036982069278,2.537009206070853,3.0,3.0,3.0,1.0,1.2685046030354266
3.5848206565848404,5.937769964812452,-2.908622650178458,8.0,6.0,4.415617874295664,2.922716282629719,2.8231511387555472,0.4051908039498663,1.2900543249177725,0.25,-1.5707963267948966
7.411414415841103,-0.7058560101565927,0.9162686809580636,8.0,6.0,6.731637083119749,0.5669801257484509,3.0,3.0,3.0,1.0,0.28349006287422546
2.394732762876119,2.796061927437293,-0.5423216772347093,8.0,6.0,6.456333322590402,1.061592618224659,2.2130250216098317,0.9329993963362647,3.0,0.25,-1.5707963267948966
4.013262260959307,3.908180741596224,-3.0638888084139855,8.0,6.0,4.502197864345838,-2.736089038645631,1.1605191129572214,0.30726374316718497,0.8009034530486909,0.25,-1.5707963267948966
4.3721111489478055,0.0497108306278653,3.0569587726029606,8.0,6.0,6.969040013856724,-2.0336834865673716,3.0,3.0,3.0,1.0,-1.0168417432836858
6.643807485042469,4.420868386946501,-1.835056522775602,8.0,6.0,2.08156546593466,2.696259569640418,0.1032104905341519,0.05231045146922303,2.3053142889962874,0.25,-1.5707963267948966
6.893373661368755,0.07322290934124887,-0.781315544785865,8.0,6.0,6.029204635415007,2.167521039438753,3.0,3.0,3.0,1.0,1.0837605197193765
0.31947684821882905,2.6656828917501825,-1.4942552876504058,8.0,6.0,8.373058369760358,1.9038305297900606,3.0,0.23189684169758965,3.0,0.5,-1.2217304763960306
3.337614661433541,3.294356891498148,0.9152321775335083,8.0,6.0,5.390578974086461,-0.3894141586719362,2.1624220118306074,1.0443342449649482,0.029302530948384087,0.25,-1.5707963267948966
1.4019986887390679,2.390537620817449,2.089622071871312,8.0,6.0,7.520760597847477,-1.5890435519738195,0.030165861715996445,0.0407672427575313,0.046936440935189505,0.25,-1.5707963267948966
6.4578651524005055,5.509715172942992,0.7768676336677842,8.0,6.0,1.6181962488595245,-0.4690471326026792,0.5449818452126706,0.2914192156645481,3.0,0.25,-1.5707963267948966
7.380440735548822,2.357598169282996,-2.445515091738284,8.0,6.0,3.6947184978801655,-2.435357690084754,3.0,3.0,1.2006966930372927,0.5,1.2217304763960306
5.084716160599934,0.09128606237424819,0.5694084458245918,8.0,6.0,6.5887616636937185,0.543044490735398,3.0,1.9387806512268353,3.0,0.5,-1.2217304763960306
5.529111635735045,0.7416911951252168,-0.10463565726869484,8.0,6.0,5.809914009353634,1.2361515958607259,3.0,2.457234138488475,3.0,0.5,-1.2217304763960306
0.7712798236827636,5.864633126949083,1.6014147980499305,8.0,6.0,7.229987522659737,-1.5826907293459291,3.0,3.0,1.1080304118329816,0.5,1.2217304763960306
5.487827801065635,2.2977574092887085,-0.5718690016845439,8.0,6.0,4.474104307855973,1.5464779951307088,0.09254785370045665,0.13681631833529956,0.1573642282606708,0.25,-1.5707963267948966
5.2723869624474595,0.9624681986032302,2.8893598228564694,8.0,6.0,5.728577444070245,-1.814825079347779,0.30861658675496684,3.0,1.704025359931818,0.25,1.5707963267948966
1.2524927065437463,-0.12694864651749782,-0.9248148929736929,8.0,6.0,9.11418424173595,1.6620495662422958,3.0,3.0,3.0,1.0,0.8310247831211479
-0.6024197288401977,4.849757532917278,0.19570044070977652,8.0,6.0,8.678979371113842,-0.06277736324507725,3.0,3.0,2.0914018295557812,0.5,1.2217304763960306
2.2949854293576646,5.196486801718634,-2.7737205224534183,8.0,6.0,5.761321437921486,2.913643477598827,3.0,1.897215001432032,3.0,0.5,-1.2217304763960306
-0.42889078773854694,5.334061738222041,-1.4698480426527354,8.0,6.0,8.455156632500877,1.548690898583396,3.0,3.0,3.0,1.0,0.774345449291698
-0.33975286818182115,2.728047339273661,-1.1674395147427057,8.0,6.0,8.958635616899544,1.5413181958082003,3.0,3.0,3.0,1.0,0.7706590979041001
4.28272761226351,2.2620535999519946,-0.5725080389608056,8.0,6.0,5.27165602958501,1.360679287884725,3.0,3.0,0.5841283215151893,0.5,1.2217304763960306
5.659429777312231,0.302659068781332,0.6648913575000361,8.0,6.0,6.1593800543457515,0.5161076544446175,2.6698097304550803,1.244278853009037,3.0,0.25,-1.5707963267948966
1.4362767877584077,4.409020235935239,-0.6206533154994679,8.0,6.0,6.7537899742724194,0.858456741928233,0.8234463744056466,1.0202945532426315,1.0892988845541032,0.25,-1.5707963267948966
7.759355639237038,5.001189714426057,-0.07907424964457335,8.0,6.0,1.0273907216513667,1.4134454870221898,3.0,3.0,3.0,0.5136953608256833,0.7067227435110949
-0.6999482436397255,-0.5441022055731128,0.1641103439624994,8.0,6.0,10.886430687741361,0.4807973620675947,3.0,3.0,3.0,1.0,0.24039868103379736
2.4098073704567513,0.09303122148156806,3.0415663063838276,8.0,6.0,8.132806021650289,-2.2286225589293567,3.0,3.0,3.0,1.0,-1.1143112794646783
2.0743909306696544,1.9074388691672954,-1.0951659554618338,8.0,6.0,7.201520634708527,1.6995936315032807,3.0,2.030143080676407,3.0,0.5,-1.2217304763960306
5.970055684569424,1.222609944841608,1.5207596799096856,8.0,6.0,5.190773512962708,-0.3517548429669973,0.2779953394055336,1.9932970583035032,1.9285197066910218,0.25,-1.5707963267948966
4.88272728313045,6.5673943824621475,-0.09965396584740635,8.0,6.0,3.1684894786930995,-0.08039128592214895,0.9222724830566075,3.0,0.7677676111648515,0.25,1.5707963267948966
2.3276098958388904,-0.842958817691728,1.1830284222048326,8.0,6.0,8.888312262426982,-0.30437092147744294,3.0,3.0,3.0,1.0,-0.15218546073872147
5.548803870505455,2.868489211873654,-1.231216294757503,8.0,6.0,3.9767728475990087,2.137877632874295,0.48807545073078573,3.0,1.5120688596978535,0.25,1.5707963267948966
5.287845312280489,6.124681056589716,-1.745975744098216,8.0,6.0,2.7150190452354557,1.7000368687588527,0.09124384153713938,0.2614243108992504,0.10438082994872877,0.25,-1.5707963267948966
7.522983454580297,4.444754911460877,1.4868897290187286,8.0,6.0,1.626755073767779,-0.21369903935843565,3.0,1.7907775186495678,3.0,0.5,-1.2217304763960306
6.304772566999744,0.8895003585586849,2.0616624713635705,8.0,6.0,5.384329357939431,-0.8111591477986811,0.6927742463483945,1.3715794527636997,2.7384701191500658,0.25,-1.5707963267948966
1.2652488285181365,5.790249648711706,-1.126606672263763,8.0,6.0,6.738016663057602,1.1577410924652614,1.9457522282785056,1.2187132663832019,2.5681233850888674,0.25,-1.5707963267948966
5.763429511540359,0.7277362004038324,-2.927081597284924,8.0,6.0,5.727042266509024,-2.1865124745858786,3.0,3.0,0.907704328279159,0.5,1.2217304763960306
2.9577141378862373,0.3197151784668675,2.675254020652495,8.0,6.0,7.595411928856263,-1.8304253655013403,3.0,3.0,3.0,1.0,-0.9152126827506701
2.1589942788245113,0.6111417230567611,2.353823203267934,8.0,6.0,7.947146743566803,-1.6086662534334373,3.0,3.0,3.0,1.0,-0.8043331267167186
4.2604181479858205,-0.21649728898532672,-2.9573410607551156,8.0,6.0,7.254606189992377,-2.296612005286474,3.0,3.0,3.0,1.0,-1.148306002643237
4.490945947166682,6.221386386967097,-1.9598878977565835,8.0,6.0,3.5160307561283193,1.8968813577963024,3.0,0.2932333904212717,1.4153682092270699,0.1,0.0
1.120695114888616,5.5907477214359815,1.8786775327433372,8.0,6.0,6.8914674148418635,-1.81925721153391,3.0,0.34784286634091777,0.8678807777013882,0.1,0.0
-0.9177435308585812,6.2789657758664426,3.0261529978098096,8.0,6.0,8.922105782060356,-3.057424903359167,3.0,3.0,3.0,1.0,-1.5287124516795836
6.843020802862556,0.34007788655461635,-1.6881438924560108,8.0,6.0,5.776964531038499,3.057302039212992,3.0,3.0,3.0,1.0,1.528651019606496
4.173671450117125,4.5504468069339525,0.40743723747689975,8.0,6.0,4.091698257591432,-0.045307246696671535,0.8826689104805432,0.7566402614900283,3.0,0.25,-1.5707963267948966
0.15708678951448007,2.46364160988261,0.10532444989389217,8.0,6.0,8.603320189936088,0.3182764805898839,0.3540937266021428,0.3235498484450602,3.0,0.25,-1.5707963267948966
1.1206701860474384,1.08540824946793,-1.6742503577946393,8.0,6.0,8.454489385145294,2.29457537402373,3.0,3.0,3.0,1.0,1.147287687011865
4.429255771452772,4.856304879615533,-1.1763637086388743,8.0,6.0,3.749433673782559,1.4863351420334516,2.8859924257560974,2.239760826977416,1.252463923962075,0.25,-1.5707963267948966
6.278197410338143,2.841296336130082,-2.0680451008337446,8.0,6.0,3.5975009373051625,3.139769649239889,0.397338693058872,3.0,3.0,0.1,0.8726646259971648
3.3115503512110376,0.9603958567111821,1.6802946254379219,8.0,6.0,6.8832528669433,-0.8588150316757287,3.0,2.394517961921826,3.0,0.5,-1.2217304763960306
5.135550189668635,-0.2129933289472028,-0.8674338302361753,8.0,6.0,6.841517289421246,2.0062318775195926,3.0,3.0,3.0,1.0,1.0031159387597963
6.697470160147667,-0.2870096719976223,-1.9799096736458937,8.0,6.0,6.420519807577685,-2.936767128227688,3.0,3.0,3.0,1.0,-1.468383564113844
0.9369138458415804,-0.5843005600947464,-2.224008310454316,8.0,6.0,9.65609651395057,2.974338272063096,3.0,3.0,3.0,1.0,1.487169136031548
-0.5052787525385433,6.541698009043708,1.938942007420906,8.0,6.0,8.522511565928527,-2.002545724602334,3.0,3.0,3.0,1.0,-1.001272862301167
-0.8371483904713519,2.96391849520362,1.2222895643323817,8.0,6.0,9.344141618092968,-0.8913643497215203,2.754523339516393,3.0,3.0,0.1,0.8726646259971648
-0.9748508391404272,6.567882464444994,-3.078838664431994,8.0,6.0,8.992799234845828,3.015648043059133,3.0,3.0,3.0,1.0,1.5078240215295664
-0.2541624267225998,4.0354433274837005,0.9674381378810297,8.0,6.0,8.484732187066804,-0.7337775186778447,1.2934471690057376,3.0,2.7743774500580134,0.25,1.5707963267948966
0.47063031225290075,0.7492041661947262,-2.9824440028609325,8.0,6.0,9.179447956335483,-2.6917791111282603,3.0,3.0,3.0,1.0,-1.3458895555641301
6.3436772715025915,1.5262773698463192,-2.8573880314745215,8.0,6.0,4.770492548205716,-2.209586381171492,1.4046095250397612,3.0,0.09619811589623645,0.25,1.5707963267948966
3.455938950048873,-0.6243692096573072,-2.631849172891749,8.0,6.0,8.033103898963258,-2.681781570118542,3.0,3.0,3.0,1.0,-1.340890785059271
5.584024648986317,2.9975141069826456,0.1802524100371373,8.0,6.0,3.8538108976017376,0.7129689634267941,3.0,3.0,3.0,1.0,0.35648448171339703
7.357016900421488,0.03695364858821826,-2.8779371186927296,8.0,6.0,5.997611946052275,-1.9418648085432144,3.0,3.0,2.778574401024865,0.5,1.2217304763960306
7.537973064668895,1.9538653081606796,-0.6097225343883442,8.0,6.0,4.072428616130321,2.066821624451425,3.0,0.16155936572702523,3.0,0.5,-1.2217304763960306
5.015760561951486,2.087437642386872,-2.762970393830703,8.0,6.0,4.920754944702622,-2.601018975244285,3.0,0.5343383122856515,0.7464655622466498,0.1,0.0
1.2970203101702897,1.5426393555086984,2.761890456461815,8.0,6.0,8.049720531629003,-2.175055087866069,3.0,3.0,0.8249013809490562,0.5,1.2217304763960306
-0.16059689680141342,5.134487855192456,-2.9481113776407177,8.0,6.0,8.206366612874069,3.053776268076583,3.0,3.0,3.0,1.0,1.5268881340382916
4.273924490197774,3.9126381109878725,2.236879795469843,8.0,6.0,4.270915400759911,-1.7262362940227045,1.0246294463275767,1.3915516876869012,1.3849935503542716,0.25,-1.5707963267948966
-0.6581401068679111,4.1162149005189175,-0.6792190194487401,8.0,6.0,8.860701801278589,0.8934540289852717,1.3130772110933693,3.0,3.0,0.1,0.8726646259971648
0.6413454673944217,3.9551919688404116,2.6074676249357993,8.0,6.0,7.6374757881469835,-2.336427755853422,3.0,3.0,1.216960690242541,0.5,1.2217304763960306
6.463282164602588,4.010590432156812,-2.3745274028820775,8.0,6.0,2.5138122710844035,-2.995576051004675,3.0,1.757539069732785,3.0,0.5,-1.2217304763960306
7.793939617092811,6.6545748647561265,2.4712886651134287,8.0,6.0,0.6862427667920142,2.5460794826016557,3.0,0.6031478366151415,3.0,0.5,-1.2217304763960306
2.2677465014359894,1.22556405286557,0.54999728897994,8.0,6.0,7.4601587640672085,0.14448952178303767,2.056195288904463,3.0,2.1117956881391198,0.25,1.5707963267948966
5.288788939068119,2.6041464364927993,0.9790722378819215,8.0,6.0,4.345398352476321,-0.082033571598231,3.0,2.3634918171809947,3.0,0.5,-1.2217304763960306
4.5795428426903335,0.016875857463444888,1.0162357665711854,8.0,6.0,6.891828615831557,0.0352218106532957,1.961313462564151,0.7087991897277883,3.0,0.25,-1.5707963267948966
1.6801870978327949,1.7397793077900197,-2.9617443872101905,8.0,6.0,7.621647818203959,-2.728306014770446,3.0,3.0,1.0142024424169385,0.5,1.2217304763960306
-0.13514629940370526,-0.5774877446495195,-2.676989365598457,8.0,6.0,10.461546269252764,-2.9262770208265647,3.0,3.0,3.0,1.0,-1.4631385104132824
2.2245504677022576,5.701770619283989,-1.2758535391133388,8.0,6.0,5.783144305967166,1.3274451483241356,0.44900859056126846,0.36221731645230304,2.287042153484129,0.25,-1.5707963267948966
4.68392906834396,6.025220617340622,-0.16593191615544117,8.0,6.0,3.3161668388838943,0.15832649046219996,0.02028847984418969,1.544582463410321,0.013030848138869344,0.25,-1.5707963267948966
6.131430426046681,-0.44491717446326984,0.927622757012832,8.0,6.0,6.710328579018743,0.36098147190986674,2.9418299629498668,1.9881412167973356,3.0,0.25,-1.5707963267948966
5.315734519749819,2.9981761138094427,-2.212592721821962,8.0,6.0,4.026937771082006,3.053781226117268,1.6621629450563513,3.0,0.6282373079088613,0.25,1.5707963267948966
5.854310679959039,0.8481548270904495,2.8963817675447294,8.0,6.0,5.580814577081851,-1.7202255758170362,0.8993697271895993,3.0,2.29301427694052,0.25,1.5707963267948966
2.8198869845596404,0.9344100149263026,2.2920442474918357,8.0,6.0,7.245258639249089,-1.5178232830829754,2.0529389321640914,3.0,3.0,0.1,0.8726646259971648
7.262234375312719,5.058572524114998,-1.7347785845319308,8.0,6.0,1.1960701523411656,2.6408727770024987,0.5946162843702798,3.0,3.0,0.1,0.8726646259971648
6.878027673760386,1.9940326170227793,-0.14469014524417967,8.0,6.0,4.160119778843501,1.442407988707599,3.0,0.6636221054269127,3.0,0.5,-1.2217304763960306
1.5235150084901736,3.765915702156648,2.7291901254653146,8.0,6.0,6.850984636906016,-2.397018387057899,3.0,0.3007733132816493,1.7494677082792636,0.1,0.0
0.9874807049211252,5.18651693063672,2.700229805330229,8.0,6.0,7.059545422192156,-2.5847416050627583,0.1818099557207229,3.0,0.27174951530227387,0.25,1.5707963267948966
3.1635745920717504,2.536167223170529,0.8790850998925427,8.0,6.0,5.948877896905609,-0.2575712573130533,0.28355732029561265,1.7716053254951847,0.29058202188582083,0.25,-1.5707963267948966
0.012057973433683866,5.221785593522459,-2.3513531550772595,8.0,6.0,8.025760741651446,2.4484703130194285,3.0,3.0,3.0,1.0,1.2242351565097143
2.911795142105439,5.7734089723962265,2.5388781388186428,8.0,6.0,5.0932477035475445,-2.494374935100377,0.6697449860979081,2.0589220899829255,3.0,0.25,-1.5707963267948966
6.472713960178494,-0.6013411168047744,0.5260290782913868,8.0,6.0,6.77571451493132,0.8174076088718183,3.0,3.0,3.0,1.0,0.40870380443590915
2.998436897298231,1.1564380344676781,-2.8492692670327346,8.0,6.0,6.962451147710774,-2.6645651664750925,3.0,3.0,2.4589998889809586,0.5,1.2217304763960306
5.56514623511526,2.5648862933862695,-0.0168952847808652,8.0,6.0,4.210524793150958,0.9710752389162811,1.83607237550377,1.530270245831844,0.21481545559515391,0.25,-1.5707963267948966
5.011803274135595,3.869590031718948,-0.43211829972093935,8.0,6.0,3.6698727914490474,1.0514772454987797,2.687151526785619,3.0,1.682002437601079,0.25,1.5707963267948966
1.2652701295292532,4.68007999024835,1.3799374195155618,8.0,6.0,6.862854745683732,-1.1864034020150866,1.596837644878264,0.7480403722548546,3.0,0.25,-1.5707963267948966
0.15980387296564524,3.352167670184005,-0.8970843667275931,8.0,6.0,8.275245697692807,1.2227824396611184,0.25250347347602853,0.2228327122788043,3.0,0.25,-1.5707963267948966
0.9382463641785033,1.1584781389259309,2.6055949161612904,8.0,6.0,8.562049891486048,-2.004600483241277,3.0,3.0,1.2945193562881692,0.5,1.2217304763960306
1.30016986250794,4.4761707149616985,1.865151799056744,8.0,6.0,6.870937313146381,-1.6415133199244187,3.0,3.0,1.7455052135324425,0.5,1.2217304763960306
3.1038900587616842,3.3687232791128654,-2.401511719043903,8.0,6.0,5.558372939860658,2.8946467821261326,3.0,3.0,1.5605985728077445,0.5,1.2217304763960306
1.117542790025782,5.877833866983952,0.27140072523208286,8.0,6.0,6.883541371356912,-0.253652223324054,0.672912336010941,0.7857483723549695,1.3896118228587975,0.25,-1.5707963267948966
2.396868036814567,5.957573276523997,1.8727556570398065,8.0,6.0,5.603292587732248,-1.8651838359686665,0.18574270995301184,0.20039939880126084,3.0,0.25,-1.5707963267948966
0.8041972974648295,6.572469268665634,-1.7130398916872729,8.0,6.0,7.218538466849021,1.63365109952649,0.7335842259723334,2.7212785576725707,3.0,0.25,-1.5707963267948966
-0.6130589697475797,5.701626853878746,-3.1038564175729846,8.0,6.0,8.618225533755515,3.1384845186172545,3.0,3.0,3.0,1.0,1.5692422593086273
7.590781763736452,1.4851214795964207,2.5829172815005585,8.0,6.0,4.533385889033964,-1.1025116758298543,1.3308700142248222,2.799798426453889,2.0834248353991747,0.25,-1.5707963267948966
0.3439505020942317,-0.180830552269871,0.3866137430368442,8.0,6.0,9.839601629652282,0.29257064467032207,3.0,2.8819796392049684,3.0,0.5,-1.2217304763960306
6.640474396129057,-0.05087218275016436,-2.1629432733067113,8.0,6.0,6.201722667095038,-2.770458008784207,3.0,3.0,3.0,1.0,-1.3852290043921034
1.2413805785382106,0.3806575345731211,0.9382912759442532,8.0,6.0,8.789536178201347,-0.2446752728088102,3.0,1.9441633191470826,2.955883323256119,0.1,0.0
6.27275451755933,2.7186727464438727,-0.02057699881170377,8.0,6.0,3.7081647079845177,1.106840237574579,1.1599957359994744,1.1420731155131474,3.0,0.25,-1.5707963267948966
-0.7839417934528826,1.651765791142104,-0.02958141358255022,8.0,6.0,9.801263906550536,0.4892377631794915,3.0,1.5662545323621506,3.0,0.5,-1.2217304763960306
7.07507290895793,1.944901777117118,1.3965757431934671,8.0,6.0,4.159244128561277,-0.050032950220957224,1.756111771412324,3.0,0.4808744752336417,0.25,1.5707963267948966
-0.6649657241836504,6.2332544899607765,-0.96648013630332,8.0,6.0,8.668104675092724,0.9395673729408767,3.0,3.0,3.0,1.0,0.46978368647043833
0.5949334398849839,4.704100883943011,0.38336211844835955,8.0,6.0,7.517603692582559,-0.21011481831102305,2.0262702103006838,0.6642503025151841,1.6407374356001556,0.25,-1.5707963267948966
7.978494430726117,5.646855810867377,-0.41934547838531705,8.0,6.0,0.3537983999793264,1.9293194994595517,3.0,3.0,3.0,0.1768991999896632,0.9646597497297759
3.5393020526642367,1.9417803983576416,-2.5157599798853356,8.0,6.0,6.030503504063301,-3.0292373035333924,3.0,3.0,2.3946069797145855,0.5,1.2217304763960306
0.19238996122844076,1.8640409450040236,2.800708353774892,8.0,6.0,8.835436142156743,-2.313557207701802,3.0,3.0,3.0,1.0,-1.156778603850901
1.620735776814862,1.7477699181236517,1.2873801918385626,8.0,6.0,7.666581552323305,-0.6994440879626969,2.0705537988737475,0.6988569434918658,1.9898484134976222,0.25,-1.5707963267948966
2.194928099933788,5.09590457376722,1.7210378177581358,8.0,6.0,5.875053046966756,-1.5665366848125006,0.9177583144882562,3.0,3.0,0.1,0.8726646259971648
6.372764106648065,3.4752495685975386,-2.755546395406408,8.0,6.0,3.0037079407758314,-2.529351232837707,1.8435462945940704,1.060237276767309,3.0,0.25,-1.5707963267948966
5.598735419114651,-0.9149037553961632,0.9743537546125114,8.0,6.0,7.3199703232872775,0.2622114471069634,3.0,3.0,3.0,1.0,0.1311057235534817
3.0777921639217176,2.6623241807481914,-2.4094905377191753,8.0,6.0,5.947117777206761,3.0053566104251894,3.0,3.0,1.4304912015140658,0.5,1.2217304763960306
3.2269063218811427,1.940078337304258,2.462459676177442,8.0,6.0,6.266209952381453,-1.7576261144899448,1.9979223026396307,3.0,2.373753425836373,0.25,1.5707963267948966
3.591830535062437,3.6276406755998627,0.34248953771774443,8.0,6.0,5.0060010782735755,0.15122839148181538,3.0,1.9220516105892265,0.0579288978064163,0.1,0.0
2.0856560093561067,-0.08040205227135022,-1.5389775530633187,8.0,6.0,8.482379026955302,2.338219065307217,3.0,3.0,3.0,1.0,1.1691095326536085
1.8367232233238804,-0.7429962914724468,1.4426852047536907,8.0,6.0,9.135314970636008,-0.612399558876534,3.0,3.0,2.803491478123611,0.5,1.2217304763960306
0.2881008513364647,4.163450949482198,-2.793626908945202,8.0,6.0,7.927565887087613,3.0274170377145335,3.0,3.0,3.0,1.0,1.5137085188572668
1.8220682926674874,1.322647600609276,2.16786483421067,8.0,6.0,7.748836406103214,-1.5198310428905517,1.2006999156426519,3.0,2.392412691699741,0.25,1.5707963267948966
2.497636741692751,-0.16428939056801717,-2.0258190157946228,8.0,6.0,8.262836384501327,2.8678930111566845,3.0,3.0,3.0,1.0,1.4339465055783422
3.964355644456301,5.568841764915915,-0.4374597854404542,8.0,6.0,4.05861094318149,0.5438935766880932,0.5000169421605843,0.5195121314603481,3.0,0.25,-1.5707963267948966
0.7548861464252705,0.8900694381387613,2.3396038300415154,8.0,6.0,8.865836965470546,-1.7253341147189105,3.0,3.0,1.4459732522735433,0.5,1.2217304763960306
0.6039933487764466,2.132268279838395,-0.9686696030691672,8.0,6.0,8.346272404138706,1.4505071363585802,3.0,3.0,3.0,1.0,0.7252535681792901
0.5038399570631169,0.1927689922065472,-0.9227559703827871,8.0,6.0,9.482423074678817,1.5818749017189877,3.0,3.0,3.0,1.0,0.7909374508594939
3.9603381876414687,3.9421096320962867,-3.090126473209688,8.0,6.0,4.533627722314515,-2.721902505813246,1.0781635307622017,0.44109280382593535,0.7362820467784346,0.25,-1.5707963267948966
2.5273559216983377,6.046751130820505,0.2792543071147625,8.0,6.0,5.472843764991218,-0.28779679461056273,3.0,3.0,0.7833855526004464,0.5,1.2217304763960306
-0.3973682100517203,2.7037338489220737,-0.24620711829731803,8.0,6.0,9.021150890763845,0.6202621705955569,0.9736168028551335,0.8264321271270916,3.0,0.25,-1.5707963267948966
3.1090527468263014,3.5718749517861426,-2.210652287944657,8.0,6.0,5.4605087934267535,2.6714582091663805,3.0,3.0,1.5197519894329763,0.5,1.2217304763960306
-0.4073570056444039,0.6103900960276514,0.9893307536840751,8.0,6.0,9.986568316361474,-0.41926681295038454,2.083309921375839,3.0,3.0,0.1,0.8726646259971648
3.0151905503704297,-0.3610391005970506,2.1249797577876004,8.0,6.0,8.081531023787559,-1.2188732120358774,3.0,3.0,2.8231026711969065,0.5,1.2217304763960306
2.1725960867783094,1.9907102293848808,1.2470446569763574,8.0,6.0,7.07340376569799,-0.6444136887417777,1.781281647326085,1.06586394514942,1.39143973660078,0.25,-1.5707963267948966
1.1345358588312302,5.4831366796631755,1.3511622693415553,8.0,6.0,6.884892560206285,-1.2760194776948175,3.0,3.0,0.9684767846612827,0.5,1.2217304763960306
3.298453730151963,2.302831136726997,2.837905671642298,8.0,6.0,5.981103153355355,-2.171529307684281,1.7021069948490086,3.0,1.4817759940198418,0.25,1.5707963267948966
3.2793560076012778,6.353211260394593,-0.9048734032997203,8.0,6.0,4.733839656921186,0.8301898806893332,3.0,2.722468466643675,0.686552150694056,0.1,0.0
0.37589642677825363,1.0883260009848055,0.589560291275711,8.0,6.0,9.069261092713921,-0.017252218231643086,3.0,1.339071592745679,3.0,0.5,-1.2217304763960306
7.844968375572908,4.034647901346599,-2.3482748528107478,8.0,6.0,1.9714572468744616,-2.4428334888789496,2.257075238824976,0.9530863647380313,0.34599836919734045,0.25,-1.5707963267948966
4.950087414797261,-0.22109981355013275,-1.3117891855151096,8.0,6.0,6.928495483691358,2.426765897603147,3.0,3.0,3.0,1.0,1.2133829488015735
4.64500182700467,6.488822650019739,1.9693043191611042,8.0,6.0,3.3904218504449153,-2.1139860877912184,3.0,3.0,3.0,1.0,-1.0569930438956092
0.791262472703687,4.933920030006567,-0.7813007381973179,8.0,6.0,7.287140951008931,0.9281237348188522,3.0,1.5113167119385342,1.2641812250821682,0.1,0.0
7.854016590799423,-0.25600792209379986,-0.874028716589548,8.0,6.0,6.257710945470572,2.4214943630535015,3.0,3.0,3.0,1.0,1.2107471815267508
6.264372932261612,0.5191626537138818,0.09693911352954508,8.0,6.0,5.749085086751701,1.167176155455169,3.0,2.037979974961864,3.0,0.5,-1.2217304763960306
0.01923839896228019,2.329355386394516,-2.09031041692008,8.0,6.0,8.78442870151435,2.5213968555009987,3.0,3.0,3.0,1.0,1.2606984277504993
7.939523366287624,0.40043569186127126,-2.804781884002504,8.0,6.0,5.599890879669562,-1.9184069156383696,3.0,3.0,3.0,1.0,-0.9592034578191848
7.723385054020143,0.8058525749833345,-0.5804630669976883,8.0,6.0,5.201507791126213,2.0980545337479697,3.0,3.0,3.0,1.0,1.0490272668739848
4.226534677490429,4.312314654415301,-0.9298035070883681,8.0,6.0,4.1336814543314295,1.3503688371506282,2.415342377020483,2.2977170781960936,0.6321469950544002,0.25,-1.5707963267948966
0.187142562125568,1.9601002607731832,1.1949494722081746,8.0,6.0,8.795540418163897,-0.7177286465804513,0.6742271123754845,3.0,0.8550545365411389,0.25,1.5707963267948966
-0.5004291785005192,2.447016103111552,0.18084315859566266,8.0,6.0,9.213088015983113,0.21506393953751066,0.9313166491292582,3.0,3.0,0.1,0.8726646259971648
1.056575073728566,2.215384597416387,-0.946370588073561,8.0,6.0,7.907873510131569,1.4454167595379255,3.0,3.0,3.0,1.0,0.7227083797689627
0.5007622965561,3.5908304700660176,2.972737729518139,8.0,6.0,7.876716572069663,-2.661896542527998,3.0,3.0,3.0,1.0,-1.330948271263999
-0.8102883249042121,-0.13287296133981474,-2.0104158921383424,8.0,6.0,10.734677970385345,2.618521998237644,3.0,3.0,3.0,1.0,1.309260999118822
1.5918112320353077,1.1033959021618456,1.5659827672199262,8.0,6.0,8.064838186649142,-0.9135080141814101,1.5347367335817574,3.0,2.437764868806876,0.25,1.5707963267948966
4.9186350644491705,3.025995821162917,-2.2228801597813264,8.0,6.0,4.282465495690841,2.9905503354571468,3.0,3.0,0.22060039961198652,0.5,1.2217304763960306
7.725859291927192,4.85603068716142,-0.7228491051826215,8.0,6.0,1.176358328290761,2.058440953457785,3.0,3.0,1.782010236613738,0.5,1.2217304763960306
1.2522146633523197,0.32721532512844753,2.4647424185664275,8.0,6.0,8.815502987177476,-1.7656791349453445,3.0,3.0,1.9854550934743642,0.5,1.2217304763960306
2.6456681798970014,2.7015971558887806,-0.5544897233995623,8.0,6.0,6.288746342619368,1.106609137295905,1.9673174344105546,0.6869502886153189,3.0,0.25,-1.5707963267948966
-0.16449545922081843,1.8749675072029364,0.5866631948389324,8.0,6.0,9.14739739872872,-0.11883210440498797,0.9565203597758863,3.0,3.0,0.1,0.8726646259971648
-0.46017868582253585,-0.32288229889631204,2.6981013320391063,8.0,6.0,10.561887329532645,-2.0562856588359875,3.0,3.0,3.0,1.0,-1.0281428294179937
0.3892053730851681,-0.5834577016957967,1.1182793355077962,8.0,6.0,10.06310638734846,-0.4051321539028287,3.0,3.0,3.0,1.0,-0.20256607695141435
6.783505553248389,1.0360964038455345,1.440237495607015,8.0,6.0,5.110792272328503,-0.10977268888379972,2.497091485383601,0.742879701245222,1.4281367955746227,0.25,-1.5707963267948966
0.6396156359762417,3.6993885285076065,-0.9225086431200605,8.0,6.0,7.711554391231888,1.2254543281730423,0.08825248795507834,0.17723848498853206,0.10956579741043282,0.25,-1.5707963267948966
5.604669562895108,0.8963315572737143,0.07109426259882454,8.0,6.0,5.63782222814814,1.0608859630006295,3.0,0.8283559251248933,3.0,0.5,-1.2217304763960306
4.482987149848028,0.14989256083465552,0.3194108033477655,8.0,6.0,6.8259165273179105,0.7100931450608211,3.0,0.7420756057687938,3.0,0.5,-1.2217304763960306
0.17153606967719703,-0.6576105268845769,-0.9078206258712218,8.0,6.0,10.276605735166134,1.6125679767149736,3.0,3.0,3.0,1.0,0.8062839883574868
7.104189617702108,-0.7726859020724728,-0.8590402758186972,8.0,6.0,6.831672604067317,2.2983318301503326,3.0,3.0,3.0,1.0,1.1491659150751663
6.674348690508091,2.1604036987714297,-1.9943490250844884,8.0,6.0,4.062000880202481,-3.050484038510974,3.0,3.0,0.19539552015842726,0.5,1.2217304763960306
0.978094658833589,1.2129350923701692,2.977929950291167,8.0,6.0,8.498420150249244,-2.3795691781268546,3.0,3.0,3.0,1.0,-1.1897845890634273
1.59218762728492,1.4813174733682262,-0.5005981066995949,8.0,6.0,7.840825924633691,1.114794357750781,3.0,3.0,3.0,1.0,0.5573971788753905
6.197980226664179,1.5284005688564486,2.8481705874756553,8.0,6.0,4.821045191252268,-1.6604574716943001,0.018313727934096247,3.0,0.011523229754596298,0.25,1.5707963267948966
3.610642715255527,0.7723474432516158,1.3539950593323968,8.0,6.0,6.82603901448104,-0.4816486948702681,1.5662853987022298,3.0,0.49394067471391945,0.25,1.5707963267948966
-0.2061449669202362,3.1880036159880323,-0.2818627568997113,8.0,6.0,8.674568512716164,0.6119922829501873,0.5281950276899023,2.9836854974819373,3.0,0.25,-1.5707963267948966
7.739371371112021,0.5717414900332418,2.783445277972786,8.0,6.0,5.43451172905373,-1.260625411989912,3.0,3.0,3.0,1.0,-0.630312705994956
6.086370366135202,5.640353358282582,-0.6902054528367287,8.0,6.0,1.947132271445404,0.8759779653810367,3.0,3.0,3.0,0.973566135722702,0.43798898269051834
-0.62022437399399,4.84808734530526,-0.9015894216790544,8.0,6.0,8.696848338452611,1.0344315237469528,1.765730124365234,3.0,3.0,0.1,0.8726646259971648
0.36965131957868036,6.654567856769385,-1.509519870012158,8.0,6.0,7.658373199572025,1.423944586994202,0.7648183633774408,2.579788963407375,3.0,0.25,-1.5707963267948966
2.1048293283795934,3.1469453840611843,1.8846225083204167,8.0,6.0,6.549271554078604,-1.433885219857813,3.0,0.6182507258625858,0.5410469005712195,0.1,0.0
-0.6580723081790031,3.89317357437535,-2.9853703305627213,8.0,6.0,8.910720155036092,-3.0591174546319726,3.0,3.0,3.0,1.0,-1.5295587273159863
3.8289272815294266,6.790670227979397,-0.006653045294267889,8.0,6.0,4.245351226009751,-0.18068458714861665,2.0283317911384082,3.0,1.145694835255168,0.25,1.5707963267948966
-0.7382884437882626,1.0359061870529587,-1.5857729595778363,8.0,6.0,10.049871258408368,2.102395183927665,3.0,3.0,3.0,1.0,1.0511975919638326
2.5591204943644716,6.619585811966067,-1.050583055388452,8.0,6.0,5.476043861514841,0.9371954593844168,1.0663525589916947,2.241847936305981,3.0,0.25,-1.5707963267948966
-0.6328744004760954,3.0641650380203878,1.796444063451734,8.0,6.0,9.118423511681028,-1.468637270736541,3.0,3.0,2.444590769831463,0.5,1.2217304763960306
2.5540276449244623,-0.42351323320749135,-2.9205836915114944,8.0,6.0,8.421409451477748,-2.4950314253286203,3.0,3.0,3.0,1.0,-1.2475157126643102
1.8809021145613194,3.6552468771743456,-2.641849426611859,8.0,6.0,6.5529555269802335,3.0077775473509893,0.4040892433240739,0.6452908076548297,3.0,0.25,-1.5707963267948966
2.8750647053700664,3.1119483134139356,-0.731815783778333,8.0,6.0,5.882669829128286,1.2449868738591474,0.7038366636525993,0.43879460485910626,3.0,0.25,-1.5707963267948966
7.1163732759823155,4.7181324145898955,-2.4381875325485205,8.0,6.0,1.556913836383811,-2.8777287676444607,0.38944925261884467,0.22852967460615986,3.0,0.25,-1.5707963267948966
0.6217184506728772,1.9068479689091706,-1.6804415304254292,8.0,6.0,8.437590424449626,2.1869294755837116,3.0,3.0,3.0,1.0,1.0934647377918558
5.03971349514416,0.6157270592091271,-2.9038224195470415,8.0,6.0,6.144403249442894,-2.3112580964557594,3.0,3.0,0.314936399972923,0.5,1.2217304763960306
5.638716280941035,1.4120487972184668,1.6144353671151017,8.0,6.0,5.159937697394946,-0.5189541499893057,0.2545361502749293,1.5838941979671826,0.19498729570896545,0.25,-1.5707963267948966
3.8228111345486937,6.258167006600775,0.7981346147909345,8.0,6.0,4.18515913926192,-0.8598601092181993,3.0,3.0,2.011580427240966,0.5,1.2217304763960306
5.581570261560376,3.801881722403712,-0.2064649618377481,8.0,6.0,3.2681074587705985,0.9441771827501327,1.2249091552953153,3.0,3.0,0.1,0.8726646259971648
1.6652455146144765,5.891093238722317,2.4145989833812833,8.0,6.0,6.3356905758381235,-2.3974087301793405,3.0,0.9493340623105839,0.2517242693326051,0.1,0.0
6.180861684584392,0.06272341195964781,1.0465927698105393,8.0,6.0,6.209711546723022,0.2268922507844946,2.5367851796453342,1.5387729286855103,3.0,0.25,-1.5707963267948966
4.132254717650649,-0.11704637802789808,-3.019012830004341,8.0,6.0,7.237244638678445,-2.2572003154262505,3.0,3.0,3.0,1.0,-1.1286001577131253
0.07192472136829431,3.4993992561761527,3.0668338282108762,8.0,6.0,8.31308496911126,-2.7612993093656213,3.0,3.0,3.0,1.0,-1.3806496546828106
1.3473887969280494,-0.3537659776015669,-1.3638082438912147,8.0,6.0,9.199324862040998,2.1262336264944497,3.0,3.0,3.0,1.0,1.0631168132472248
0.39962626187226125,-0.6341344916545681,-2.6445513336347464,8.0,6.0,10.088479638309364,-2.921011898557057,3.0,3.0,3.0,1.0,-1.4605059492785284
0.8872403480952362,-0.5795926830367808,-0.2416016660431342,8.0,6.0,9.689292530439749,0.9880804582806672,3.0,3.0,3.0,1.0,0.4940402291403336
2.789945143913475,1.8411881307499751,1.5077308706545989,8.0,6.0,6.666362408933801,-0.8340713269521826,2.465850299463696,1.6562037537345744,0.9774446675378777,0.25,-1.5707963267948966
0.8161219168893634,6.586216693477012,-1.1674790980246825,8.0,6.0,7.207756538945282,1.0860577979029205,3.0,0.7851393455156981,0.7416615530628408,0.1,0.0
-0.27070907938472144,3.2865382939160224,2.581478403450825,8.0,6.0,8.70445306186443,-2.2644624611851247,3.0,3.0,3.0,1.0,-1.1322312305925624
4.730304941244647,3.9587460657975813,-2.9419484744724853,8.0,6.0,3.85455878164363,-2.7831447196715544,3.0,0.5070715366585428,1.3231561011912776,0.1,0.0
0.9286602678473486,6.447921613641171,2.2908688610976147,8.0,6.0,7.085511934891342,-2.3541275918917437,3.0,3.0,3.0,1.0,-1.1770637959458718
1.8497566568962833,5.788293847891708,1.0178359550741525,8.0,6.0,6.1538859815755504,-0.9834271385934101,0.2492213153633857,0.2657716947211461,3.0,0.25,-1.5707963267948966
3.6057124606255755,4.596195253571694,2.432790320431332,8.0,6.0,4.613071725520423,-2.123576126484685,0.028187473017768028,0.0359843554133904,0.04693984265665668,0.25,-1.5707963267948966
6.450160026176985,2.6209848779744753,2.1203317287530328,8.0,6.0,3.717492049666938,-0.9795727143023459,2.6752345512929963,1.8012880586428546,1.016662410188348,0.25,-1.5707963267948966
7.161371639819473,1.9608826927296832,-2.6776522518967854,8.0,6.0,4.125259524974119,-2.2394547266387357,3.0,3.0,0.7384511932982493,0.5,1.2217304763960306
4.650280678334889,0.004609852251986624,0.701833998280608,8.0,6.0,6.8677014027730205,0.35945214542910214,3.0,0.7453927657500161,3.0,0.5,-1.2217304763960306
7.846063608945119,6.408007340279463,-3.060361288199037,8.0,6.0,0.4360807290088872,1.8503402914761522,0.6636126485964768,3.0,3.0,0.1,0.8726646259971648
3.434951037726968,6.805869736169045,0.8198697266881229,8.0,6.0,4.63563351222066,-0.994599891561847,3.0,3.0,2.486283250541341,0.5,1.2217304763960306
1.0503574739270105,0.7640596404955904,-1.0842152115642563,8.0,6.0,8.701298908122242,1.7298960853765026,3.0,3.0,3.0,1.0,0.8649480426882513
7.630827450691669,1.4175631820436765,2.5348654472579257,8.0,6.0,4.597283498080632,-1.0444580003692583,1.4567892892102015,2.7552089919633973,0.7732486482658487,0.25,-1.5707963267948966
7.097787553433866,2.501827841730093,0.8378034545337186,8.0,6.0,3.6126438722400507,0.48058377434942795,3.0,1.0016055390866279,0.3028892081310226,0.1,0.0
-0.8184373576292634,4.866204037345847,2.060305822264633,8.0,6.0,8.891025290446668,-1.9324362524451801,3.0,3.0,3.0,1.0,-0.9662181262225901
6.156800640426771,2.6803929846095462,-0.45151860253715276,8.0,6.0,3.796995472180692,1.5154528091589745,3.0,3.0,0.25636133101305975,0.5,1.2217304763960306
5.13763299644476,0.12051457091374917,-1.5657275495319243,8.0,6.0,6.539227307096714,2.6834598162061547,3.0,3.0,3.0,1.0,1.3417299081030774
5.461293689077676,-0.29214139227651614,-1.829513366067793,8.0,6.0,6.784988801281568,3.016813330339397,3.0,3.0,3.0,1.0,1.5084066651696986
6.685383329499591,1.4172087227067562,1.5945859577638075,8.0,6.0,4.767619204759606,-0.3031476427415137,2.244955637436884,0.40083427312210285,1.1266628652273711,0.25,-1.5707963267948966
6.509775306679554,4.120204961032681,0.2849985631449095,8.0,6.0,2.398832846429313,0.6154876028279448,0.00549598995028211,0.019909939411954278,0.004913615031881036,0.25,-1.5707963267948966
7.599377892249127,-0.6394026432439883,2.199340378155424,8.0,6.0,6.6514784471073805,-0.6888110628502293,2.647163321502089,3.0,2.5709656814847923,0.25,1.5707963267948966
1.0756285677067279,6.824520291537714,-2.6662323688997187,8.0,6.0,6.973288567348738,2.5477153028214987,3.0,1.063840875113776,3.0,0.5,-1.2217304763960306
1.9484045491853803,3.0891675731045067,-2.7779581204428534,8.0,6.0,6.7152626841983265,-3.0568927698946577,0.26580615399620944,3.0,0.3096831504444576,0.25,1.5707963267948966
4.013296190863477,0.17624800045400235,-1.0602579331208382,8.0,6.0,7.057612529318938,2.0307664988161975,3.0,3.0,3.0,1.0,1.0153832494080988
2.805843265324063,-0.55789684699283,-1.9616486489301839,8.0,6.0,8.365720246349259,2.8625728143050573,3.0,3.0,3.0,1.0,1.4312864071525286
4.4174093031362345,3.9059328045261754,-0.025370692425357624,8.0,6.0,4.149707642764055,0.5543240973555698,2.105513427687327,2.756674165810071,2.0001206285355706,0.25,-1.5707963267948966
3.770825066706659,4.360744843354231,-3.126537908774971,8.0,6.0,4.5357555142430765,-2.786870627235388,0.5032839385350844,3.0,0.30272562307802875,0.25,1.5707963267948966
6.43070303387912,4.53454544818627,0.06728939294968266,8.0,6.0,2.147149275506428,0.6839043507483263,3.0,3.0,0.2812029374987372,0.5,1.2217304763960306
2.8081496362362928,2.4100621115522705,0.5119184848501985,8.0,6.0,6.3121283449107635,0.0930504402269115,0.6315046230796355,2.0711587262590982,3.0,0.25,-1.5707963267948966
7.14200423956005,6.871430194402736,0.7920215841737991,8.0,6.0,1.2229257167341432,-1.5851877376984636,3.0,3.0,3.0,0.6114628583670716,-0.7925938688492318
2.881536608608739,-0.8036136290128439,-0.890332572368122,8.0,6.0,8.51397826529419,1.8161475727893353,3.0,3.0,3.0,1.0,0.9080737863946676
2.2028337438246406,-0.8570303392352852,-2.322844916622196,8.0,6.0,8.979198275733273,-3.0913813215820225,3.0,3.0,3.0,1.0,-1.5456906607910113
7.716789047276555,6.794672975923722,-1.5127149217052822,8.0,6.0,0.8436311886162019,0.2842718375644931,3.0,3.0,3.0,0.42181559430810095,0.14213591878224655
3.9660644168350876,4.981949696383707,1.1581419999577647,8.0,6.0,4.1604161702667755,-0.9109326017019763,3.0,3.0,0.5610243037771374,0.5,1.2217304763960306
0.23193776137850497,-0.34459442069519675,-1.8046179112506593,8.0,6.0,10.029789095799265,2.489491431552328,3.0,3.0,3.0,1.0,1.244745715776164
4.052949795557548,2.123352118153603,2.808345160418906,8.0,6.0,5.532413950186063,-2.031945353251583,2.4927725190979766,3.0,0.19725996304515936,0.25,1.5707963267948966
4.20167038104017,5.874802451682705,0.2234053110291733,8.0,6.0,3.8003923903160564,-0.19045602793179137,0.4388464584865134,3.0,0.2851111075636983,0.25,1.5707963267948966
2.9226447631956725,2.5891205030483286,1.4539851477375427,8.0,6.0,6.116668631161052,-0.8624490213675122,1.733896342185132,3.0,0.4912504243850856,0.25,1.5707963267948966
6.421408001361885,3.5826090815310003,-2.0954598931584276,8.0,6.0,2.8871666995275267,3.0877645648786647,1.3224038151258153,3.0,1.7924466135700694,0.25,1.5707963267948966
3.121557136485576,3.59704896400324,-0.5899391069906089,8.0,6.0,5.438141084412275,1.0476211810574505,0.3621478291846719,3.0,3.0,0.1,0.8726646259971648
1.3476905630782987,5.181734162159678,1.5610255216198492,8.0,6.0,6.7024458092500865,-1.4386355344905069,3.0,0.7034034831204266,1.2651868992502058,0.1,0.0
5.9559531242068,6.9987425648818276,3.1235009949744774,8.0,6.0,2.2749976574376234,2.7051898276250848,3.0,1.295316040756132,3.0,0.5,-1.2217304763960306
3.130033812599665,1.9134874462238276,-2.141301207249816,8.0,6.0,6.35737017316066,2.839448057189446,3.0,3.0,3.0,1.0,1.419724028594723
2.186254528387521,0.48256314192967587,1.8725270017734088,8.0,6.0,8.015094877260502,-1.1132727210362698,2.1713192545890236,3.0,2.523705254898692,0.25,1.5707963267948966
7.448161995901623,-0.7111260273852613,1.151674539316353,8.0,6.0,6.733775890109142,0.33707902704042164,3.0,2.726307544545601,3.0,0.5,-1.2217304763960306
4.2058994984756595,0.6401255481105208,-2.443032130156393,8.0,6.0,6.5668449620563445,-2.885345955684173,3.0,3.0,3.0,1.0,-1.4426729778420866
7.737087274823139,3.6902881650671375,-0.4317777198832608,8.0,6.0,2.3246272521608393,1.8892326592776176,3.0,3.0,0.6309753526762079,0.5,1.2217304763960306
1.695522871666253,0.18956999704492006,0.34475869990220465,8.0,6.0,8.573653170085894,0.3998819468708329,2.4809578734719158,3.0,3.0,0.1,0.8726646259971648
3.7906419333803933,-0.12192097740231489,-1.8901386886681943,8.0,6.0,7.429442225804981,2.8585880638136354,3.0,3.0,3.0,1.0,1.4292940319068177
7.14738974839833,-0.551097296403916,-2.1967341021454923,8.0,6.0,6.606346950326403,-2.645075125797783,3.0,3.0,3.0,1.0,-1.3225375628988916
0.07508763308206623,3.1261041284854274,-2.91978809731694,8.0,6.0,8.429917763752936,-3.015505857574091,3.0,3.0,3.0,1.0,-1.5077529287870455
7.089224442125122,0.9193804892324176,-2.1494139085652852,8.0,6.0,5.161608928426729,-2.740355661623945,3.0,3.0,3.0,1.0,-1.3701778308119725
7.310877436696433,6.507773005296381,-2.537030314417894,8.0,6.0,0.8559926005298161,1.9020050039064957,0.13919496891413075,2.044345623876787,0.113290980641648,0.25,-1.5707963267948966
0.7555997393468894,0.286686492422219,-0.5794379475252811,8.0,6.0,9.226228176910734,1.2472212072172877,3.0,3.0,3.0,1.0,0.6236106036086438
0.48808883303388795,1.8367495034034427,-0.04409088615117801,8.0,6.0,8.58844945713728,0.5501681531792195,3.0,0.6860766338026338,3.0,0.5,-1.2217304763960306
4.887806311677107,6.455859442193442,0.7673277740972348,8.0,6.0,3.145402579110307,-0.9127687931886371,3.0,3.0,0.9149775243956461,0.5,1.2217304763960306
0.9262346172183178,6.4119835976260635,-0.6524429628521695,8.0,6.0,7.085752407144451,0.5942676202892054,1.81862971437772,0.5790022252663981,2.803250148258604,0.25,-1.5707963267948966
-0.33136584317751194,0.896662847869961,2.0151776526330023,8.0,6.0,9.770143647929425,-1.465584858453421,3.0,3.0,1.996062565224228,0.5,1.2217304763960306
7.652608506838691,6.137968013404869,-0.6616455697793466,8.0,6.0,0.3737860648067689,0.2835948165641163,3.0,3.0,3.0,0.18689303240338445,0.14179740828205814
6.933192925107701,2.297636909981196,-2.387399544375273,8.0,6.0,3.852994911153381,-2.60553233527159,0.6158061486766375,3.0,0.5448662053748466,0.25,1.5707963267948966
5.131836733976711,0.40154182181638376,2.616657696283524,8.0,6.0,6.290397006027234,-1.51931083828938,0.6154077928093407,3.0,0.6408894400759773,0.25,1.5707963267948966
3.0860656411506744,0.05074014262552495,-1.8179874631592812,8.0,6.0,7.716245442807486,2.6984044362396813,3.0,3.0,3.0,1.0,1.3492022181198406
1.1417231539759873,3.7191582901985685,-0.7153661206493616,8.0,6.0,7.227599892210345,1.0364274932116209,0.07189696358415387,1.0200079425008914,0.03423877822908983,0.25,-1.5707963267948966
2.0199120988491224,2.783304360747545,-1.7250752786141228,8.0,6.0,6.79033004654979,2.2185820489008434,3.0,3.0,3.0,1.0,1.1092910244504217
7.766743224481214,1.0626421183193049,-1.2946725339732832,8.0,6.0,4.9428647134146715,2.8182607231308654,3.0,3.0,3.0,1.0,1.4091303615654327
1.0308371328150967,5.785311570504732,-2.3495027020400094,8.0,6.0,6.9724688734413185,2.380298446193177,0.2174548506411199,2.086793455004968,0.24880619465280168,0.25,-1.5707963267948966
2.189865378475157,3.3293888462525434,1.789976289630682,8.0,6.0,6.3945154824084955,-1.3591289090554457,3.0,3.0,0.34451642343398853,0.5,1.2217304763960306
3.815415745133186,0.08654888111168724,1.7897297042726212,8.0,6.0,7.244283920551478,-0.8347673159732676,3.0,3.0,0.8073130759404594,0.5,1.2217304763960306
5.739839084944281,3.914657259477652,0.2883192322973997,8.0,6.0,3.0752205949158777,0.4568709437763595,0.8158183792812599,2.2212677470367175,2.0845547083323117,0.25,-1.5707963267948966
-0.2990000241438069,6.59673045835348,0.5321474343570225,8.0,6.0,8.32042598913455,-0.6039277977319543,3.0,3.0,2.118319981995978,0.5,1.2217304763960306
0.326228081036825,-0.6118212686799192,2.321469806657122,8.0,6.0,10.129311721594705,-1.6102723416797102,3.0,3.0,3.0,1.0,-0.8051361708398551
2.4526114123632072,1.7486901507860733,-0.981860334841855,8.0,6.0,6.989074014221503,1.6357513798594652,3.0,1.6346685658071793,3.0,0.5,-1.2217304763960306
0.6436341988988281,5.0442941127554715,2.9666209104088677,8.0,6.0,7.4181865400193825,-2.837429010158333,3.0,3.0,0.08237635427991818,0.5,1.2217304763960306
3.062697691350813,6.44135377042404,0.1541994655958836,8.0,6.0,4.956989735480608,-0.2433541793844976,2.8867604994817575,3.0,1.657882955082966,0.25,1.5707963267948966
4.6142394634271255,0.6102415571971536,1.7837294821033203,8.0,6.0,6.364972150982187,-0.7738188818973024,0.10074919310665204,0.1669540299248566,0.1557141784277476,0.25,-1.5707963267948966
4.602837799923359,1.9858282797812548,0.356981772168142,8.0,6.0,5.258734221562589,0.5114770040738389,1.157776092030229,3.0,3.0,0.1,0.8726646259971648
0.3363845359357458,0.1398899980795827,0.8614914055003208,8.0,6.0,9.647377426827068,-0.2086696263238549,3.0,3.0,3.0,1.0,-0.10433481316192746
0.06614532694592334,4.5933923717552965,-0.6729161629326135,8.0,6.0,8.057579971243115,0.8483846907594033,1.5018050871441782,2.2649541960673925,3.0,0.25,-1.5707963267948966
1.2998836720265268,0.18525953538115125,2.730826047749931,8.0,6.0,8.871457911710598,-2.016056194172495,3.0,3.0,3.0,1.0,-1.0080280970862474
1.5091389928581913,6.331330112782401,2.113607658672012,8.0,6.0,6.4993119834079645,-2.16460902566809,3.0,3.0,0.03683954654707147,0.5,1.2217304763960306
-0.7670335357799024,4.699148503307512,0.31617077601748167,8.0,6.0,8.863018201151148,-0.16886566061199745,1.2946012590917302,3.0,3.0,0.1,0.8726646259971648
7.2049733866220596,-0.3694218341910416,0.11596861057903089,8.0,6.0,6.418847390135457,1.3306506705707808,3.0,3.0,3.0,1.0,0.6653253352853904
5.5552141364999095,0.19589528544844992,-0.30764100935317673,8.0,6.0,6.2979845550659626,1.4797755327423365,3.0,3.0,3.0,1.0,0.7398877663711683
3.304730406579398,-0.04261674260149295,1.4125259303373963,8.0,6.0,7.6523704597247475,-0.5023041116569796,2.44548617762248,3.0,1.300636014465069,0.25,1.5707963267948966
4.073809119768016,0.3648791448585742,2.184903929586927,8.0,6.0,6.868010037854243,-1.2226395206917922,3.0,3.0,0.47968961565609974,0.5,1.2217304763960306
5.112751617227276,6.121445263952306,-2.804272689961852,8.0,6.0,2.8898014077026395,2.762234839092101,0.07024232723489471,0.03283141510209375,3.0,0.25,-1.5707963267948966
7.335830542162025,1.0720767115094594,-0.9692771467867412,8.0,6.0,4.972479160938959,2.406104011637687,3.0,3.0,3.0,1.0,1.2030520058188434
5.6960066582110205,0.4158430826381494,-2.5505385382916423,8.0,6.0,6.040794136264549,-2.5531669163145523,3.0,3.0,3.0,1.0,-1.2765834581572761
0.9590916322766825,-0.04169897064362438,0.4671943033841567,8.0,6.0,9.277743103500574,0.2419749247348381,3.0,3.0,3.0,1.0,0.12098746236741904
4.76350096359203,-0.7394532619057941,1.361233949249495,8.0,6.0,7.476306326126717,-0.23814588602323553,3.0,3.0,3.0,1.0,-0.11907294301161776
1.3057053997160906,4.999414838499242,-0.8928724119743149,8.0,6.0,6.768659458179721,1.0412423669787367,1.266783229751256,1.0086175109288233,1.3264120949052691,0.25,-1.5707963267948966
0.08871139029219455,4.104838374889366,-0.17611706755620166,8.0,6.0,8.135116781668499,0.41123800010793116,2.1513750612113407,3.0,0.7370609246279037,0.25,1.5707963267948966
7.129959710521353,1.6737874141299303,0.937960261840128,8.0,6.0,4.412831907455425,0.43437438615946494,0.6198366978081804,1.8724628979164712,3.0,0.25,-1.5707963267948966
-0.5735133593989687,2.6920048712856186,-2.541326466281639,8.0,6.0,9.18955728505953,2.909565725568785,3.0,3.0,3.0,1.0,1.4547828627843924
6.279680601250633,-0.8999660740746558,-1.3856863543256246,8.0,6.0,7.1111905231891095,2.7121414108811206,3.0,3.0,3.0,1.0,1.3560707054405603
-0.89812004748239,0.472381323810545,1.7507148625770879,8.0,6.0,10.475261744164987,-1.1948441631629034,3.0,3.0,2.4693367011505214,0.5,1.2217304763960306
4.283252945213649,3.909634924717313,1.935616994851572,8.0,6.0,4.26425079201782,-1.4232899031062531,3.0,1.0991340897684299,1.1444295082157891,0.1,0.0
2.5752060913143047,1.3292415647948816,-1.6699392846310728,8.0,6.0,7.158517535897582,2.380786004556147,3.0,3.0,3.0,1.0,1.1903930022780735
3.4940268337675846,6.777167931641173,-0.8844232896367601,8.0,6.0,4.5725030528998,0.7136285936025445,1.4590422084240715,2.3189750008585603,1.1926420667460864,0.25,-1.5707963267948966
0.2572164632672922,4.182361491544036,-2.052511944097152,8.0,6.0,7.953270185535072,2.2830894321147928,3.0,0.7472076014006342,3.0,0.5,-1.2217304763960306
1.296613929941243,-0.42722173257800833,3.04446572508745,8.0,6.0,9.286795141704205,-2.280096567509887,3.0,3.0,3.0,1.0,-1.1400482837549435
3.311733442599057,3.8696683820135753,-1.9583734943014017,8.0,6.0,5.149578246403947,2.3848774794051044,3.0,0.43480664834051164,1.7744405813083328,0.1,0.0
7.92203200400027,5.800971918462597,1.033697241759999,8.0,6.0,0.2137549663532358,0.1637304127251216,3.0,3.0,3.0,0.1068774831766179,0.0818652063625608
6.613810514189813,-0.4800120491434203,-2.0135450889538937,8.0,6.0,6.626618854862155,-2.909585371902184,3.0,3.0,3.0,1.0,-1.454792685951092
7.751408832940815,0.6007924347892448,2.601375055390669,8.0,6.0,5.404927372367634,-1.0765883931579936,1.821023088950509,3.0,2.989273247691287,0.25,1.5707963267948966
5.837511111796296,1.269296953675087,-1.3944492717412706,8.0,6.0,5.201529535061039,2.5364882413330605,3.0,3.0,3.0,1.0,1.2682441206665303
5.638005230145944,2.556459893717566,-0.39789836787395655,8.0,6.0,4.175761937226972,1.3674806876765824,0.21604806176835994,3.0,0.16783774239250943,0.25,1.5707963267948966
4.767825058842835,3.169880369210606,-0.6747879355277742,8.0,6.0,4.296106606547819,1.3939624296743713,1.2140898680571282,3.0,1.8013970958309384,0.25,1.5707963267948966
7.918139992352792,1.5582833026318221,-0.7887240706468371,8.0,6.0,4.442470965637398,2.3410926707367716,3.0,3.0,3.0,1.0,1.1705463353683858
0.07036536852103659,0.16310280505613672,0.80179206132541,8.0,6.0,9.846241630850527,-0.16725520593528395,3.0,3.0,3.0,1.0,-0.08362760296764198
0.2774103025830579,2.1782305834016578,-2.451158198346263,8.0,6.0,8.616513976562489,2.9107029044215658,3.0,3.0,3.0,1.0,1.4553514522107829
5.630339911112051,3.685210904038831,-0.7964460829639918,8.0,6.0,3.3126330155405337,1.5701313466263263,3.0,0.9903794726125221,1.3659719814003042,0.1,0.0
7.539803117604258,6.084861226630041,-2.8513041380543127,8.0,6.0,0.4679557653795021,2.6689506419907802,0.7972822114881647,3.0,0.42412683950524843,0.25,1.5707963267948966
-0.5912406370755523,1.6824829514420454,0.590563088256392,8.0,6.0,9.61511149954731,-0.1248785767955453,1.3870749210968887,3.0,3.0,0.1,0.8726646259971648
3.6072591831776437,5.594515373799386,-1.751968976488149,8.0,6.0,4.411415834611627,1.8440160191350683,0.19449758061706424,3.0,0.15252300769262594,0.25,1.5707963267948966
3.2777513011808033,1.9909141143422016,-2.530893971944432,8.0,6.0,6.194546182899936,-3.048390816450282,3.0,3.0,2.0543233240874255,0.5,1.2217304763960306
6.938831572778596,-0.850050037854829,1.907222633469191,8.0,6.0,6.931757638005421,-0.4901185913931144,2.503195741370652,3.0,3.0,0.1,0.8726646259971648
1.0761982510956343,1.724053550195352,1.4601794214356199,8.0,6.0,8.137736091796546,-0.9069393925742912,0.594086071185724,3.0,3.0,0.1,0.8726646259971648
-0.9327929421764418,1.8577441531411205,1.4358108207982785,8.0,6.0,9.846475168741035,-1.0016115261003784,3.0,3.0,1.5804292251090826,0.5,1.2217304763960306
-0.45710235371357155,0.130197234453731,-0.8689349513866683,8.0,6.0,10.294521102392391,1.4756684951114205,3.0,3.0,3.0,1.0,0.7378342475557103
5.096789140190068,6.5339035461766,2.9132702446504366,8.0,6.0,2.9518953729999096,-3.0951392261626034,3.0,1.91799606255041,3.0,0.5,-1.2217304763960306
-0.19120290829410969,2.4671893653501016,2.1875564610306424,8.0,6.0,8.920569267997491,-1.780367461407862,3.0,3.0,2.7448448832146353,0.5,1.2217304763960306
1.5751518267371933,0.6246024139443707,0.7590504333621437,8.0,6.0,8.376966829208,-0.0623535423119609,2.6961516557471747,2.0703641145943226,3.0,0.25,-1.5707963267948966
0.8921895873461798,1.5432824711724837,-0.10673531862749942,8.0,6.0,8.389475549400482,0.6667837025818854,3.0,3.0,3.0,1.0,0.3333918512909427
0.16457362666761566,6.794722967035514,1.685153866431537,8.0,6.0,7.8756263907226085,-1.786235085619023,3.0,3.0,3.0,1.0,-0.8931175428095115
3.4940293986243844,1.348478672894358,1.8856264940715721,8.0,6.0,6.476142502831447,-1.084335499737569,2.4487454229111107,2.3605539955890285,1.067932823671855,0.25,-1.5707963267948966
3.6005967225669266,0.9662331914540898,-0.8895880470936638,8.0,6.0,6.685324037046174,1.742133293305809,3.0,0.4911373853687905,3.0,0.5,-1.2217304763960306
-0.14986024805545428,-0.31171540401450226,3.1100078097125596,8.0,6.0,10.30815082369813,-2.451037143176208,3.0,3.0,3.0,1.0,-1.225518571588104
4.112180127570402,-0.5633479699071753,1.2913606912950537,8.0,6.0,7.628412674635736,-0.2553422109967025,1.3149865290959013,3.0,3.0,0.1,0.8726646259971648
6.113070271637681,-0.7956776158002272,1.0496231271151044,8.0,6.0,7.052782291951578,0.25032997180102623,3.0,3.0,3.0,1.0,0.12516498590051311
1.5477215787966965,3.9704329989806997,-0.726548116245428,8.0,6.0,6.763951436575537,1.031299906967753,3.0,0.5532472303931326,0.5824694982455199,0.1,0.0
7.849225748490129,1.8604280112109581,0.8713622942269352,8.0,6.0,4.142316878907892,0.6630274591281622,0.06477854422699614,0.06041963679636486,3.0,0.25,-1.5707963267948966
3.9596836161818336,1.4825911706354367,3.131665185887714,8.0,6.0,6.060621998852133,-2.290574758812191,3.0,3.0,3.0,1.0,-1.1452873794060956
3.65365791975304,6.076290573302527,0.07733077847842476,8.0,6.0,4.347011586147465,-0.09488179914355722,2.2005147656336925,3.0,0.9872852353787063,0.25,1.5707963267948966
5.7755729815166825,3.67811398414329,-2.379310786584014,8.0,6.0,3.2154673425786067,-3.097042709334861,3.0,1.2473320393176124,2.966795531566724,0.1,0.0
2.2085867585799788,2.5374851188973393,1.3035238373652742,8.0,6.0,6.7475533813933275,-0.7646716487778149,1.1016286794430723,3.0,1.2809755519803137,0.25,1.5707963267948966
4.29876987386893,3.804792762145156,-1.53591061955948,8.0,6.0,4.3032591443823724,2.071242671799482,0.1747746229607272,2.0012445047660186,0.17521076707422145,0.25,-1.5707963267948966
-0.4504017366944628,-0.5610776152588546,2.729239466222585,8.0,6.0,10.698459187424122,-2.0690416213208533,3.0,3.0,3.0,1.0,-1.0345208106604267
0.7422757951847623,4.129139219333761,0.8943968917842026,8.0,6.0,7.4949770309051695,-0.6421139546888159,3.0,0.9997366345768743,1.4926904053607728,0.1,0.0
5.5794071227612925,-0.06734690718999126,-2.121496746388684,8.0,6.0,6.532378461902427,-2.970496641369398,3.0,3.0,3.0,1.0,-1.485248320684699
1.9131474378392124,-0.3030116939904639,0.4161936358259287,8.0,6.0,8.76229025586712,0.38664920654158863,2.597058407241825,3.0,3.0,0.1,0.8726646259971648
4.1839783568882325,0.3822864997914799,-0.8493425921426419,8.0,6.0,6.791224201211627,1.8234521827553607,3.0,3.0,3.0,1.0,0.9117260913776803
7.866945900400106,5.642541843599894,-1.0813455608880618,8.0,6.0,0.3814180475505858,2.2958081848670755,3.0,3.0,1.467115779601857,0.5,1.2217304763960306
0.41144983354448783,-0.26315123562100773,1.5636788315716863,8.0,6.0,9.83936771490287,-0.8736751634811836,2.854432389333893,3.0,3.0,0.1,0.8726646259971648
5.484158794959384,4.4029451120446454,-2.557730341821673,8.0,6.0,2.9799398121643845,3.1233455156497647,1.4068350909015148,2.9535312153668607,1.8589114644331786,0.25,-1.5707963267948966
5.304155085576858,4.241601861908354,-2.8436008037803657,8.0,6.0,3.218624522162423,-2.8616205225965183,3.0,1.3026005900611133,1.8229642557571006,0.1,0.0
1.7183196775537768,5.217538050231514,-1.9616025999386524,8.0,6.0,6.330225460143073,2.085526824752982,1.6476650886744098,1.1151036884245284,3.0,0.25,-1.5707963267948966
2.167993693583589,-0.4562028928360746,-2.359735725060505,8.0,6.0,8.700278923778576,-3.0872986572608565,3.0,3.0,3.0,1.0,-1.5436493286304283
3.3493499279269088,3.705127836368159,-1.3926154855599922,8.0,6.0,5.186037441080207,1.851010914517632,0.33558529297897133,0.26823740777215144,3.0,0.25,-1.5707963267948966
1.3460284975955839,4.144757485760572,-0.5027828654397721,8.0,6.0,6.907768202643421,0.7746945350351484,2.233758749854168,1.2265688340237135,0.7469210484584077,0.25,-1.5707963267948966
5.443368544200052,0.4635680789448742,-2.2907184526319595,8.0,6.0,6.098232761814189,-2.8542800753087962,3.0,3.0,3.0,1.0,-1.4271400376543981
3.7859018815940466,0.2885694630355129,-1.3872709203408977,8.0,6.0,7.0978209142047985,2.322396766382291,3.0,3.0,3.0,1.0,1.1611983831911454
6.157998229637331,4.605911255156361,2.0518061960064773,8.0,6.0,2.310076611396021,-1.4039459393392784,3.0,1.0501799232640194,1.2524597035081024,0.1,0.0
-0.5097022374618941,6.801279543766676,0.36616129145300463,8.0,6.0,8.547343509975653,-0.46004518166199493,3.0,3.0,3.0,1.0,-0.23002259083099746
-0.48394168429277873,-0.8107763763235507,-1.8639084289393013,8.0,6.0,10.879519352929501,2.5403448960003208,3.0,3.0,3.0,1.0,1.2701724480001604
0.5942677838935844,0.8851565182517138,-2.2483892401638728,8.0,6.0,9.000360742740225,2.852819247574101,3.0,3.0,3.0,1.0,1.4264096237870505
4.971999465425188,6.79298180945168,-2.6421126388315264,8.0,6.0,3.130112999159393,2.385981638218496,2.2835273981635007,0.777949903710986,3.0,0.25,-1.5707963267948966
1.5504560400399319,0.2667415575574239,0.128403919442775,8.0,6.0,8.629418848294273,0.5982670445293864,3.0,3.0,3.0,1.0,0.2991335222646932
3.162602285334094,1.5885235081288513,0.1392518370107742,8.0,6.0,6.546872649455365,0.6001276963338578,2.367232430846726,0.9550273368190256,1.2316505870754353,0.25,-1.5707963267948966
0.7635264303989628,0.2807095452762196,2.7589663254740886,8.0,6.0,9.2237103721349,-2.0901420901572596,3.0,3.0,3.0,1.0,-1.0450710450786298
-0.1053137668007913,1.109039658815707,1.676984228634171,8.0,6.0,9.466657505018759,-1.1340491215421136,3.0,3.0,1.5471552335460703,0.5,1.2217304763960306
2.945792415588314,0.7809232690568377,2.0849666969646914,8.0,6.0,7.2652444026197065,-1.283521572372862,2.5333203288613775,3.0,1.8612518435847347,0.25,1.5707963267948966
-0.9162820959473748,1.2511674861055413,-2.6305085403540533,8.0,6.0,10.102054081202143,3.1198965644251153,3.0,3.0,3.0,1.0,1.5599482822125577
3.859870088343553,2.1037144719087557,1.0341618862334299,8.0,6.0,5.685219134018116,-0.2790968475802182,0.2288343675444211,0.23176900098563047,3.0,0.25,-1.5707963267948966
5.3378441542287405,1.342069242124289,-3.1075963159881304,8.0,6.0,5.365015628340582,-2.1240166414555506,0.3552436548891722,3.0,1.476112406020916,0.25,1.5707963267948966
3.428476817879943,6.908720953333173,0.5342788111862162,8.0,6.0,4.660965348046243,-0.7304996673881508,3.0,3.0,2.4808744397372298,0.5,1.2217304763960306
5.9991586218222315,3.181944865165092,-1.9747656707364654,8.0,6.0,3.4561251371438657,2.928150860611682,0.9036164479302853,0.8583428714543435,1.5244461342830256,0.25,-1.5707963267948966
-0.43613862673278114,2.3747065669851475,2.214744133056888,8.0,6.0,9.18211236072144,-1.808870804415688,3.0,3.0,3.0,1.0,-0.904435402207844
3.8578406882748215,0.7250473234651453,0.11196954163502534,8.0,6.0,6.7069075961574,0.7931443595266121,0.3915093238080086,0.3160573032216837,3.0,0.25,-1.5707963267948966
5.080812424651267,6.621292879352783,2.2094574587534344,8.0,6.0,2.9845704786459453,-2.419159289719154,3.0,3.0,3.0,1.0,-1.209579644859577
-0.5618202401927738,4.948799289976927,-3.057972181220135,8.0,6.0,8.626110870961934,-3.1030468243134988,3.0,3.0,3.0,1.0,-1.5515234121567494
7.006197107109335,1.6519430343402401,2.732413991684626,8.0,6.0,4.460184252532648,-1.3863203748414912,0.5682141420106631,3.0,3.0,0.1,0.8726646259971648
5.32315750449076,1.8769133339345583,1.3165732787333677,8.0,6.0,4.915824386778963,-0.32161254799895783,3.0,1.2350004906298064,0.20552115027438972,0.1,0.0
0.7655903807539823,2.2052555289927405,2.2369209110969583,8.0,6.0,8.169257502324154,-1.7538337994991025,0.2960713272933533,3.0,0.13076394286179271,0.25,1.5707963267948966
5.749362291611187,6.898696947056128,-2.7236701949625086,8.0,6.0,2.4234327506802518,2.343760778224113,2.9572814269799395,1.0077383111111864,3.0,0.25,-1.5707963267948966
-0.968428637186442,3.3707083814612613,0.5606778076652408,8.0,6.0,9.34590213064656,-0.2754970009121143,3.0,3.0,1.3058167484375232,0.5,1.2217304763960306
1.829394222616994,4.639525523346081,1.38357696289231,8.0,6.0,6.318802612955977,-1.166572060347894,1.3927276071557317,3.0,0.5708084528107767,0.25,1.5707963267948966
-0.10109419978130307,4.87598949048615,0.29584051249837756,8.0,6.0,8.178699582404763,-0.15797272719463165,3.0,0.5111854153449389,3.0,0.5,-1.2217304763960306
4.6674733126227,4.265096727833907,2.659718921067023,8.0,6.0,3.7570764546192743,-2.1797298423892486,1.128813787054897,2.0836319001367936,3.0,0.25,-1.5707963267948966
6.179525001804289,2.685046966352611,1.602757147772895,8.0,6.0,3.781936386871638,-0.5341670918100838,3.0,3.0,1.1212943271714717,0.5,1.2217304763960306
7.27527163914672,6.157945912232173,1.604702296903662,8.0,6.0,0.7417399195243141,-1.8192850290807752,3.0,0.15816469426763158,3.0,0.5,-1.2217304763960306
0.9494624074142846,4.723830744832758,0.18709098774409622,8.0,6.0,7.1651021145757925,-0.0080265872467633,1.3748278232848006,1.5771806177255385,1.3986391034988266,0.25,-1.5707963267948966
1.1680659441569543,1.280790448865969,-0.15839537187976,8.0,6.0,8.30338856918684,0.7628913314349441,3.0,2.6558640034008056,3.0,0.5,-1.2217304763960306
6.084811323900754,1.401667792694397,-2.658275434475807,8.0,6.0,4.981225426920849,-2.448759552670104,3.0,3.0,3.0,1.0,-1.224379776335052
3.622358985713043,3.709697709956145,-0.20098464385153178,8.0,6.0,4.940569342671699,0.6830052715576933,0.18679923337708343,3.0,0.10446343720419304,0.25,1.5707963267948966
2.82259149163903,1.9473635381842698,3.00238379195692,8.0,6.0,6.574908452144934,-2.338247613692177,3.0,3.0,3.0,1.0,-1.1691238068460885
-0.6363969839615361,2.9201768614040553,-1.0659473402982504,8.0,6.0,9.169114648078672,1.4084983762953474,3.0,1.0928041498008412,3.0,0.5,-1.2217304763960306
5.138412347822645,6.813807368826165,-2.383433641685478,8.0,6.0,2.975057364934275,2.106358602563006,2.116855649167624,0.7259234033914965,2.8275952849212134,0.25,-1.5707963267948966
4.158326610383202,-0.9807877703948664,-2.862139316565354,8.0,6.0,7.968051978230585,-2.3533392116453173,3.0,3.0,3.0,1.0,-1.1766696058226587
7.36675039999208,2.38423063766773,2.4894798154866034,8.0,6.0,3.670802791964028,-1.0920606324072903,3.0,0.9470804800228906,1.172823669919206,0.1,0.0
1.54007135948939,3.710164562070654,0.9758497101512805,8.0,6.0,6.85375987128863,-0.6352003986733082,1.382830740346269,3.0,0.6108947862292793,0.25,1.5707963267948966
0.9300188961066413,6.487439400255084,-3.0526142711670095,8.0,6.0,7.086764422381358,2.9837782649323747,3.0,0.7728385153239518,3.0,0.5,-1.2217304763960306
3.7220089592748833,1.0848493490706685,2.543579288590011,8.0,6.0,6.51612716771668,-1.688983636682819,2.62966192814272,3.0,1.5245058754062963,0.25,1.5707963267948966
7.769462178559985,-0.6080251663604939,2.620116053002323,8.0,6.0,6.612045393550164,-1.0841931341497117,3.0,3.0,3.0,1.0,-0.5420965670748559
6.781481346550315,0.16162888229462613,-1.402146418569482,8.0,6.0,5.964173456302317,2.7671876623572524,3.0,3.0,3.0,1.0,1.3835938311786262
2.901005764108783,3.7734501024526237,-3.105958088316118,8.0,6.0,5.563925472534664,-2.765518243250613,0.07320059960845032,3.0,0.06257003260628324,0.25,1.5707963267948966
-0.6712236371243561,0.11522064253976261,-0.7013108252574146,8.0,6.0,10.479539467505921,1.2975679829378024,3.0,3.0,3.0,1.0,0.6487839914689012
2.8812978053457714,5.9606789641891345,2.645490599157927,8.0,6.0,5.118853221319718,-2.637808913275435,0.5347826603500141,2.0921227268953992,3.0,0.25,-1.5707963267948966
4.439317201964866,6.91784309749391,-2.2746681870174874,8.0,6.0,3.677077363863932,2.0223885059308566,1.7084976629669533,1.0545232229153387,2.015175865091664,0.25,-1.5707963267948966
1.8084964858722858,1.0997478301343984,3.0283426312690933,8.0,6.0,7.896023498808015,-2.3588382101008163,3.0,3.0,1.558083049270899,0.5,1.2217304763960306
4.014116246526345,0.4149033170349128,-0.7940880609114912,8.0,6.0,6.861528565434444,1.7450465425504358,3.0,3.0,3.0,1.0,0.8725232712752179
5.109066695457834,3.0205428131068413,0.6695222808895437,8.0,6.0,4.151464861930109,0.1309544660092707,1.7980887546420752,1.9985856317329693,2.3602581993399956,0.25,-1.5707963267948966
6.744052303728259,4.69424311798448,-2.6177422822018195,8.0,6.0,1.8117410550907063,-2.8606035447966325,2.529961661069091,0.3439169098974027,1.390276097143671,0.25,-1.5707963267948966
5.939384114118324,4.2441737530347865,2.078888854954345,8.0,6.0,2.707224342140834,-1.3731837973887961,0.9920578283112894,2.338339747330842,1.627523721003186,0.25,-1.5707963267948966
5.57795209448378,3.187269261858173,0.47443561866212053,8.0,6.0,3.711841896135041,0.38545659906614965,1.1416740546925195,2.7492706733409595,1.9224812523503667,0.25,-1.5707963267948966
7.879991246493418,6.90190743777119,-2.634307268325145,8.0,6.0,0.9098566520200846,1.1957949400851033,0.7784236882169473,2.5344511797204765,3.0,0.25,-1.5707963267948966
0.3627929323960739,4.025858879460102,0.12976316912764743,8.0,6.0,7.888229519814056,0.12318991705324418,1.8538268188060798,2.505834504213904,0.5740554404667247,0.25,-1.5707963267948966
3.3851338309210757,5.597552822995467,-1.7576905506722913,8.0,6.0,4.632380974055146,1.8446771691319448,0.011793178259005388,0.029383662522369403,0.011863841038999845,0.25,-1.5707963267948966
5.22919632233886,0.28495980378021013,-2.384334697222529,8.0,6.0,6.351302029076277,-2.779489679307878,3.0,3.0,3.0,1.0,-1.389744839653939
-0.12984156934054136,4.375341147384689,-0.4633637566539638,8.0,6.0,8.290587453851431,0.6606044381659293,3.0,2.590832759004117,1.3708426838780166,0.1,0.0
5.383189933167757,2.690116137225454,-2.747073414470649,8.0,6.0,4.219363235244143,-2.634301414697817,3.0,1.2805388811751643,0.7395347240129105,0.1,0.0
0.006200728162283564,4.098288930700341,-2.6756664735026665,8.0,6.0,8.216893073998836,2.909223251096498,3.0,3.0,3.0,1.0,1.454611625548249
-0.16038704584813301,0.8356713354208676,-0.6187385866464516,8.0,6.0,9.657236006945242,1.1829653663466195,3.0,3.0,3.0,1.0,0.5914826831733098
2.5694088500598866,6.354989993406789,-1.8045439850301705,8.0,6.0,5.4421813763625,1.739268281890278,3.0,0.7696946030479218,0.14065136277481916,0.1,0.0
3.0324920010963705,-0.4624735786186882,-2.1918174290934327,8.0,6.0,8.15105517546754,3.107270682363993,3.0,3.0,3.0,1.0,1.5536353411819965
4.210724153975309,5.499092093801193,0.05047500211263136,8.0,6.0,3.822240202781428,0.08095391605240361,0.18957975066415578,0.39632520915667535,0.30351822450296634,0.25,-1.5707963267948966
7.873729134458316,6.602689355668661,2.900955160128747,8.0,6.0,0.6157749515212132,2.0179589194123717,0.7550852031916833,0.9110032106680781,3.0,0.25,-1.5707963267948966
-0.9685398464893206,6.421915912835541,0.23426369246538234,8.0,6.0,8.978458665916468,-0.28127302510080243,3.0,3.0,1.334196047053553,0.5,1.2217304763960306
5.125791068046862,3.297463308378757,1.2115352503370522,8.0,6.0,3.9452226241466137,-0.45691095677564286,2.7998777204129572,3.0,1.5155672656652348,0.25,1.5707963267948966
3.8131403578802985,5.846776604020387,1.4231403916554655,8.0,6.0,4.1896624054792575,-1.38656045808626,3.0,3.0,3.0,1.0,-0.69328022904313
0.5449973271125632,6.5411210355941956,-2.017074204457016,8.0,6.0,7.474615496995237,1.9446163208415097,3.0,0.8727477439739629,3.0,0.5,-1.2217304763960306
7.224103355090287,3.2922731135948426,-2.6285636224345406,8.0,6.0,2.8167002848978298,-2.3628966364743498,3.0,3.0,3.0,1.0,-1.1814483182371749
2.515548219503754,2.549805191037688,-0.38346128093298315,8.0,6.0,6.47943327401239,0.9449938379314591,3.0,0.8623315777955152,3.0,0.5,-1.2217304763960306
7.940777680764498,0.7910735494519123,0.32896613797245716,8.0,6.0,5.209263100508087,1.2304612881011046,3.0,3.0,3.0,1.0,0.6152306440505523
6.1969941729814195,0.3138171000264496,2.9495115243206804,8.0,6.0,5.965191194271527,-1.6857720811967314,3.0,3.0,2.8326915021902987,0.5,1.2217304763960306
2.7130670783614135,0.5193273524495448,0.2990267732159015,8.0,6.0,7.61507927650879,0.5043622816101554,1.4237886651108278,2.0948808634290415,3.0,0.25,-1.5707963267948966
4.757983244580453,1.8444298099437235,-0.17790075319900364,8.0,6.0,5.270620100795109,1.0861702516508773,0.8618069607775825,2.972388451532962,3.0,0.25,-1.5707963267948966
5.379555431598323,3.4679029281000986,0.6391257319309409,8.0,6.0,3.643932671934253,0.1291277199478066,3.0,2.949214313924681,2.5642831532984305,0.1,0.0
3.3434782298849735,-0.9774609825043852,-1.1993466002017672,8.0,6.0,8.388572986982126,2.1816561727561607,3.0,3.0,3.0,1.0,1.0908280863780804
6.083764093723173,-0.8076368578082755,-2.569866046823001,8.0,6.0,7.072190582577248,-2.416906545177961,3.0,3.0,3.0,1.0,-1.2084532725889805
7.179903279161554,3.170952629685873,-2.748362202882994,8.0,6.0,2.9455165344997214,-2.246177570909575,3.0,3.0,3.0,1.0,-1.1230887854547875
3.669933678151178,1.0872122390579042,2.791802502175216,8.0,6.0,6.548660774209627,-1.9434420532546892,3.0,3.0,2.7716193902783095,0.5,1.2217304763960306
4.618129590274491,6.995483986564866,0.05388037981021635,8.0,6.0,3.5253419459229853,-0.34015394249264297,1.485507618987492,3.0,3.0,0.1,0.8726646259971648
4.341489224742717,4.245039407910622,-1.3301272684931595,8.0,6.0,4.05765791713155,1.7773973865007173,0.8193670485444207,3.0,0.6373783909681027,0.25,1.5707963267948966
1.7254184788559002,5.1665700674780295,1.4390565477668764,8.0,6.0,6.32969025449955,-1.3070031494187155,0.8674523084423096,3.0,3.0,0.1,0.8726646259971648
5.539137691321763,6.126259756860223,-1.1948973341735638,8.0,6.0,2.4640991920934487,1.1436351642089606,3.0,3.0,0.2415357047654183,0.5,1.2217304763960306
7.643729683489905,6.411767924228929,2.795735606885589,8.0,6.0,0.5445010209815996,2.6299179953115415,0.47572021148719157,0.5863206601445566,3.0,0.25,-1.5707963267948966
4.814059746978348,-0.3434033584966478,-2.7502453062464833,8.0,6.0,7.09851966711442,-2.427585371903031,3.0,3.0,3.0,1.0,-1.2137926859515156
5.09026807273553,3.41040075739277,1.6341420458852016,8.0,6.0,3.8951975721205914,-0.906891280978588,1.4926077536971403,1.9451362647368615,3.0,0.25,-1.5707963267948966
0.6169357251125565,3.849915125195994,0.3078198511054546,8.0,6.0,7.689766124920849,-0.02443882562365062,2.02779470715806,2.4893712359583438,0.3370891536007227,0.25,-1.5707963267948966
1.1841732639288445,0.7674685270832136,2.8386376270603586,8.0,6.0,8.592722485406304,-2.1839024574347348,3.0,3.0,3.0,1.0,-1.0919512287173674
5.496437005225488,2.6210998616062726,-3.1228959339959594,8.0,6.0,4.205329215892791,-2.227170633554727,0.9194382662227868,1.2928345362056541,2.7485836114635394,0.25,-1.5707963267948966
2.0664386511325903,1.0701155084938758,-2.1660285335418306,8.0,6.0,7.714331557585909,2.859297953797489,3.0,3.0,3.0,1.0,1.4296489768987446
2.4006703691323112,0.9068967388047495,-1.174731164296233,8.0,6.0,7.5691606631323785,1.9128202962349776,3.0,3.0,3.0,1.0,0.9564101481174888
0.12475834331700364,-0.23497137254583578,-2.62920769894703,8.0,6.0,10.044615431544468,-2.984307044980119,3.0,3.0,3.0,1.0,-1.4921535224900595
4.568935882367744,0.36151966887394593,-0.8647799308650147,8.0,6.0,6.600353128719629,1.8889238670156634,3.0,3.0,3.0,1.0,0.9444619335078317
-0.7695117390958082,4.090227911933459,-2.579407214654307,8.0,6.0,8.975052399317635,2.7938333429166287,3.0,3.0,3.0,1.0,1.3969166714583143
-0.9070657541827489,6.594159496229111,-1.5556097674316416,8.0,6.0,8.926860918390872,1.4890019115286668,3.0,1.4221915396056912,3.0,0.5,-1.2217304763960306
6.435894330861943,4.879560159224316,-0.16233392865615068,8.0,6.0,1.924009350556085,0.7839459068781226,3.0,3.0,0.546505904707675,0.5,1.2217304763960306
7.268045851771799,1.9767298081766027,0.3649123194042172,8.0,6.0,4.089310444503223,1.0259221248377925,0.31534270538329956,0.3848821511483158,3.0,0.25,-1.5707963267948966
-0.16156926361603308,2.0484882436579976,-1.3184974054240044,8.0,6.0,9.067836456691918,1.7693935373847591,3.0,3.0,3.0,1.0,0.8846967686923796
7.120483292597783,3.1609371987589183,-1.6827230974368925,8.0,6.0,2.972175504237678,2.953104247650409,3.0,0.5320499922708981,1.145516149864773,0.1,0.0
3.72520965222565,6.1364148268255505,-1.8511046198005157,8.0,6.0,4.276966392479907,1.8192039794486135,0.7064462405915682,3.0,0.9092524037690863,0.25,1.5707963267948966
7.177867950520973,2.303299106332031,0.5697217094496755,8.0,6.0,3.7870171116627063,0.7822399338560855,0.26657477467701873,3.0,0.2871620281220359,0.25,1.5707963267948966
2.1185336136676707,0.3387266330092844,-0.5773323995244429,8.0,6.0,8.163434509405674,1.343656554495879,3.0,2.1516934838862842,3.0,0.5,-1.2217304763960306
2.749618606613407,0.8388598601360533,-0.8970831280638847,8.0,6.0,7.362327914412329,1.6739101073311835,3.0,3.0,3.0,1.0,0.8369550536655918
0.012494124234831983,2.957229078811805,-2.775144080811614,8.0,6.0,8.547438504851119,3.139113366021837,3.0,3.0,3.0,1.0,1.5695566830109184
7.692442642633882,4.008285721653859,1.1475742664124287,8.0,6.0,2.0153206431329775,0.2700137527082936,3.0,2.0922168878647325,3.0,0.5,-1.2217304763960306
2.464756612849953,0.8738490821573199,1.434929878327707,8.0,6.0,7.5442920534326925,-0.6878842846998993,3.0,1.889366662462344,3.0,0.5,-1.2217304763960306
0.9865772317857879,4.341656590923119,1.2122464803657063,8.0,6.0,7.206816342056612,-0.9800582038186384,1.9148719892124222,0.8575376533560171,1.4456985336598656,0.25,-1.5707963267948966
